[2026-05-07 14:43:49] local.ERROR: SQLSTATE[HY000]: General error: 1 table "trending_searches" already exists (Connection: sqlite, SQL: create table "trending_searches" ("id" integer primary key autoincrement not null, "query" varchar not null, "count" integer not null default '1', "trend_date" date not null, "created_at" datetime, "updated_at" datetime)) {"exception":"[object] (Illuminate\\Database\\QueryException(code: HY000): SQLSTATE[HY000]: General error: 1 table \"trending_searches\" already exists (Connection: sqlite, SQL: create table \"trending_searches\" (\"id\" integer primary key autoincrement not null, \"query\" varchar not null, \"count\" integer not null default '1', \"trend_date\" date not null, \"created_at\" datetime, \"updated_at\" datetime)) at C:/Users/ASUS/Downloads/YG Soft1/yg-home/vendor/laravel/framework/src/Illuminate/Database/Connection.php:825)
[stacktrace]
#0 C:/Users/ASUS/Downloads/YG Soft1/yg-home/vendor/laravel/framework/src/Illuminate/Database/Connection.php(779): Illuminate/Database/Connection->runQueryCallback()
#1 C:/Users/ASUS/Downloads/YG Soft1/yg-home/vendor/laravel/framework/src/Illuminate/Database/Connection.php(560): Illuminate/Database/Connection->run()
#2 C:/Users/ASUS/Downloads/YG Soft1/yg-home/vendor/laravel/framework/src/Illuminate/Database/Schema/Blueprint.php(118): Illuminate/Database/Connection->statement()
#3 C:/Users/ASUS/Downloads/YG Soft1/yg-home/vendor/laravel/framework/src/Illuminate/Database/Schema/Builder.php(564): Illuminate/Database/Schema/Blueprint->build()
#4 C:/Users/ASUS/Downloads/YG Soft1/yg-home/vendor/laravel/framework/src/Illuminate/Database/Schema/Builder.php(418): Illuminate/Database/Schema/Builder->build()
#5 C:/Users/ASUS/Downloads/YG Soft1/yg-home/vendor/laravel/framework/src/Illuminate/Support/Facades/Facade.php(361): Illuminate/Database/Schema/Builder->create()
#6 C:/Users/ASUS/Downloads/YG Soft1/yg-home/database/migrations/2026_05_07_144220_add_search_analytics_tables.php(14): Illuminate/Support/Facades/Facade::__callStatic()
#7 C:/Users/ASUS/Downloads/YG Soft1/yg-home/vendor/laravel/framework/src/Illuminate/Database/Migrations/Migrator.php(507): Illuminate/Database/Migrations/Migration@anonymous->up()
#8 C:/Users/ASUS/Downloads/YG Soft1/yg-home/vendor/laravel/framework/src/Illuminate/Database/Migrations/Migrator.php(432): Illuminate/Database/Migrations/Migrator->runMethod()
#9 C:/Users/ASUS/Downloads/YG Soft1/yg-home/vendor/laravel/framework/src/Illuminate/Database/Migrations/Migrator.php(441): Illuminate/Database/Migrations/Migrator->Illuminate/Database/Migrations/{closure}()
#10 C:/Users/ASUS/Downloads/YG Soft1/yg-home/vendor/laravel/framework/src/Illuminate/Database/Migrations/Migrator.php(244): Illuminate/Database/Migrations/Migrator->runMigration()
#11 C:/Users/ASUS/Downloads/YG Soft1/yg-home/vendor/laravel/framework/src/Illuminate/Console/View/Components/Task.php(40): Illuminate/Database/Migrations/Migrator->Illuminate/Database/Migrations/{closure}()
#12 C:/Users/ASUS/Downloads/YG Soft1/yg-home/vendor/laravel/framework/src/Illuminate/Database/Migrations/Migrator.php(798): Illuminate/Console/View/Components/Task->render()
#13 C:/Users/ASUS/Downloads/YG Soft1/yg-home/vendor/laravel/framework/src/Illuminate/Database/Migrations/Migrator.php(244): Illuminate/Database/Migrations/Migrator->write()
#14 C:/Users/ASUS/Downloads/YG Soft1/yg-home/vendor/laravel/framework/src/Illuminate/Database/Migrations/Migrator.php(211): Illuminate/Database/Migrations/Migrator->runUp()
#15 C:/Users/ASUS/Downloads/YG Soft1/yg-home/vendor/laravel/framework/src/Illuminate/Database/Migrations/Migrator.php(138): Illuminate/Database/Migrations/Migrator->runPending()
#16 C:/Users/ASUS/Downloads/YG Soft1/yg-home/vendor/laravel/framework/src/Illuminate/Database/Console/Migrations/MigrateCommand.php(117): Illuminate/Database/Migrations/Migrator->run()
#17 C:/Users/ASUS/Downloads/YG Soft1/yg-home/vendor/laravel/framework/src/Illuminate/Database/Migrations/Migrator.php(658): Illuminate/Database/Console/Migrations/MigrateCommand->Illuminate/Database/Console/Migrations/{closure}()
#18 C:/Users/ASUS/Downloads/YG Soft1/yg-home/vendor/laravel/framework/src/Illuminate/Database/Console/Migrations/MigrateCommand.php(110): Illuminate/Database/Migrations/Migrator->usingConnection()
#19 C:/Users/ASUS/Downloads/YG Soft1/yg-home/vendor/laravel/framework/src/Illuminate/Database/Console/Migrations/MigrateCommand.php(89): Illuminate/Database/Console/Migrations/MigrateCommand->runMigrations()
#20 C:/Users/ASUS/Downloads/YG Soft1/yg-home/vendor/laravel/framework/src/Illuminate/Container/BoundMethod.php(36): Illuminate/Database/Console/Migrations/MigrateCommand->handle()
#21 C:/Users/ASUS/Downloads/YG Soft1/yg-home/vendor/laravel/framework/src/Illuminate/Container/Util.php(43): Illuminate/Container/BoundMethod::Illuminate/Container/{closure}()
#22 C:/Users/ASUS/Downloads/YG Soft1/yg-home/vendor/laravel/framework/src/Illuminate/Container/BoundMethod.php(95): Illuminate/Container/Util::unwrapIfClosure()
#23 C:/Users/ASUS/Downloads/YG Soft1/yg-home/vendor/laravel/framework/src/Illuminate/Container/BoundMethod.php(35): Illuminate/Container/BoundMethod::callBoundMethod()
#24 C:/Users/ASUS/Downloads/YG Soft1/yg-home/vendor/laravel/framework/src/Illuminate/Container/Container.php(696): Illuminate/Container/BoundMethod::call()
#25 C:/Users/ASUS/Downloads/YG Soft1/yg-home/vendor/laravel/framework/src/Illuminate/Console/Command.php(213): Illuminate/Container/Container->call()
#26 C:/Users/ASUS/Downloads/YG Soft1/yg-home/vendor/symfony/console/Command/Command.php(341): Illuminate/Console/Command->execute()
#27 C:/Users/ASUS/Downloads/YG Soft1/yg-home/vendor/laravel/framework/src/Illuminate/Console/Command.php(182): Symfony/Component/Console/Command/Command->run()
#28 C:/Users/ASUS/Downloads/YG Soft1/yg-home/vendor/symfony/console/Application.php(1117): Illuminate/Console/Command->run()
#29 C:/Users/ASUS/Downloads/YG Soft1/yg-home/vendor/symfony/console/Application.php(356): Symfony/Component/Console/Application->doRunCommand()
#30 C:/Users/ASUS/Downloads/YG Soft1/yg-home/vendor/symfony/console/Application.php(195): Symfony/Component/Console/Application->doRun()
#31 C:/Users/ASUS/Downloads/YG Soft1/yg-home/vendor/laravel/framework/src/Illuminate/Foundation/Console/Kernel.php(198): Symfony/Component/Console/Application->run()
#32 C:/Users/ASUS/Downloads/YG Soft1/yg-home/artisan(24): Illuminate/Foundation/Console/Kernel->handle()
#33 {main}

[previous exception] [object] (PDOException(code: HY000): SQLSTATE[HY000]: General error: 1 table \"trending_searches\" already exists at C:/Users/ASUS/Downloads/YG Soft1/yg-home/vendor/laravel/framework/src/Illuminate/Database/Connection.php:565)
[stacktrace]
#0 C:/Users/ASUS/Downloads/YG Soft1/yg-home/vendor/laravel/framework/src/Illuminate/Database/Connection.php(565): PDO->prepare()
#1 C:/Users/ASUS/Downloads/YG Soft1/yg-home/vendor/laravel/framework/src/Illuminate/Database/Connection.php(812): Illuminate/Database/Connection->Illuminate/Database/{closure}()
#2 C:/Users/ASUS/Downloads/YG Soft1/yg-home/vendor/laravel/framework/src/Illuminate/Database/Connection.php(779): Illuminate/Database/Connection->runQueryCallback()
#3 C:/Users/ASUS/Downloads/YG Soft1/yg-home/vendor/laravel/framework/src/Illuminate/Database/Connection.php(560): Illuminate/Database/Connection->run()
#4 C:/Users/ASUS/Downloads/YG Soft1/yg-home/vendor/laravel/framework/src/Illuminate/Database/Schema/Blueprint.php(118): Illuminate/Database/Connection->statement()
#5 C:/Users/ASUS/Downloads/YG Soft1/yg-home/vendor/laravel/framework/src/Illuminate/Database/Schema/Builder.php(564): Illuminate/Database/Schema/Blueprint->build()
#6 C:/Users/ASUS/Downloads/YG Soft1/yg-home/vendor/laravel/framework/src/Illuminate/Database/Schema/Builder.php(418): Illuminate/Database/Schema/Builder->build()
#7 C:/Users/ASUS/Downloads/YG Soft1/yg-home/vendor/laravel/framework/src/Illuminate/Support/Facades/Facade.php(361): Illuminate/Database/Schema/Builder->create()
#8 C:/Users/ASUS/Downloads/YG Soft1/yg-home/database/migrations/2026_05_07_144220_add_search_analytics_tables.php(14): Illuminate/Support/Facades/Facade::__callStatic()
#9 C:/Users/ASUS/Downloads/YG Soft1/yg-home/vendor/laravel/framework/src/Illuminate/Database/Migrations/Migrator.php(507): Illuminate/Database/Migrations/Migration@anonymous->up()
#10 C:/Users/ASUS/Downloads/YG Soft1/yg-home/vendor/laravel/framework/src/Illuminate/Database/Migrations/Migrator.php(432): Illuminate/Database/Migrations/Migrator->runMethod()
#11 C:/Users/ASUS/Downloads/YG Soft1/yg-home/vendor/laravel/framework/src/Illuminate/Database/Migrations/Migrator.php(441): Illuminate/Database/Migrations/Migrator->Illuminate/Database/Migrations/{closure}()
#12 C:/Users/ASUS/Downloads/YG Soft1/yg-home/vendor/laravel/framework/src/Illuminate/Database/Migrations/Migrator.php(244): Illuminate/Database/Migrations/Migrator->runMigration()
#13 C:/Users/ASUS/Downloads/YG Soft1/yg-home/vendor/laravel/framework/src/Illuminate/Console/View/Components/Task.php(40): Illuminate/Database/Migrations/Migrator->Illuminate/Database/Migrations/{closure}()
#14 C:/Users/ASUS/Downloads/YG Soft1/yg-home/vendor/laravel/framework/src/Illuminate/Database/Migrations/Migrator.php(798): Illuminate/Console/View/Components/Task->render()
#15 C:/Users/ASUS/Downloads/YG Soft1/yg-home/vendor/laravel/framework/src/Illuminate/Database/Migrations/Migrator.php(244): Illuminate/Database/Migrations/Migrator->write()
#16 C:/Users/ASUS/Downloads/YG Soft1/yg-home/vendor/laravel/framework/src/Illuminate/Database/Migrations/Migrator.php(211): Illuminate/Database/Migrations/Migrator->runUp()
#17 C:/Users/ASUS/Downloads/YG Soft1/yg-home/vendor/laravel/framework/src/Illuminate/Database/Migrations/Migrator.php(138): Illuminate/Database/Migrations/Migrator->runPending()
#18 C:/Users/ASUS/Downloads/YG Soft1/yg-home/vendor/laravel/framework/src/Illuminate/Database/Console/Migrations/MigrateCommand.php(117): Illuminate/Database/Migrations/Migrator->run()
#19 C:/Users/ASUS/Downloads/YG Soft1/yg-home/vendor/laravel/framework/src/Illuminate/Database/Migrations/Migrator.php(658): Illuminate/Database/Console/Migrations/MigrateCommand->Illuminate/Database/Console/Migrations/{closure}()
#20 C:/Users/ASUS/Downloads/YG Soft1/yg-home/vendor/laravel/framework/src/Illuminate/Database/Console/Migrations/MigrateCommand.php(110): Illuminate/Database/Migrations/Migrator->usingConnection()
#21 C:/Users/ASUS/Downloads/YG Soft1/yg-home/vendor/laravel/framework/src/Illuminate/Database/Console/Migrations/MigrateCommand.php(89): Illuminate/Database/Console/Migrations/MigrateCommand->runMigrations()
#22 C:/Users/ASUS/Downloads/YG Soft1/yg-home/vendor/laravel/framework/src/Illuminate/Container/BoundMethod.php(36): Illuminate/Database/Console/Migrations/MigrateCommand->handle()
#23 C:/Users/ASUS/Downloads/YG Soft1/yg-home/vendor/laravel/framework/src/Illuminate/Container/Util.php(43): Illuminate/Container/BoundMethod::Illuminate/Container/{closure}()
#24 C:/Users/ASUS/Downloads/YG Soft1/yg-home/vendor/laravel/framework/src/Illuminate/Container/BoundMethod.php(95): Illuminate/Container/Util::unwrapIfClosure()
#25 C:/Users/ASUS/Downloads/YG Soft1/yg-home/vendor/laravel/framework/src/Illuminate/Container/BoundMethod.php(35): Illuminate/Container/BoundMethod::callBoundMethod()
#26 C:/Users/ASUS/Downloads/YG Soft1/yg-home/vendor/laravel/framework/src/Illuminate/Container/Container.php(696): Illuminate/Container/BoundMethod::call()
#27 C:/Users/ASUS/Downloads/YG Soft1/yg-home/vendor/laravel/framework/src/Illuminate/Console/Command.php(213): Illuminate/Container/Container->call()
#28 C:/Users/ASUS/Downloads/YG Soft1/yg-home/vendor/symfony/console/Command/Command.php(341): Illuminate/Console/Command->execute()
#29 C:/Users/ASUS/Downloads/YG Soft1/yg-home/vendor/laravel/framework/src/Illuminate/Console/Command.php(182): Symfony/Component/Console/Command/Command->run()
#30 C:/Users/ASUS/Downloads/YG Soft1/yg-home/vendor/symfony/console/Application.php(1117): Illuminate/Console/Command->run()
#31 C:/Users/ASUS/Downloads/YG Soft1/yg-home/vendor/symfony/console/Application.php(356): Symfony/Component/Console/Application->doRunCommand()
#32 C:/Users/ASUS/Downloads/YG Soft1/yg-home/vendor/symfony/console/Application.php(195): Symfony/Component/Console/Application->doRun()
#33 C:/Users/ASUS/Downloads/YG Soft1/yg-home/vendor/laravel/framework/src/Illuminate/Foundation/Console/Kernel.php(198): Symfony/Component/Console/Application->run()
#34 C:/Users/ASUS/Downloads/YG Soft1/yg-home/artisan(24): Illuminate/Foundation/Console/Kernel->handle()
#35 {main}
"} 
[2026-05-08 14:26:14] local.ERROR: View path not found. {"exception":"[object] (RuntimeException(code: 0): View path not found. at C:/Users/ASUS/Downloads/YG Soft1/yg-home/vendor/laravel/framework/src/Illuminate/Foundation/Console/ViewClearCommand.php:59)
[stacktrace]
#0 C:/Users/ASUS/Downloads/YG Soft1/yg-home/vendor/laravel/framework/src/Illuminate/Container/BoundMethod.php(36): Illuminate/Foundation/Console/ViewClearCommand->handle()
#1 C:/Users/ASUS/Downloads/YG Soft1/yg-home/vendor/laravel/framework/src/Illuminate/Container/Util.php(43): Illuminate/Container/BoundMethod::Illuminate/Container/{closure}()
#2 C:/Users/ASUS/Downloads/YG Soft1/yg-home/vendor/laravel/framework/src/Illuminate/Container/BoundMethod.php(95): Illuminate/Container/Util::unwrapIfClosure()
#3 C:/Users/ASUS/Downloads/YG Soft1/yg-home/vendor/laravel/framework/src/Illuminate/Container/BoundMethod.php(35): Illuminate/Container/BoundMethod::callBoundMethod()
#4 C:/Users/ASUS/Downloads/YG Soft1/yg-home/vendor/laravel/framework/src/Illuminate/Container/Container.php(696): Illuminate/Container/BoundMethod::call()
#5 C:/Users/ASUS/Downloads/YG Soft1/yg-home/vendor/laravel/framework/src/Illuminate/Console/Command.php(213): Illuminate/Container/Container->call()
#6 C:/Users/ASUS/Downloads/YG Soft1/yg-home/vendor/symfony/console/Command/Command.php(341): Illuminate/Console/Command->execute()
#7 C:/Users/ASUS/Downloads/YG Soft1/yg-home/vendor/laravel/framework/src/Illuminate/Console/Command.php(182): Symfony/Component/Console/Command/Command->run()
#8 C:/Users/ASUS/Downloads/YG Soft1/yg-home/vendor/symfony/console/Application.php(1117): Illuminate/Console/Command->run()
#9 C:/Users/ASUS/Downloads/YG Soft1/yg-home/vendor/symfony/console/Application.php(356): Symfony/Component/Console/Application->doRunCommand()
#10 C:/Users/ASUS/Downloads/YG Soft1/yg-home/vendor/symfony/console/Application.php(195): Symfony/Component/Console/Application->doRun()
#11 C:/Users/ASUS/Downloads/YG Soft1/yg-home/vendor/laravel/framework/src/Illuminate/Foundation/Console/Kernel.php(198): Symfony/Component/Console/Application->run()
#12 C:/Users/ASUS/Downloads/YG Soft1/yg-home/artisan(24): Illuminate/Foundation/Console/Kernel->handle()
#13 {main}
"} 
[2026-05-08 14:39:52] local.ERROR: Please provide a valid cache path. {"exception":"[object] (InvalidArgumentException(code: 0): Please provide a valid cache path. at C:/Users/ASUS/Downloads/YG Soft1/yg-home/vendor/laravel/framework/src/Illuminate/View/Compilers/Compiler.php:67)
[stacktrace]
#0 C:/Users/ASUS/Downloads/YG Soft1/yg-home/vendor/laravel/framework/src/Illuminate/View/ViewServiceProvider.php(97): Illuminate/View/Compilers/Compiler->__construct()
#1 C:/Users/ASUS/Downloads/YG Soft1/yg-home/vendor/laravel/framework/src/Illuminate/Container/Container.php(952): Illuminate/View/ViewServiceProvider->Illuminate/View/{closure}()
#2 C:/Users/ASUS/Downloads/YG Soft1/yg-home/vendor/laravel/framework/src/Illuminate/Container/Container.php(832): Illuminate/Container/Container->build()
#3 C:/Users/ASUS/Downloads/YG Soft1/yg-home/vendor/laravel/framework/src/Illuminate/Foundation/Application.php(1078): Illuminate/Container/Container->resolve()
#4 C:/Users/ASUS/Downloads/YG Soft1/yg-home/vendor/laravel/framework/src/Illuminate/Container/Container.php(763): Illuminate/Foundation/Application->resolve()
#5 C:/Users/ASUS/Downloads/YG Soft1/yg-home/vendor/laravel/framework/src/Illuminate/Foundation/Application.php(1058): Illuminate/Container/Container->make()
#6 C:/Users/ASUS/Downloads/YG Soft1/yg-home/vendor/laravel/framework/src/Illuminate/View/ViewServiceProvider.php(168): Illuminate/Foundation/Application->make()
#7 [internal function]: Illuminate/View/ViewServiceProvider->Illuminate/View/{closure}()
#8 C:/Users/ASUS/Downloads/YG Soft1/yg-home/vendor/laravel/framework/src/Illuminate/View/Engines/EngineResolver.php(55): call_user_func()
#9 C:/Users/ASUS/Downloads/YG Soft1/yg-home/vendor/laravel/framework/src/Illuminate/View/Factory.php(326): Illuminate/View/Engines/EngineResolver->resolve()
#10 C:/Users/ASUS/Downloads/YG Soft1/yg-home/vendor/laravel/framework/src/Illuminate/View/Factory.php(288): Illuminate/View/Factory->getEngineFromPath()
#11 C:/Users/ASUS/Downloads/YG Soft1/yg-home/vendor/laravel/framework/src/Illuminate/View/Factory.php(160): Illuminate/View/Factory->viewInstance()
#12 C:/Users/ASUS/Downloads/YG Soft1/yg-home/vendor/laravel/framework/src/Illuminate/Routing/ResponseFactory.php(90): Illuminate/View/Factory->make()
#13 C:/Users/ASUS/Downloads/YG Soft1/yg-home/vendor/laravel/framework/src/Illuminate/Foundation/Exceptions/Handler.php(894): Illuminate/Routing/ResponseFactory->view()
#14 C:/Users/ASUS/Downloads/YG Soft1/yg-home/vendor/laravel/framework/src/Illuminate/Foundation/Exceptions/Handler.php(815): Illuminate/Foundation/Exceptions/Handler->renderHttpException()
#15 C:/Users/ASUS/Downloads/YG Soft1/yg-home/vendor/laravel/framework/src/Illuminate/Foundation/Exceptions/Handler.php(706): Illuminate/Foundation/Exceptions/Handler->prepareResponse()
#16 C:/Users/ASUS/Downloads/YG Soft1/yg-home/vendor/laravel/framework/src/Illuminate/Foundation/Exceptions/Handler.php(594): Illuminate/Foundation/Exceptions/Handler->renderExceptionResponse()
#17 C:/Users/ASUS/Downloads/YG Soft1/yg-home/vendor/laravel/framework/src/Illuminate/Routing/Pipeline.php(51): Illuminate/Foundation/Exceptions/Handler->render()
#18 C:/Users/ASUS/Downloads/YG Soft1/yg-home/vendor/laravel/framework/src/Illuminate/Pipeline/Pipeline.php(172): Illuminate/Routing/Pipeline->handleException()
#19 C:/Users/ASUS/Downloads/YG Soft1/yg-home/vendor/laravel/framework/src/Illuminate/Foundation/Http/Middleware/TransformsRequest.php(21): Illuminate/Pipeline/Pipeline->Illuminate/Pipeline/{closure}()
#20 C:/Users/ASUS/Downloads/YG Soft1/yg-home/vendor/laravel/framework/src/Illuminate/Foundation/Http/Middleware/ConvertEmptyStringsToNull.php(31): Illuminate/Foundation/Http/Middleware/TransformsRequest->handle()
#21 C:/Users/ASUS/Downloads/YG Soft1/yg-home/vendor/laravel/framework/src/Illuminate/Pipeline/Pipeline.php(209): Illuminate/Foundation/Http/Middleware/ConvertEmptyStringsToNull->handle()
#22 C:/Users/ASUS/Downloads/YG Soft1/yg-home/vendor/laravel/framework/src/Illuminate/Foundation/Http/Middleware/TransformsRequest.php(21): Illuminate/Pipeline/Pipeline->Illuminate/Pipeline/{closure}()
#23 C:/Users/ASUS/Downloads/YG Soft1/yg-home/vendor/laravel/framework/src/Illuminate/Foundation/Http/Middleware/TrimStrings.php(51): Illuminate/Foundation/Http/Middleware/TransformsRequest->handle()
#24 C:/Users/ASUS/Downloads/YG Soft1/yg-home/vendor/laravel/framework/src/Illuminate/Pipeline/Pipeline.php(209): Illuminate/Foundation/Http/Middleware/TrimStrings->handle()
#25 C:/Users/ASUS/Downloads/YG Soft1/yg-home/vendor/laravel/framework/src/Illuminate/Http/Middleware/ValidatePostSize.php(27): Illuminate/Pipeline/Pipeline->Illuminate/Pipeline/{closure}()
#26 C:/Users/ASUS/Downloads/YG Soft1/yg-home/vendor/laravel/framework/src/Illuminate/Pipeline/Pipeline.php(209): Illuminate/Http/Middleware/ValidatePostSize->handle()
#27 C:/Users/ASUS/Downloads/YG Soft1/yg-home/vendor/laravel/framework/src/Illuminate/Foundation/Http/Middleware/PreventRequestsDuringMaintenance.php(110): Illuminate/Pipeline/Pipeline->Illuminate/Pipeline/{closure}()
#28 C:/Users/ASUS/Downloads/YG Soft1/yg-home/vendor/laravel/framework/src/Illuminate/Pipeline/Pipeline.php(209): Illuminate/Foundation/Http/Middleware/PreventRequestsDuringMaintenance->handle()
#29 C:/Users/ASUS/Downloads/YG Soft1/yg-home/vendor/laravel/framework/src/Illuminate/Http/Middleware/HandleCors.php(49): Illuminate/Pipeline/Pipeline->Illuminate/Pipeline/{closure}()
#30 C:/Users/ASUS/Downloads/YG Soft1/yg-home/vendor/laravel/framework/src/Illuminate/Pipeline/Pipeline.php(209): Illuminate/Http/Middleware/HandleCors->handle()
#31 C:/Users/ASUS/Downloads/YG Soft1/yg-home/vendor/laravel/framework/src/Illuminate/Http/Middleware/TrustProxies.php(58): Illuminate/Pipeline/Pipeline->Illuminate/Pipeline/{closure}()
#32 C:/Users/ASUS/Downloads/YG Soft1/yg-home/vendor/laravel/framework/src/Illuminate/Pipeline/Pipeline.php(209): Illuminate/Http/Middleware/TrustProxies->handle()
#33 C:/Users/ASUS/Downloads/YG Soft1/yg-home/vendor/laravel/framework/src/Illuminate/Foundation/Http/Middleware/InvokeDeferredCallbacks.php(22): Illuminate/Pipeline/Pipeline->Illuminate/Pipeline/{closure}()
#34 C:/Users/ASUS/Downloads/YG Soft1/yg-home/vendor/laravel/framework/src/Illuminate/Pipeline/Pipeline.php(209): Illuminate/Foundation/Http/Middleware/InvokeDeferredCallbacks->handle()
#35 C:/Users/ASUS/Downloads/YG Soft1/yg-home/vendor/laravel/framework/src/Illuminate/Pipeline/Pipeline.php(127): Illuminate/Pipeline/Pipeline->Illuminate/Pipeline/{closure}()
#36 C:/Users/ASUS/Downloads/YG Soft1/yg-home/vendor/laravel/framework/src/Illuminate/Foundation/Http/Kernel.php(176): Illuminate/Pipeline/Pipeline->then()
#37 C:/Users/ASUS/Downloads/YG Soft1/yg-home/vendor/laravel/framework/src/Illuminate/Foundation/Http/Kernel.php(145): Illuminate/Foundation/Http/Kernel->sendRequestThroughRouter()
#38 C:/Users/ASUS/Downloads/YG Soft1/yg-home/vendor/laravel/framework/src/Illuminate/Foundation/Application.php(1220): Illuminate/Foundation/Http/Kernel->handle()
#39 C:/Users/ASUS/Downloads/YG Soft1/yg-home/public/index.php(17): Illuminate/Foundation/Application->handleRequest()
#40 C:/Users/ASUS/Downloads/YG Soft1/yg-home/vendor/laravel/framework/src/Illuminate/Foundation/resources/server.php(23): require_once('...')
#41 {main}
"} 
[2026-05-08 14:52:49] local.ERROR: Please provide a valid cache path. {"exception":"[object] (InvalidArgumentException(code: 0): Please provide a valid cache path. at C:/Users/ASUS/Downloads/YG Soft1/yg-home/vendor/laravel/framework/src/Illuminate/View/Compilers/Compiler.php:67)
[stacktrace]
#0 C:/Users/ASUS/Downloads/YG Soft1/yg-home/vendor/laravel/framework/src/Illuminate/View/ViewServiceProvider.php(97): Illuminate/View/Compilers/Compiler->__construct()
#1 C:/Users/ASUS/Downloads/YG Soft1/yg-home/vendor/laravel/framework/src/Illuminate/Container/Container.php(952): Illuminate/View/ViewServiceProvider->Illuminate/View/{closure}()
#2 C:/Users/ASUS/Downloads/YG Soft1/yg-home/vendor/laravel/framework/src/Illuminate/Container/Container.php(832): Illuminate/Container/Container->build()
#3 C:/Users/ASUS/Downloads/YG Soft1/yg-home/vendor/laravel/framework/src/Illuminate/Foundation/Application.php(1078): Illuminate/Container/Container->resolve()
#4 C:/Users/ASUS/Downloads/YG Soft1/yg-home/vendor/laravel/framework/src/Illuminate/Container/Container.php(763): Illuminate/Foundation/Application->resolve()
#5 C:/Users/ASUS/Downloads/YG Soft1/yg-home/vendor/laravel/framework/src/Illuminate/Foundation/Application.php(1058): Illuminate/Container/Container->make()
#6 C:/Users/ASUS/Downloads/YG Soft1/yg-home/vendor/laravel/framework/src/Illuminate/View/ViewServiceProvider.php(168): Illuminate/Foundation/Application->make()
#7 [internal function]: Illuminate/View/ViewServiceProvider->Illuminate/View/{closure}()
#8 C:/Users/ASUS/Downloads/YG Soft1/yg-home/vendor/laravel/framework/src/Illuminate/View/Engines/EngineResolver.php(55): call_user_func()
#9 C:/Users/ASUS/Downloads/YG Soft1/yg-home/vendor/laravel/framework/src/Illuminate/View/Factory.php(326): Illuminate/View/Engines/EngineResolver->resolve()
#10 C:/Users/ASUS/Downloads/YG Soft1/yg-home/vendor/laravel/framework/src/Illuminate/View/Factory.php(288): Illuminate/View/Factory->getEngineFromPath()
#11 C:/Users/ASUS/Downloads/YG Soft1/yg-home/vendor/laravel/framework/src/Illuminate/View/Factory.php(160): Illuminate/View/Factory->viewInstance()
#12 C:/Users/ASUS/Downloads/YG Soft1/yg-home/vendor/laravel/framework/src/Illuminate/Routing/ResponseFactory.php(90): Illuminate/View/Factory->make()
#13 C:/Users/ASUS/Downloads/YG Soft1/yg-home/vendor/laravel/framework/src/Illuminate/Foundation/Exceptions/Handler.php(894): Illuminate/Routing/ResponseFactory->view()
#14 C:/Users/ASUS/Downloads/YG Soft1/yg-home/vendor/laravel/framework/src/Illuminate/Foundation/Exceptions/Handler.php(815): Illuminate/Foundation/Exceptions/Handler->renderHttpException()
#15 C:/Users/ASUS/Downloads/YG Soft1/yg-home/vendor/laravel/framework/src/Illuminate/Foundation/Exceptions/Handler.php(706): Illuminate/Foundation/Exceptions/Handler->prepareResponse()
#16 C:/Users/ASUS/Downloads/YG Soft1/yg-home/vendor/laravel/framework/src/Illuminate/Foundation/Exceptions/Handler.php(594): Illuminate/Foundation/Exceptions/Handler->renderExceptionResponse()
#17 C:/Users/ASUS/Downloads/YG Soft1/yg-home/vendor/laravel/framework/src/Illuminate/Routing/Pipeline.php(51): Illuminate/Foundation/Exceptions/Handler->render()
#18 C:/Users/ASUS/Downloads/YG Soft1/yg-home/vendor/laravel/framework/src/Illuminate/Pipeline/Pipeline.php(172): Illuminate/Routing/Pipeline->handleException()
#19 C:/Users/ASUS/Downloads/YG Soft1/yg-home/vendor/laravel/framework/src/Illuminate/Foundation/Http/Middleware/TransformsRequest.php(21): Illuminate/Pipeline/Pipeline->Illuminate/Pipeline/{closure}()
#20 C:/Users/ASUS/Downloads/YG Soft1/yg-home/vendor/laravel/framework/src/Illuminate/Foundation/Http/Middleware/ConvertEmptyStringsToNull.php(31): Illuminate/Foundation/Http/Middleware/TransformsRequest->handle()
#21 C:/Users/ASUS/Downloads/YG Soft1/yg-home/vendor/laravel/framework/src/Illuminate/Pipeline/Pipeline.php(209): Illuminate/Foundation/Http/Middleware/ConvertEmptyStringsToNull->handle()
#22 C:/Users/ASUS/Downloads/YG Soft1/yg-home/vendor/laravel/framework/src/Illuminate/Foundation/Http/Middleware/TransformsRequest.php(21): Illuminate/Pipeline/Pipeline->Illuminate/Pipeline/{closure}()
#23 C:/Users/ASUS/Downloads/YG Soft1/yg-home/vendor/laravel/framework/src/Illuminate/Foundation/Http/Middleware/TrimStrings.php(51): Illuminate/Foundation/Http/Middleware/TransformsRequest->handle()
#24 C:/Users/ASUS/Downloads/YG Soft1/yg-home/vendor/laravel/framework/src/Illuminate/Pipeline/Pipeline.php(209): Illuminate/Foundation/Http/Middleware/TrimStrings->handle()
#25 C:/Users/ASUS/Downloads/YG Soft1/yg-home/vendor/laravel/framework/src/Illuminate/Http/Middleware/ValidatePostSize.php(27): Illuminate/Pipeline/Pipeline->Illuminate/Pipeline/{closure}()
#26 C:/Users/ASUS/Downloads/YG Soft1/yg-home/vendor/laravel/framework/src/Illuminate/Pipeline/Pipeline.php(209): Illuminate/Http/Middleware/ValidatePostSize->handle()
#27 C:/Users/ASUS/Downloads/YG Soft1/yg-home/vendor/laravel/framework/src/Illuminate/Foundation/Http/Middleware/PreventRequestsDuringMaintenance.php(110): Illuminate/Pipeline/Pipeline->Illuminate/Pipeline/{closure}()
#28 C:/Users/ASUS/Downloads/YG Soft1/yg-home/vendor/laravel/framework/src/Illuminate/Pipeline/Pipeline.php(209): Illuminate/Foundation/Http/Middleware/PreventRequestsDuringMaintenance->handle()
#29 C:/Users/ASUS/Downloads/YG Soft1/yg-home/vendor/laravel/framework/src/Illuminate/Http/Middleware/HandleCors.php(49): Illuminate/Pipeline/Pipeline->Illuminate/Pipeline/{closure}()
#30 C:/Users/ASUS/Downloads/YG Soft1/yg-home/vendor/laravel/framework/src/Illuminate/Pipeline/Pipeline.php(209): Illuminate/Http/Middleware/HandleCors->handle()
#31 C:/Users/ASUS/Downloads/YG Soft1/yg-home/vendor/laravel/framework/src/Illuminate/Http/Middleware/TrustProxies.php(58): Illuminate/Pipeline/Pipeline->Illuminate/Pipeline/{closure}()
#32 C:/Users/ASUS/Downloads/YG Soft1/yg-home/vendor/laravel/framework/src/Illuminate/Pipeline/Pipeline.php(209): Illuminate/Http/Middleware/TrustProxies->handle()
#33 C:/Users/ASUS/Downloads/YG Soft1/yg-home/vendor/laravel/framework/src/Illuminate/Foundation/Http/Middleware/InvokeDeferredCallbacks.php(22): Illuminate/Pipeline/Pipeline->Illuminate/Pipeline/{closure}()
#34 C:/Users/ASUS/Downloads/YG Soft1/yg-home/vendor/laravel/framework/src/Illuminate/Pipeline/Pipeline.php(209): Illuminate/Foundation/Http/Middleware/InvokeDeferredCallbacks->handle()
#35 C:/Users/ASUS/Downloads/YG Soft1/yg-home/vendor/laravel/framework/src/Illuminate/Pipeline/Pipeline.php(127): Illuminate/Pipeline/Pipeline->Illuminate/Pipeline/{closure}()
#36 C:/Users/ASUS/Downloads/YG Soft1/yg-home/vendor/laravel/framework/src/Illuminate/Foundation/Http/Kernel.php(176): Illuminate/Pipeline/Pipeline->then()
#37 C:/Users/ASUS/Downloads/YG Soft1/yg-home/vendor/laravel/framework/src/Illuminate/Foundation/Http/Kernel.php(145): Illuminate/Foundation/Http/Kernel->sendRequestThroughRouter()
#38 C:/Users/ASUS/Downloads/YG Soft1/yg-home/vendor/laravel/framework/src/Illuminate/Foundation/Application.php(1220): Illuminate/Foundation/Http/Kernel->handle()
#39 C:/Users/ASUS/Downloads/YG Soft1/yg-home/public/index.php(17): Illuminate/Foundation/Application->handleRequest()
#40 C:/Users/ASUS/Downloads/YG Soft1/yg-home/vendor/laravel/framework/src/Illuminate/Foundation/resources/server.php(23): require_once('...')
#41 {main}
"} 
[2026-05-08 15:09:15] local.ERROR: Class "App\Http\Controllers\Controller" not found {"exception":"[object] (Error(code: 0): Class \"App\\Http\\Controllers\\Controller\" not found at C:/Users/ASUS/Downloads/YG Soft1/yg-home/app/Http/Controllers/SSOController.php:8)
[stacktrace]
#0 C:/Users/ASUS/Downloads/YG Soft1/yg-home/vendor/composer/ClassLoader.php(576): include()
#1 C:/Users/ASUS/Downloads/YG Soft1/yg-home/vendor/composer/ClassLoader.php(427): Composer/Autoload/{closure}()
#2 [internal function]: Composer/Autoload/ClassLoader->loadClass()
#3 C:/Users/ASUS/Downloads/YG Soft1/yg-home/vendor/laravel/framework/src/Illuminate/Routing/Route.php(1117): is_a()
#4 C:/Users/ASUS/Downloads/YG Soft1/yg-home/vendor/laravel/framework/src/Illuminate/Routing/Route.php(1054): Illuminate/Routing/Route->controllerMiddleware()
#5 C:/Users/ASUS/Downloads/YG Soft1/yg-home/vendor/laravel/framework/src/Illuminate/Routing/Router.php(820): Illuminate/Routing/Route->gatherMiddleware()
#6 C:/Users/ASUS/Downloads/YG Soft1/yg-home/vendor/laravel/framework/src/Illuminate/Routing/Router.php(802): Illuminate/Routing/Router->gatherRouteMiddleware()
#7 C:/Users/ASUS/Downloads/YG Soft1/yg-home/vendor/laravel/framework/src/Illuminate/Routing/Router.php(786): Illuminate/Routing/Router->runRouteWithinStack()
#8 C:/Users/ASUS/Downloads/YG Soft1/yg-home/vendor/laravel/framework/src/Illuminate/Routing/Router.php(750): Illuminate/Routing/Router->runRoute()
#9 C:/Users/ASUS/Downloads/YG Soft1/yg-home/vendor/laravel/framework/src/Illuminate/Routing/Router.php(739): Illuminate/Routing/Router->dispatchToRoute()
#10 C:/Users/ASUS/Downloads/YG Soft1/yg-home/vendor/laravel/framework/src/Illuminate/Foundation/Http/Kernel.php(201): Illuminate/Routing/Router->dispatch()
#11 C:/Users/ASUS/Downloads/YG Soft1/yg-home/vendor/laravel/framework/src/Illuminate/Pipeline/Pipeline.php(170): Illuminate/Foundation/Http/Kernel->Illuminate/Foundation/Http/{closure}()
#12 C:/Users/ASUS/Downloads/YG Soft1/yg-home/vendor/laravel/framework/src/Illuminate/Foundation/Http/Middleware/TransformsRequest.php(21): Illuminate/Pipeline/Pipeline->Illuminate/Pipeline/{closure}()
#13 C:/Users/ASUS/Downloads/YG Soft1/yg-home/vendor/laravel/framework/src/Illuminate/Foundation/Http/Middleware/ConvertEmptyStringsToNull.php(31): Illuminate/Foundation/Http/Middleware/TransformsRequest->handle()
#14 C:/Users/ASUS/Downloads/YG Soft1/yg-home/vendor/laravel/framework/src/Illuminate/Pipeline/Pipeline.php(209): Illuminate/Foundation/Http/Middleware/ConvertEmptyStringsToNull->handle()
#15 C:/Users/ASUS/Downloads/YG Soft1/yg-home/vendor/laravel/framework/src/Illuminate/Foundation/Http/Middleware/TransformsRequest.php(21): Illuminate/Pipeline/Pipeline->Illuminate/Pipeline/{closure}()
#16 C:/Users/ASUS/Downloads/YG Soft1/yg-home/vendor/laravel/framework/src/Illuminate/Foundation/Http/Middleware/TrimStrings.php(51): Illuminate/Foundation/Http/Middleware/TransformsRequest->handle()
#17 C:/Users/ASUS/Downloads/YG Soft1/yg-home/vendor/laravel/framework/src/Illuminate/Pipeline/Pipeline.php(209): Illuminate/Foundation/Http/Middleware/TrimStrings->handle()
#18 C:/Users/ASUS/Downloads/YG Soft1/yg-home/vendor/laravel/framework/src/Illuminate/Http/Middleware/ValidatePostSize.php(27): Illuminate/Pipeline/Pipeline->Illuminate/Pipeline/{closure}()
#19 C:/Users/ASUS/Downloads/YG Soft1/yg-home/vendor/laravel/framework/src/Illuminate/Pipeline/Pipeline.php(209): Illuminate/Http/Middleware/ValidatePostSize->handle()
#20 C:/Users/ASUS/Downloads/YG Soft1/yg-home/vendor/laravel/framework/src/Illuminate/Foundation/Http/Middleware/PreventRequestsDuringMaintenance.php(110): Illuminate/Pipeline/Pipeline->Illuminate/Pipeline/{closure}()
#21 C:/Users/ASUS/Downloads/YG Soft1/yg-home/vendor/laravel/framework/src/Illuminate/Pipeline/Pipeline.php(209): Illuminate/Foundation/Http/Middleware/PreventRequestsDuringMaintenance->handle()
#22 C:/Users/ASUS/Downloads/YG Soft1/yg-home/vendor/laravel/framework/src/Illuminate/Http/Middleware/HandleCors.php(49): Illuminate/Pipeline/Pipeline->Illuminate/Pipeline/{closure}()
#23 C:/Users/ASUS/Downloads/YG Soft1/yg-home/vendor/laravel/framework/src/Illuminate/Pipeline/Pipeline.php(209): Illuminate/Http/Middleware/HandleCors->handle()
#24 C:/Users/ASUS/Downloads/YG Soft1/yg-home/vendor/laravel/framework/src/Illuminate/Http/Middleware/TrustProxies.php(58): Illuminate/Pipeline/Pipeline->Illuminate/Pipeline/{closure}()
#25 C:/Users/ASUS/Downloads/YG Soft1/yg-home/vendor/laravel/framework/src/Illuminate/Pipeline/Pipeline.php(209): Illuminate/Http/Middleware/TrustProxies->handle()
#26 C:/Users/ASUS/Downloads/YG Soft1/yg-home/vendor/laravel/framework/src/Illuminate/Foundation/Http/Middleware/InvokeDeferredCallbacks.php(22): Illuminate/Pipeline/Pipeline->Illuminate/Pipeline/{closure}()
#27 C:/Users/ASUS/Downloads/YG Soft1/yg-home/vendor/laravel/framework/src/Illuminate/Pipeline/Pipeline.php(209): Illuminate/Foundation/Http/Middleware/InvokeDeferredCallbacks->handle()
#28 C:/Users/ASUS/Downloads/YG Soft1/yg-home/vendor/laravel/framework/src/Illuminate/Pipeline/Pipeline.php(127): Illuminate/Pipeline/Pipeline->Illuminate/Pipeline/{closure}()
#29 C:/Users/ASUS/Downloads/YG Soft1/yg-home/vendor/laravel/framework/src/Illuminate/Foundation/Http/Kernel.php(176): Illuminate/Pipeline/Pipeline->then()
#30 C:/Users/ASUS/Downloads/YG Soft1/yg-home/vendor/laravel/framework/src/Illuminate/Foundation/Http/Kernel.php(145): Illuminate/Foundation/Http/Kernel->sendRequestThroughRouter()
#31 C:/Users/ASUS/Downloads/YG Soft1/yg-home/vendor/laravel/framework/src/Illuminate/Foundation/Application.php(1220): Illuminate/Foundation/Http/Kernel->handle()
#32 C:/Users/ASUS/Downloads/YG Soft1/yg-home/public/index.php(17): Illuminate/Foundation/Application->handleRequest()
#33 C:/Users/ASUS/Downloads/YG Soft1/yg-home/vendor/laravel/framework/src/Illuminate/Foundation/resources/server.php(23): require_once('...')
#34 {main}
"} 
[2026-05-08 15:09:34] local.ERROR: Class "App\Http\Controllers\Controller" not found {"exception":"[object] (Error(code: 0): Class \"App\\Http\\Controllers\\Controller\" not found at C:/Users/ASUS/Downloads/YG Soft1/yg-home/app/Http/Controllers/SSOController.php:8)
[stacktrace]
#0 C:/Users/ASUS/Downloads/YG Soft1/yg-home/vendor/composer/ClassLoader.php(576): include()
#1 C:/Users/ASUS/Downloads/YG Soft1/yg-home/vendor/composer/ClassLoader.php(427): Composer/Autoload/{closure}()
#2 [internal function]: Composer/Autoload/ClassLoader->loadClass()
#3 C:/Users/ASUS/Downloads/YG Soft1/yg-home/vendor/laravel/framework/src/Illuminate/Routing/Route.php(1117): is_a()
#4 C:/Users/ASUS/Downloads/YG Soft1/yg-home/vendor/laravel/framework/src/Illuminate/Routing/Route.php(1054): Illuminate/Routing/Route->controllerMiddleware()
#5 C:/Users/ASUS/Downloads/YG Soft1/yg-home/vendor/laravel/framework/src/Illuminate/Routing/Router.php(820): Illuminate/Routing/Route->gatherMiddleware()
#6 C:/Users/ASUS/Downloads/YG Soft1/yg-home/vendor/laravel/framework/src/Illuminate/Routing/Router.php(802): Illuminate/Routing/Router->gatherRouteMiddleware()
#7 C:/Users/ASUS/Downloads/YG Soft1/yg-home/vendor/laravel/framework/src/Illuminate/Routing/Router.php(786): Illuminate/Routing/Router->runRouteWithinStack()
#8 C:/Users/ASUS/Downloads/YG Soft1/yg-home/vendor/laravel/framework/src/Illuminate/Routing/Router.php(750): Illuminate/Routing/Router->runRoute()
#9 C:/Users/ASUS/Downloads/YG Soft1/yg-home/vendor/laravel/framework/src/Illuminate/Routing/Router.php(739): Illuminate/Routing/Router->dispatchToRoute()
#10 C:/Users/ASUS/Downloads/YG Soft1/yg-home/vendor/laravel/framework/src/Illuminate/Foundation/Http/Kernel.php(201): Illuminate/Routing/Router->dispatch()
#11 C:/Users/ASUS/Downloads/YG Soft1/yg-home/vendor/laravel/framework/src/Illuminate/Pipeline/Pipeline.php(170): Illuminate/Foundation/Http/Kernel->Illuminate/Foundation/Http/{closure}()
#12 C:/Users/ASUS/Downloads/YG Soft1/yg-home/vendor/laravel/framework/src/Illuminate/Foundation/Http/Middleware/TransformsRequest.php(21): Illuminate/Pipeline/Pipeline->Illuminate/Pipeline/{closure}()
#13 C:/Users/ASUS/Downloads/YG Soft1/yg-home/vendor/laravel/framework/src/Illuminate/Foundation/Http/Middleware/ConvertEmptyStringsToNull.php(31): Illuminate/Foundation/Http/Middleware/TransformsRequest->handle()
#14 C:/Users/ASUS/Downloads/YG Soft1/yg-home/vendor/laravel/framework/src/Illuminate/Pipeline/Pipeline.php(209): Illuminate/Foundation/Http/Middleware/ConvertEmptyStringsToNull->handle()
#15 C:/Users/ASUS/Downloads/YG Soft1/yg-home/vendor/laravel/framework/src/Illuminate/Foundation/Http/Middleware/TransformsRequest.php(21): Illuminate/Pipeline/Pipeline->Illuminate/Pipeline/{closure}()
#16 C:/Users/ASUS/Downloads/YG Soft1/yg-home/vendor/laravel/framework/src/Illuminate/Foundation/Http/Middleware/TrimStrings.php(51): Illuminate/Foundation/Http/Middleware/TransformsRequest->handle()
#17 C:/Users/ASUS/Downloads/YG Soft1/yg-home/vendor/laravel/framework/src/Illuminate/Pipeline/Pipeline.php(209): Illuminate/Foundation/Http/Middleware/TrimStrings->handle()
#18 C:/Users/ASUS/Downloads/YG Soft1/yg-home/vendor/laravel/framework/src/Illuminate/Http/Middleware/ValidatePostSize.php(27): Illuminate/Pipeline/Pipeline->Illuminate/Pipeline/{closure}()
#19 C:/Users/ASUS/Downloads/YG Soft1/yg-home/vendor/laravel/framework/src/Illuminate/Pipeline/Pipeline.php(209): Illuminate/Http/Middleware/ValidatePostSize->handle()
#20 C:/Users/ASUS/Downloads/YG Soft1/yg-home/vendor/laravel/framework/src/Illuminate/Foundation/Http/Middleware/PreventRequestsDuringMaintenance.php(110): Illuminate/Pipeline/Pipeline->Illuminate/Pipeline/{closure}()
#21 C:/Users/ASUS/Downloads/YG Soft1/yg-home/vendor/laravel/framework/src/Illuminate/Pipeline/Pipeline.php(209): Illuminate/Foundation/Http/Middleware/PreventRequestsDuringMaintenance->handle()
#22 C:/Users/ASUS/Downloads/YG Soft1/yg-home/vendor/laravel/framework/src/Illuminate/Http/Middleware/HandleCors.php(49): Illuminate/Pipeline/Pipeline->Illuminate/Pipeline/{closure}()
#23 C:/Users/ASUS/Downloads/YG Soft1/yg-home/vendor/laravel/framework/src/Illuminate/Pipeline/Pipeline.php(209): Illuminate/Http/Middleware/HandleCors->handle()
#24 C:/Users/ASUS/Downloads/YG Soft1/yg-home/vendor/laravel/framework/src/Illuminate/Http/Middleware/TrustProxies.php(58): Illuminate/Pipeline/Pipeline->Illuminate/Pipeline/{closure}()
#25 C:/Users/ASUS/Downloads/YG Soft1/yg-home/vendor/laravel/framework/src/Illuminate/Pipeline/Pipeline.php(209): Illuminate/Http/Middleware/TrustProxies->handle()
#26 C:/Users/ASUS/Downloads/YG Soft1/yg-home/vendor/laravel/framework/src/Illuminate/Foundation/Http/Middleware/InvokeDeferredCallbacks.php(22): Illuminate/Pipeline/Pipeline->Illuminate/Pipeline/{closure}()
#27 C:/Users/ASUS/Downloads/YG Soft1/yg-home/vendor/laravel/framework/src/Illuminate/Pipeline/Pipeline.php(209): Illuminate/Foundation/Http/Middleware/InvokeDeferredCallbacks->handle()
#28 C:/Users/ASUS/Downloads/YG Soft1/yg-home/vendor/laravel/framework/src/Illuminate/Pipeline/Pipeline.php(127): Illuminate/Pipeline/Pipeline->Illuminate/Pipeline/{closure}()
#29 C:/Users/ASUS/Downloads/YG Soft1/yg-home/vendor/laravel/framework/src/Illuminate/Foundation/Http/Kernel.php(176): Illuminate/Pipeline/Pipeline->then()
#30 C:/Users/ASUS/Downloads/YG Soft1/yg-home/vendor/laravel/framework/src/Illuminate/Foundation/Http/Kernel.php(145): Illuminate/Foundation/Http/Kernel->sendRequestThroughRouter()
#31 C:/Users/ASUS/Downloads/YG Soft1/yg-home/vendor/laravel/framework/src/Illuminate/Foundation/Application.php(1220): Illuminate/Foundation/Http/Kernel->handle()
#32 C:/Users/ASUS/Downloads/YG Soft1/yg-home/public/index.php(17): Illuminate/Foundation/Application->handleRequest()
#33 C:/Users/ASUS/Downloads/YG Soft1/yg-home/vendor/laravel/framework/src/Illuminate/Foundation/resources/server.php(23): require_once('...')
#34 {main}
"} 
[2026-05-09 05:43:06] local.ERROR: Call to undefined method App\Services\UnifiedSearchService::getUserSearchHistory() {"exception":"[object] (Error(code: 0): Call to undefined method App\\Services\\UnifiedSearchService::getUserSearchHistory() at /home4/ygmarket/ygxone.com/yg-home/app/Services/UnifiedSearchService.php:177)
[stacktrace]
#0 /home4/ygmarket/ygxone.com/yg-home/app/Http/Controllers/SearchController.php(47): App\\Services\\UnifiedSearchService->getAISuggestions()
#1 /home4/ygmarket/ygxone.com/yg-home/vendor/laravel/framework/src/Illuminate/Routing/Controller.php(54): App\\Http\\Controllers\\SearchController->index()
#2 /home4/ygmarket/ygxone.com/yg-home/vendor/laravel/framework/src/Illuminate/Routing/ControllerDispatcher.php(44): Illuminate\\Routing\\Controller->callAction()
#3 /home4/ygmarket/ygxone.com/yg-home/vendor/laravel/framework/src/Illuminate/Routing/Route.php(266): Illuminate\\Routing\\ControllerDispatcher->dispatch()
#4 /home4/ygmarket/ygxone.com/yg-home/vendor/laravel/framework/src/Illuminate/Routing/Route.php(212): Illuminate\\Routing\\Route->runController()
#5 /home4/ygmarket/ygxone.com/yg-home/vendor/laravel/framework/src/Illuminate/Routing/Router.php(808): Illuminate\\Routing\\Route->run()
#6 /home4/ygmarket/ygxone.com/yg-home/vendor/laravel/framework/src/Illuminate/Pipeline/Pipeline.php(170): Illuminate\\Routing\\Router->Illuminate\\Routing\\{closure}()
#7 /home4/ygmarket/ygxone.com/yg-home/vendor/laravel/framework/src/Illuminate/Routing/Middleware/SubstituteBindings.php(51): Illuminate\\Pipeline\\Pipeline->Illuminate\\Pipeline\\{closure}()
#8 /home4/ygmarket/ygxone.com/yg-home/vendor/laravel/framework/src/Illuminate/Pipeline/Pipeline.php(209): Illuminate\\Routing\\Middleware\\SubstituteBindings->handle()
#9 /home4/ygmarket/ygxone.com/yg-home/vendor/laravel/framework/src/Illuminate/Foundation/Http/Middleware/VerifyCsrfToken.php(88): Illuminate\\Pipeline\\Pipeline->Illuminate\\Pipeline\\{closure}()
#10 /home4/ygmarket/ygxone.com/yg-home/vendor/laravel/framework/src/Illuminate/Pipeline/Pipeline.php(209): Illuminate\\Foundation\\Http\\Middleware\\VerifyCsrfToken->handle()
#11 /home4/ygmarket/ygxone.com/yg-home/vendor/laravel/framework/src/Illuminate/View/Middleware/ShareErrorsFromSession.php(49): Illuminate\\Pipeline\\Pipeline->Illuminate\\Pipeline\\{closure}()
#12 /home4/ygmarket/ygxone.com/yg-home/vendor/laravel/framework/src/Illuminate/Pipeline/Pipeline.php(209): Illuminate\\View\\Middleware\\ShareErrorsFromSession->handle()
#13 /home4/ygmarket/ygxone.com/yg-home/vendor/laravel/framework/src/Illuminate/Session/Middleware/StartSession.php(121): Illuminate\\Pipeline\\Pipeline->Illuminate\\Pipeline\\{closure}()
#14 /home4/ygmarket/ygxone.com/yg-home/vendor/laravel/framework/src/Illuminate/Session/Middleware/StartSession.php(64): Illuminate\\Session\\Middleware\\StartSession->handleStatefulRequest()
#15 /home4/ygmarket/ygxone.com/yg-home/vendor/laravel/framework/src/Illuminate/Pipeline/Pipeline.php(209): Illuminate\\Session\\Middleware\\StartSession->handle()
#16 /home4/ygmarket/ygxone.com/yg-home/vendor/laravel/framework/src/Illuminate/Cookie/Middleware/AddQueuedCookiesToResponse.php(37): Illuminate\\Pipeline\\Pipeline->Illuminate\\Pipeline\\{closure}()
#17 /home4/ygmarket/ygxone.com/yg-home/vendor/laravel/framework/src/Illuminate/Pipeline/Pipeline.php(209): Illuminate\\Cookie\\Middleware\\AddQueuedCookiesToResponse->handle()
#18 /home4/ygmarket/ygxone.com/yg-home/vendor/laravel/framework/src/Illuminate/Cookie/Middleware/EncryptCookies.php(75): Illuminate\\Pipeline\\Pipeline->Illuminate\\Pipeline\\{closure}()
#19 /home4/ygmarket/ygxone.com/yg-home/vendor/laravel/framework/src/Illuminate/Pipeline/Pipeline.php(209): Illuminate\\Cookie\\Middleware\\EncryptCookies->handle()
#20 /home4/ygmarket/ygxone.com/yg-home/vendor/laravel/framework/src/Illuminate/Pipeline/Pipeline.php(127): Illuminate\\Pipeline\\Pipeline->Illuminate\\Pipeline\\{closure}()
#21 /home4/ygmarket/ygxone.com/yg-home/vendor/laravel/framework/src/Illuminate/Routing/Router.php(807): Illuminate\\Pipeline\\Pipeline->then()
#22 /home4/ygmarket/ygxone.com/yg-home/vendor/laravel/framework/src/Illuminate/Routing/Router.php(786): Illuminate\\Routing\\Router->runRouteWithinStack()
#23 /home4/ygmarket/ygxone.com/yg-home/vendor/laravel/framework/src/Illuminate/Routing/Router.php(750): Illuminate\\Routing\\Router->runRoute()
#24 /home4/ygmarket/ygxone.com/yg-home/vendor/laravel/framework/src/Illuminate/Routing/Router.php(739): Illuminate\\Routing\\Router->dispatchToRoute()
#25 /home4/ygmarket/ygxone.com/yg-home/vendor/laravel/framework/src/Illuminate/Foundation/Http/Kernel.php(201): Illuminate\\Routing\\Router->dispatch()
#26 /home4/ygmarket/ygxone.com/yg-home/vendor/laravel/framework/src/Illuminate/Pipeline/Pipeline.php(170): Illuminate\\Foundation\\Http\\Kernel->Illuminate\\Foundation\\Http\\{closure}()
#27 /home4/ygmarket/ygxone.com/yg-home/vendor/laravel/framework/src/Illuminate/Foundation/Http/Middleware/TransformsRequest.php(21): Illuminate\\Pipeline\\Pipeline->Illuminate\\Pipeline\\{closure}()
#28 /home4/ygmarket/ygxone.com/yg-home/vendor/laravel/framework/src/Illuminate/Foundation/Http/Middleware/ConvertEmptyStringsToNull.php(31): Illuminate\\Foundation\\Http\\Middleware\\TransformsRequest->handle()
#29 /home4/ygmarket/ygxone.com/yg-home/vendor/laravel/framework/src/Illuminate/Pipeline/Pipeline.php(209): Illuminate\\Foundation\\Http\\Middleware\\ConvertEmptyStringsToNull->handle()
#30 /home4/ygmarket/ygxone.com/yg-home/vendor/laravel/framework/src/Illuminate/Foundation/Http/Middleware/TransformsRequest.php(21): Illuminate\\Pipeline\\Pipeline->Illuminate\\Pipeline\\{closure}()
#31 /home4/ygmarket/ygxone.com/yg-home/vendor/laravel/framework/src/Illuminate/Foundation/Http/Middleware/TrimStrings.php(51): Illuminate\\Foundation\\Http\\Middleware\\TransformsRequest->handle()
#32 /home4/ygmarket/ygxone.com/yg-home/vendor/laravel/framework/src/Illuminate/Pipeline/Pipeline.php(209): Illuminate\\Foundation\\Http\\Middleware\\TrimStrings->handle()
#33 /home4/ygmarket/ygxone.com/yg-home/vendor/laravel/framework/src/Illuminate/Http/Middleware/ValidatePostSize.php(27): Illuminate\\Pipeline\\Pipeline->Illuminate\\Pipeline\\{closure}()
#34 /home4/ygmarket/ygxone.com/yg-home/vendor/laravel/framework/src/Illuminate/Pipeline/Pipeline.php(209): Illuminate\\Http\\Middleware\\ValidatePostSize->handle()
#35 /home4/ygmarket/ygxone.com/yg-home/vendor/laravel/framework/src/Illuminate/Foundation/Http/Middleware/PreventRequestsDuringMaintenance.php(110): Illuminate\\Pipeline\\Pipeline->Illuminate\\Pipeline\\{closure}()
#36 /home4/ygmarket/ygxone.com/yg-home/vendor/laravel/framework/src/Illuminate/Pipeline/Pipeline.php(209): Illuminate\\Foundation\\Http\\Middleware\\PreventRequestsDuringMaintenance->handle()
#37 /home4/ygmarket/ygxone.com/yg-home/vendor/laravel/framework/src/Illuminate/Http/Middleware/HandleCors.php(49): Illuminate\\Pipeline\\Pipeline->Illuminate\\Pipeline\\{closure}()
#38 /home4/ygmarket/ygxone.com/yg-home/vendor/laravel/framework/src/Illuminate/Pipeline/Pipeline.php(209): Illuminate\\Http\\Middleware\\HandleCors->handle()
#39 /home4/ygmarket/ygxone.com/yg-home/vendor/laravel/framework/src/Illuminate/Http/Middleware/TrustProxies.php(58): Illuminate\\Pipeline\\Pipeline->Illuminate\\Pipeline\\{closure}()
#40 /home4/ygmarket/ygxone.com/yg-home/vendor/laravel/framework/src/Illuminate/Pipeline/Pipeline.php(209): Illuminate\\Http\\Middleware\\TrustProxies->handle()
#41 /home4/ygmarket/ygxone.com/yg-home/vendor/laravel/framework/src/Illuminate/Foundation/Http/Middleware/InvokeDeferredCallbacks.php(22): Illuminate\\Pipeline\\Pipeline->Illuminate\\Pipeline\\{closure}()
#42 /home4/ygmarket/ygxone.com/yg-home/vendor/laravel/framework/src/Illuminate/Pipeline/Pipeline.php(209): Illuminate\\Foundation\\Http\\Middleware\\InvokeDeferredCallbacks->handle()
#43 /home4/ygmarket/ygxone.com/yg-home/vendor/laravel/framework/src/Illuminate/Pipeline/Pipeline.php(127): Illuminate\\Pipeline\\Pipeline->Illuminate\\Pipeline\\{closure}()
#44 /home4/ygmarket/ygxone.com/yg-home/vendor/laravel/framework/src/Illuminate/Foundation/Http/Kernel.php(176): Illuminate\\Pipeline\\Pipeline->then()
#45 /home4/ygmarket/ygxone.com/yg-home/vendor/laravel/framework/src/Illuminate/Foundation/Http/Kernel.php(145): Illuminate\\Foundation\\Http\\Kernel->sendRequestThroughRouter()
#46 /home4/ygmarket/ygxone.com/yg-home/vendor/laravel/framework/src/Illuminate/Foundation/Application.php(1220): Illuminate\\Foundation\\Http\\Kernel->handle()
#47 /home4/ygmarket/ygxone.com/yg-home/public/index.php(17): Illuminate\\Foundation\\Application->handleRequest()
#48 {main}
"} 
[2026-05-09 06:34:43] local.ERROR: Class "App\Http\Controllers\Controller" not found {"exception":"[object] (Error(code: 0): Class \"App\\Http\\Controllers\\Controller\" not found at /home4/ygmarket/ygxone.com/yg-home/app/Http/Controllers/AdminController.php:10)
[stacktrace]
#0 /home4/ygmarket/ygxone.com/yg-home/vendor/composer/ClassLoader.php(576): include()
#1 /home4/ygmarket/ygxone.com/yg-home/vendor/composer/ClassLoader.php(427): Composer\\Autoload\\{closure}()
#2 [internal function]: Composer\\Autoload\\ClassLoader->loadClass()
#3 /home4/ygmarket/ygxone.com/yg-home/vendor/laravel/framework/src/Illuminate/Routing/Route.php(1117): is_a()
#4 /home4/ygmarket/ygxone.com/yg-home/vendor/laravel/framework/src/Illuminate/Routing/Route.php(1054): Illuminate\\Routing\\Route->controllerMiddleware()
#5 /home4/ygmarket/ygxone.com/yg-home/vendor/laravel/framework/src/Illuminate/Routing/Router.php(820): Illuminate\\Routing\\Route->gatherMiddleware()
#6 /home4/ygmarket/ygxone.com/yg-home/vendor/laravel/framework/src/Illuminate/Routing/Router.php(802): Illuminate\\Routing\\Router->gatherRouteMiddleware()
#7 /home4/ygmarket/ygxone.com/yg-home/vendor/laravel/framework/src/Illuminate/Routing/Router.php(786): Illuminate\\Routing\\Router->runRouteWithinStack()
#8 /home4/ygmarket/ygxone.com/yg-home/vendor/laravel/framework/src/Illuminate/Routing/Router.php(750): Illuminate\\Routing\\Router->runRoute()
#9 /home4/ygmarket/ygxone.com/yg-home/vendor/laravel/framework/src/Illuminate/Routing/Router.php(739): Illuminate\\Routing\\Router->dispatchToRoute()
#10 /home4/ygmarket/ygxone.com/yg-home/vendor/laravel/framework/src/Illuminate/Foundation/Http/Kernel.php(201): Illuminate\\Routing\\Router->dispatch()
#11 /home4/ygmarket/ygxone.com/yg-home/vendor/laravel/framework/src/Illuminate/Pipeline/Pipeline.php(170): Illuminate\\Foundation\\Http\\Kernel->Illuminate\\Foundation\\Http\\{closure}()
#12 /home4/ygmarket/ygxone.com/yg-home/vendor/laravel/framework/src/Illuminate/Foundation/Http/Middleware/TransformsRequest.php(21): Illuminate\\Pipeline\\Pipeline->Illuminate\\Pipeline\\{closure}()
#13 /home4/ygmarket/ygxone.com/yg-home/vendor/laravel/framework/src/Illuminate/Foundation/Http/Middleware/ConvertEmptyStringsToNull.php(31): Illuminate\\Foundation\\Http\\Middleware\\TransformsRequest->handle()
#14 /home4/ygmarket/ygxone.com/yg-home/vendor/laravel/framework/src/Illuminate/Pipeline/Pipeline.php(209): Illuminate\\Foundation\\Http\\Middleware\\ConvertEmptyStringsToNull->handle()
#15 /home4/ygmarket/ygxone.com/yg-home/vendor/laravel/framework/src/Illuminate/Foundation/Http/Middleware/TransformsRequest.php(21): Illuminate\\Pipeline\\Pipeline->Illuminate\\Pipeline\\{closure}()
#16 /home4/ygmarket/ygxone.com/yg-home/vendor/laravel/framework/src/Illuminate/Foundation/Http/Middleware/TrimStrings.php(51): Illuminate\\Foundation\\Http\\Middleware\\TransformsRequest->handle()
#17 /home4/ygmarket/ygxone.com/yg-home/vendor/laravel/framework/src/Illuminate/Pipeline/Pipeline.php(209): Illuminate\\Foundation\\Http\\Middleware\\TrimStrings->handle()
#18 /home4/ygmarket/ygxone.com/yg-home/vendor/laravel/framework/src/Illuminate/Http/Middleware/ValidatePostSize.php(27): Illuminate\\Pipeline\\Pipeline->Illuminate\\Pipeline\\{closure}()
#19 /home4/ygmarket/ygxone.com/yg-home/vendor/laravel/framework/src/Illuminate/Pipeline/Pipeline.php(209): Illuminate\\Http\\Middleware\\ValidatePostSize->handle()
#20 /home4/ygmarket/ygxone.com/yg-home/vendor/laravel/framework/src/Illuminate/Foundation/Http/Middleware/PreventRequestsDuringMaintenance.php(110): Illuminate\\Pipeline\\Pipeline->Illuminate\\Pipeline\\{closure}()
#21 /home4/ygmarket/ygxone.com/yg-home/vendor/laravel/framework/src/Illuminate/Pipeline/Pipeline.php(209): Illuminate\\Foundation\\Http\\Middleware\\PreventRequestsDuringMaintenance->handle()
#22 /home4/ygmarket/ygxone.com/yg-home/vendor/laravel/framework/src/Illuminate/Http/Middleware/HandleCors.php(49): Illuminate\\Pipeline\\Pipeline->Illuminate\\Pipeline\\{closure}()
#23 /home4/ygmarket/ygxone.com/yg-home/vendor/laravel/framework/src/Illuminate/Pipeline/Pipeline.php(209): Illuminate\\Http\\Middleware\\HandleCors->handle()
#24 /home4/ygmarket/ygxone.com/yg-home/vendor/laravel/framework/src/Illuminate/Http/Middleware/TrustProxies.php(58): Illuminate\\Pipeline\\Pipeline->Illuminate\\Pipeline\\{closure}()
#25 /home4/ygmarket/ygxone.com/yg-home/vendor/laravel/framework/src/Illuminate/Pipeline/Pipeline.php(209): Illuminate\\Http\\Middleware\\TrustProxies->handle()
#26 /home4/ygmarket/ygxone.com/yg-home/vendor/laravel/framework/src/Illuminate/Foundation/Http/Middleware/InvokeDeferredCallbacks.php(22): Illuminate\\Pipeline\\Pipeline->Illuminate\\Pipeline\\{closure}()
#27 /home4/ygmarket/ygxone.com/yg-home/vendor/laravel/framework/src/Illuminate/Pipeline/Pipeline.php(209): Illuminate\\Foundation\\Http\\Middleware\\InvokeDeferredCallbacks->handle()
#28 /home4/ygmarket/ygxone.com/yg-home/vendor/laravel/framework/src/Illuminate/Pipeline/Pipeline.php(127): Illuminate\\Pipeline\\Pipeline->Illuminate\\Pipeline\\{closure}()
#29 /home4/ygmarket/ygxone.com/yg-home/vendor/laravel/framework/src/Illuminate/Foundation/Http/Kernel.php(176): Illuminate\\Pipeline\\Pipeline->then()
#30 /home4/ygmarket/ygxone.com/yg-home/vendor/laravel/framework/src/Illuminate/Foundation/Http/Kernel.php(145): Illuminate\\Foundation\\Http\\Kernel->sendRequestThroughRouter()
#31 /home4/ygmarket/ygxone.com/yg-home/vendor/laravel/framework/src/Illuminate/Foundation/Application.php(1220): Illuminate\\Foundation\\Http\\Kernel->handle()
#32 /home4/ygmarket/ygxone.com/yg-home/public/index.php(17): Illuminate\\Foundation\\Application->handleRequest()
#33 {main}
"} 
[2026-05-09 20:53:00] local.INFO: Incoming Request {"url":"https://ygxone.com","method":"HEAD","ip":"45.115.219.189","user_agent":"curl/7.76.1"} 
[2026-05-09 21:01:47] local.INFO: Incoming Request {"url":"https://ygxone.com/wp-admin/install.php?step=1","method":"GET","ip":"104.23.221.52","user_agent":"http://ygxone.com/wp-admin/install.php?step=1"} 
[2026-05-09 21:04:19] local.INFO: Incoming Request {"url":"https://ygxone.com","method":"GET","ip":"145.40.133.115","user_agent":"Mozilla/5.0 (Windows NT 10.0; Win64; x64) AppleWebKit/537.36 (KHTML, like Gecko) Chrome/147.0.0.0 Safari/537.36 Edg/147.0.0.0"} 
[2026-05-09 21:04:20] local.INFO: Incoming Request {"url":"https://ygxone.com/favicon.ico","method":"GET","ip":"145.40.133.115","user_agent":"Mozilla/5.0 (Windows NT 10.0; Win64; x64) AppleWebKit/537.36 (KHTML, like Gecko) Chrome/147.0.0.0 Safari/537.36 Edg/147.0.0.0"} 
[2026-05-09 21:04:45] local.INFO: Incoming Request {"url":"https://ygxone.com/search?q=AllInOne%20Social%20Media","method":"GET","ip":"145.40.133.115","user_agent":"Mozilla/5.0 (Windows NT 10.0; Win64; x64) AppleWebKit/537.36 (KHTML, like Gecko) Chrome/147.0.0.0 Safari/537.36 Edg/147.0.0.0"} 
[2026-05-09 21:04:45] local.ERROR: Call to undefined method App\Services\UnifiedSearchService::getUserSearchHistory() {"exception":"[object] (Error(code: 0): Call to undefined method App\\Services\\UnifiedSearchService::getUserSearchHistory() at /home4/ygmarket/ygxone.com/yg-home/app/Services/UnifiedSearchService.php:177)
[stacktrace]
#0 /home4/ygmarket/ygxone.com/yg-home/app/Http/Controllers/SearchController.php(46): App\\Services\\UnifiedSearchService->getAISuggestions()
#1 /home4/ygmarket/ygxone.com/yg-home/vendor/laravel/framework/src/Illuminate/Routing/ControllerDispatcher.php(47): App\\Http\\Controllers\\SearchController->index()
#2 /home4/ygmarket/ygxone.com/yg-home/vendor/laravel/framework/src/Illuminate/Routing/Route.php(266): Illuminate\\Routing\\ControllerDispatcher->dispatch()
#3 /home4/ygmarket/ygxone.com/yg-home/vendor/laravel/framework/src/Illuminate/Routing/Route.php(212): Illuminate\\Routing\\Route->runController()
#4 /home4/ygmarket/ygxone.com/yg-home/vendor/laravel/framework/src/Illuminate/Routing/Router.php(808): Illuminate\\Routing\\Route->run()
#5 /home4/ygmarket/ygxone.com/yg-home/vendor/laravel/framework/src/Illuminate/Pipeline/Pipeline.php(170): Illuminate\\Routing\\Router->Illuminate\\Routing\\{closure}()
#6 /home4/ygmarket/ygxone.com/yg-home/vendor/laravel/framework/src/Illuminate/Routing/Middleware/SubstituteBindings.php(51): Illuminate\\Pipeline\\Pipeline->Illuminate\\Pipeline\\{closure}()
#7 /home4/ygmarket/ygxone.com/yg-home/vendor/laravel/framework/src/Illuminate/Pipeline/Pipeline.php(209): Illuminate\\Routing\\Middleware\\SubstituteBindings->handle()
#8 /home4/ygmarket/ygxone.com/yg-home/vendor/laravel/framework/src/Illuminate/Foundation/Http/Middleware/VerifyCsrfToken.php(88): Illuminate\\Pipeline\\Pipeline->Illuminate\\Pipeline\\{closure}()
#9 /home4/ygmarket/ygxone.com/yg-home/vendor/laravel/framework/src/Illuminate/Pipeline/Pipeline.php(209): Illuminate\\Foundation\\Http\\Middleware\\VerifyCsrfToken->handle()
#10 /home4/ygmarket/ygxone.com/yg-home/vendor/laravel/framework/src/Illuminate/View/Middleware/ShareErrorsFromSession.php(49): Illuminate\\Pipeline\\Pipeline->Illuminate\\Pipeline\\{closure}()
#11 /home4/ygmarket/ygxone.com/yg-home/vendor/laravel/framework/src/Illuminate/Pipeline/Pipeline.php(209): Illuminate\\View\\Middleware\\ShareErrorsFromSession->handle()
#12 /home4/ygmarket/ygxone.com/yg-home/vendor/laravel/framework/src/Illuminate/Session/Middleware/StartSession.php(121): Illuminate\\Pipeline\\Pipeline->Illuminate\\Pipeline\\{closure}()
#13 /home4/ygmarket/ygxone.com/yg-home/vendor/laravel/framework/src/Illuminate/Session/Middleware/StartSession.php(64): Illuminate\\Session\\Middleware\\StartSession->handleStatefulRequest()
#14 /home4/ygmarket/ygxone.com/yg-home/vendor/laravel/framework/src/Illuminate/Pipeline/Pipeline.php(209): Illuminate\\Session\\Middleware\\StartSession->handle()
#15 /home4/ygmarket/ygxone.com/yg-home/vendor/laravel/framework/src/Illuminate/Cookie/Middleware/AddQueuedCookiesToResponse.php(37): Illuminate\\Pipeline\\Pipeline->Illuminate\\Pipeline\\{closure}()
#16 /home4/ygmarket/ygxone.com/yg-home/vendor/laravel/framework/src/Illuminate/Pipeline/Pipeline.php(209): Illuminate\\Cookie\\Middleware\\AddQueuedCookiesToResponse->handle()
#17 /home4/ygmarket/ygxone.com/yg-home/vendor/laravel/framework/src/Illuminate/Cookie/Middleware/EncryptCookies.php(75): Illuminate\\Pipeline\\Pipeline->Illuminate\\Pipeline\\{closure}()
#18 /home4/ygmarket/ygxone.com/yg-home/vendor/laravel/framework/src/Illuminate/Pipeline/Pipeline.php(209): Illuminate\\Cookie\\Middleware\\EncryptCookies->handle()
#19 /home4/ygmarket/ygxone.com/yg-home/vendor/laravel/framework/src/Illuminate/Pipeline/Pipeline.php(127): Illuminate\\Pipeline\\Pipeline->Illuminate\\Pipeline\\{closure}()
#20 /home4/ygmarket/ygxone.com/yg-home/vendor/laravel/framework/src/Illuminate/Routing/Router.php(807): Illuminate\\Pipeline\\Pipeline->then()
#21 /home4/ygmarket/ygxone.com/yg-home/vendor/laravel/framework/src/Illuminate/Routing/Router.php(786): Illuminate\\Routing\\Router->runRouteWithinStack()
#22 /home4/ygmarket/ygxone.com/yg-home/vendor/laravel/framework/src/Illuminate/Routing/Router.php(750): Illuminate\\Routing\\Router->runRoute()
#23 /home4/ygmarket/ygxone.com/yg-home/vendor/laravel/framework/src/Illuminate/Routing/Router.php(739): Illuminate\\Routing\\Router->dispatchToRoute()
#24 /home4/ygmarket/ygxone.com/yg-home/vendor/laravel/framework/src/Illuminate/Foundation/Http/Kernel.php(201): Illuminate\\Routing\\Router->dispatch()
#25 /home4/ygmarket/ygxone.com/yg-home/vendor/laravel/framework/src/Illuminate/Pipeline/Pipeline.php(170): Illuminate\\Foundation\\Http\\Kernel->Illuminate\\Foundation\\Http\\{closure}()
#26 /home4/ygmarket/ygxone.com/yg-home/app/Http/Middleware/RequestLogger.php(21): Illuminate\\Pipeline\\Pipeline->Illuminate\\Pipeline\\{closure}()
#27 /home4/ygmarket/ygxone.com/yg-home/vendor/laravel/framework/src/Illuminate/Pipeline/Pipeline.php(209): App\\Http\\Middleware\\RequestLogger->handle()
#28 /home4/ygmarket/ygxone.com/yg-home/vendor/laravel/framework/src/Illuminate/Foundation/Http/Middleware/TransformsRequest.php(21): Illuminate\\Pipeline\\Pipeline->Illuminate\\Pipeline\\{closure}()
#29 /home4/ygmarket/ygxone.com/yg-home/vendor/laravel/framework/src/Illuminate/Foundation/Http/Middleware/ConvertEmptyStringsToNull.php(31): Illuminate\\Foundation\\Http\\Middleware\\TransformsRequest->handle()
#30 /home4/ygmarket/ygxone.com/yg-home/vendor/laravel/framework/src/Illuminate/Pipeline/Pipeline.php(209): Illuminate\\Foundation\\Http\\Middleware\\ConvertEmptyStringsToNull->handle()
#31 /home4/ygmarket/ygxone.com/yg-home/vendor/laravel/framework/src/Illuminate/Foundation/Http/Middleware/TransformsRequest.php(21): Illuminate\\Pipeline\\Pipeline->Illuminate\\Pipeline\\{closure}()
#32 /home4/ygmarket/ygxone.com/yg-home/vendor/laravel/framework/src/Illuminate/Foundation/Http/Middleware/TrimStrings.php(51): Illuminate\\Foundation\\Http\\Middleware\\TransformsRequest->handle()
#33 /home4/ygmarket/ygxone.com/yg-home/vendor/laravel/framework/src/Illuminate/Pipeline/Pipeline.php(209): Illuminate\\Foundation\\Http\\Middleware\\TrimStrings->handle()
#34 /home4/ygmarket/ygxone.com/yg-home/vendor/laravel/framework/src/Illuminate/Http/Middleware/ValidatePostSize.php(27): Illuminate\\Pipeline\\Pipeline->Illuminate\\Pipeline\\{closure}()
#35 /home4/ygmarket/ygxone.com/yg-home/vendor/laravel/framework/src/Illuminate/Pipeline/Pipeline.php(209): Illuminate\\Http\\Middleware\\ValidatePostSize->handle()
#36 /home4/ygmarket/ygxone.com/yg-home/vendor/laravel/framework/src/Illuminate/Foundation/Http/Middleware/PreventRequestsDuringMaintenance.php(110): Illuminate\\Pipeline\\Pipeline->Illuminate\\Pipeline\\{closure}()
#37 /home4/ygmarket/ygxone.com/yg-home/vendor/laravel/framework/src/Illuminate/Pipeline/Pipeline.php(209): Illuminate\\Foundation\\Http\\Middleware\\PreventRequestsDuringMaintenance->handle()
#38 /home4/ygmarket/ygxone.com/yg-home/vendor/laravel/framework/src/Illuminate/Http/Middleware/HandleCors.php(49): Illuminate\\Pipeline\\Pipeline->Illuminate\\Pipeline\\{closure}()
#39 /home4/ygmarket/ygxone.com/yg-home/vendor/laravel/framework/src/Illuminate/Pipeline/Pipeline.php(209): Illuminate\\Http\\Middleware\\HandleCors->handle()
#40 /home4/ygmarket/ygxone.com/yg-home/vendor/laravel/framework/src/Illuminate/Http/Middleware/TrustProxies.php(58): Illuminate\\Pipeline\\Pipeline->Illuminate\\Pipeline\\{closure}()
#41 /home4/ygmarket/ygxone.com/yg-home/vendor/laravel/framework/src/Illuminate/Pipeline/Pipeline.php(209): Illuminate\\Http\\Middleware\\TrustProxies->handle()
#42 /home4/ygmarket/ygxone.com/yg-home/vendor/laravel/framework/src/Illuminate/Foundation/Http/Middleware/InvokeDeferredCallbacks.php(22): Illuminate\\Pipeline\\Pipeline->Illuminate\\Pipeline\\{closure}()
#43 /home4/ygmarket/ygxone.com/yg-home/vendor/laravel/framework/src/Illuminate/Pipeline/Pipeline.php(209): Illuminate\\Foundation\\Http\\Middleware\\InvokeDeferredCallbacks->handle()
#44 /home4/ygmarket/ygxone.com/yg-home/vendor/laravel/framework/src/Illuminate/Pipeline/Pipeline.php(127): Illuminate\\Pipeline\\Pipeline->Illuminate\\Pipeline\\{closure}()
#45 /home4/ygmarket/ygxone.com/yg-home/vendor/laravel/framework/src/Illuminate/Foundation/Http/Kernel.php(176): Illuminate\\Pipeline\\Pipeline->then()
#46 /home4/ygmarket/ygxone.com/yg-home/vendor/laravel/framework/src/Illuminate/Foundation/Http/Kernel.php(145): Illuminate\\Foundation\\Http\\Kernel->sendRequestThroughRouter()
#47 /home4/ygmarket/ygxone.com/yg-home/vendor/laravel/framework/src/Illuminate/Foundation/Application.php(1220): Illuminate\\Foundation\\Http\\Kernel->handle()
#48 /home4/ygmarket/ygxone.com/yg-home/public/index.php(17): Illuminate\\Foundation\\Application->handleRequest()
#49 {main}
"} 
[2026-05-09 21:05:07] local.INFO: Incoming Request {"url":"https://ygxone.com/search?q=AllInOne%20Social%20Media","method":"GET","ip":"145.40.133.115","user_agent":"Mozilla/5.0 (Windows NT 10.0; Win64; x64) AppleWebKit/537.36 (KHTML, like Gecko) Chrome/147.0.0.0 Safari/537.36 Edg/147.0.0.0"} 
[2026-05-09 21:05:07] local.ERROR: Call to undefined method App\Services\UnifiedSearchService::getUserSearchHistory() {"exception":"[object] (Error(code: 0): Call to undefined method App\\Services\\UnifiedSearchService::getUserSearchHistory() at /home4/ygmarket/ygxone.com/yg-home/app/Services/UnifiedSearchService.php:177)
[stacktrace]
#0 /home4/ygmarket/ygxone.com/yg-home/app/Http/Controllers/SearchController.php(46): App\\Services\\UnifiedSearchService->getAISuggestions()
#1 /home4/ygmarket/ygxone.com/yg-home/vendor/laravel/framework/src/Illuminate/Routing/ControllerDispatcher.php(47): App\\Http\\Controllers\\SearchController->index()
#2 /home4/ygmarket/ygxone.com/yg-home/vendor/laravel/framework/src/Illuminate/Routing/Route.php(266): Illuminate\\Routing\\ControllerDispatcher->dispatch()
#3 /home4/ygmarket/ygxone.com/yg-home/vendor/laravel/framework/src/Illuminate/Routing/Route.php(212): Illuminate\\Routing\\Route->runController()
#4 /home4/ygmarket/ygxone.com/yg-home/vendor/laravel/framework/src/Illuminate/Routing/Router.php(808): Illuminate\\Routing\\Route->run()
#5 /home4/ygmarket/ygxone.com/yg-home/vendor/laravel/framework/src/Illuminate/Pipeline/Pipeline.php(170): Illuminate\\Routing\\Router->Illuminate\\Routing\\{closure}()
#6 /home4/ygmarket/ygxone.com/yg-home/vendor/laravel/framework/src/Illuminate/Routing/Middleware/SubstituteBindings.php(51): Illuminate\\Pipeline\\Pipeline->Illuminate\\Pipeline\\{closure}()
#7 /home4/ygmarket/ygxone.com/yg-home/vendor/laravel/framework/src/Illuminate/Pipeline/Pipeline.php(209): Illuminate\\Routing\\Middleware\\SubstituteBindings->handle()
#8 /home4/ygmarket/ygxone.com/yg-home/vendor/laravel/framework/src/Illuminate/Foundation/Http/Middleware/VerifyCsrfToken.php(88): Illuminate\\Pipeline\\Pipeline->Illuminate\\Pipeline\\{closure}()
#9 /home4/ygmarket/ygxone.com/yg-home/vendor/laravel/framework/src/Illuminate/Pipeline/Pipeline.php(209): Illuminate\\Foundation\\Http\\Middleware\\VerifyCsrfToken->handle()
#10 /home4/ygmarket/ygxone.com/yg-home/vendor/laravel/framework/src/Illuminate/View/Middleware/ShareErrorsFromSession.php(49): Illuminate\\Pipeline\\Pipeline->Illuminate\\Pipeline\\{closure}()
#11 /home4/ygmarket/ygxone.com/yg-home/vendor/laravel/framework/src/Illuminate/Pipeline/Pipeline.php(209): Illuminate\\View\\Middleware\\ShareErrorsFromSession->handle()
#12 /home4/ygmarket/ygxone.com/yg-home/vendor/laravel/framework/src/Illuminate/Session/Middleware/StartSession.php(121): Illuminate\\Pipeline\\Pipeline->Illuminate\\Pipeline\\{closure}()
#13 /home4/ygmarket/ygxone.com/yg-home/vendor/laravel/framework/src/Illuminate/Session/Middleware/StartSession.php(64): Illuminate\\Session\\Middleware\\StartSession->handleStatefulRequest()
#14 /home4/ygmarket/ygxone.com/yg-home/vendor/laravel/framework/src/Illuminate/Pipeline/Pipeline.php(209): Illuminate\\Session\\Middleware\\StartSession->handle()
#15 /home4/ygmarket/ygxone.com/yg-home/vendor/laravel/framework/src/Illuminate/Cookie/Middleware/AddQueuedCookiesToResponse.php(37): Illuminate\\Pipeline\\Pipeline->Illuminate\\Pipeline\\{closure}()
#16 /home4/ygmarket/ygxone.com/yg-home/vendor/laravel/framework/src/Illuminate/Pipeline/Pipeline.php(209): Illuminate\\Cookie\\Middleware\\AddQueuedCookiesToResponse->handle()
#17 /home4/ygmarket/ygxone.com/yg-home/vendor/laravel/framework/src/Illuminate/Cookie/Middleware/EncryptCookies.php(75): Illuminate\\Pipeline\\Pipeline->Illuminate\\Pipeline\\{closure}()
#18 /home4/ygmarket/ygxone.com/yg-home/vendor/laravel/framework/src/Illuminate/Pipeline/Pipeline.php(209): Illuminate\\Cookie\\Middleware\\EncryptCookies->handle()
#19 /home4/ygmarket/ygxone.com/yg-home/vendor/laravel/framework/src/Illuminate/Pipeline/Pipeline.php(127): Illuminate\\Pipeline\\Pipeline->Illuminate\\Pipeline\\{closure}()
#20 /home4/ygmarket/ygxone.com/yg-home/vendor/laravel/framework/src/Illuminate/Routing/Router.php(807): Illuminate\\Pipeline\\Pipeline->then()
#21 /home4/ygmarket/ygxone.com/yg-home/vendor/laravel/framework/src/Illuminate/Routing/Router.php(786): Illuminate\\Routing\\Router->runRouteWithinStack()
#22 /home4/ygmarket/ygxone.com/yg-home/vendor/laravel/framework/src/Illuminate/Routing/Router.php(750): Illuminate\\Routing\\Router->runRoute()
#23 /home4/ygmarket/ygxone.com/yg-home/vendor/laravel/framework/src/Illuminate/Routing/Router.php(739): Illuminate\\Routing\\Router->dispatchToRoute()
#24 /home4/ygmarket/ygxone.com/yg-home/vendor/laravel/framework/src/Illuminate/Foundation/Http/Kernel.php(201): Illuminate\\Routing\\Router->dispatch()
#25 /home4/ygmarket/ygxone.com/yg-home/vendor/laravel/framework/src/Illuminate/Pipeline/Pipeline.php(170): Illuminate\\Foundation\\Http\\Kernel->Illuminate\\Foundation\\Http\\{closure}()
#26 /home4/ygmarket/ygxone.com/yg-home/app/Http/Middleware/RequestLogger.php(21): Illuminate\\Pipeline\\Pipeline->Illuminate\\Pipeline\\{closure}()
#27 /home4/ygmarket/ygxone.com/yg-home/vendor/laravel/framework/src/Illuminate/Pipeline/Pipeline.php(209): App\\Http\\Middleware\\RequestLogger->handle()
#28 /home4/ygmarket/ygxone.com/yg-home/vendor/laravel/framework/src/Illuminate/Foundation/Http/Middleware/TransformsRequest.php(21): Illuminate\\Pipeline\\Pipeline->Illuminate\\Pipeline\\{closure}()
#29 /home4/ygmarket/ygxone.com/yg-home/vendor/laravel/framework/src/Illuminate/Foundation/Http/Middleware/ConvertEmptyStringsToNull.php(31): Illuminate\\Foundation\\Http\\Middleware\\TransformsRequest->handle()
#30 /home4/ygmarket/ygxone.com/yg-home/vendor/laravel/framework/src/Illuminate/Pipeline/Pipeline.php(209): Illuminate\\Foundation\\Http\\Middleware\\ConvertEmptyStringsToNull->handle()
#31 /home4/ygmarket/ygxone.com/yg-home/vendor/laravel/framework/src/Illuminate/Foundation/Http/Middleware/TransformsRequest.php(21): Illuminate\\Pipeline\\Pipeline->Illuminate\\Pipeline\\{closure}()
#32 /home4/ygmarket/ygxone.com/yg-home/vendor/laravel/framework/src/Illuminate/Foundation/Http/Middleware/TrimStrings.php(51): Illuminate\\Foundation\\Http\\Middleware\\TransformsRequest->handle()
#33 /home4/ygmarket/ygxone.com/yg-home/vendor/laravel/framework/src/Illuminate/Pipeline/Pipeline.php(209): Illuminate\\Foundation\\Http\\Middleware\\TrimStrings->handle()
#34 /home4/ygmarket/ygxone.com/yg-home/vendor/laravel/framework/src/Illuminate/Http/Middleware/ValidatePostSize.php(27): Illuminate\\Pipeline\\Pipeline->Illuminate\\Pipeline\\{closure}()
#35 /home4/ygmarket/ygxone.com/yg-home/vendor/laravel/framework/src/Illuminate/Pipeline/Pipeline.php(209): Illuminate\\Http\\Middleware\\ValidatePostSize->handle()
#36 /home4/ygmarket/ygxone.com/yg-home/vendor/laravel/framework/src/Illuminate/Foundation/Http/Middleware/PreventRequestsDuringMaintenance.php(110): Illuminate\\Pipeline\\Pipeline->Illuminate\\Pipeline\\{closure}()
#37 /home4/ygmarket/ygxone.com/yg-home/vendor/laravel/framework/src/Illuminate/Pipeline/Pipeline.php(209): Illuminate\\Foundation\\Http\\Middleware\\PreventRequestsDuringMaintenance->handle()
#38 /home4/ygmarket/ygxone.com/yg-home/vendor/laravel/framework/src/Illuminate/Http/Middleware/HandleCors.php(49): Illuminate\\Pipeline\\Pipeline->Illuminate\\Pipeline\\{closure}()
#39 /home4/ygmarket/ygxone.com/yg-home/vendor/laravel/framework/src/Illuminate/Pipeline/Pipeline.php(209): Illuminate\\Http\\Middleware\\HandleCors->handle()
#40 /home4/ygmarket/ygxone.com/yg-home/vendor/laravel/framework/src/Illuminate/Http/Middleware/TrustProxies.php(58): Illuminate\\Pipeline\\Pipeline->Illuminate\\Pipeline\\{closure}()
#41 /home4/ygmarket/ygxone.com/yg-home/vendor/laravel/framework/src/Illuminate/Pipeline/Pipeline.php(209): Illuminate\\Http\\Middleware\\TrustProxies->handle()
#42 /home4/ygmarket/ygxone.com/yg-home/vendor/laravel/framework/src/Illuminate/Foundation/Http/Middleware/InvokeDeferredCallbacks.php(22): Illuminate\\Pipeline\\Pipeline->Illuminate\\Pipeline\\{closure}()
#43 /home4/ygmarket/ygxone.com/yg-home/vendor/laravel/framework/src/Illuminate/Pipeline/Pipeline.php(209): Illuminate\\Foundation\\Http\\Middleware\\InvokeDeferredCallbacks->handle()
#44 /home4/ygmarket/ygxone.com/yg-home/vendor/laravel/framework/src/Illuminate/Pipeline/Pipeline.php(127): Illuminate\\Pipeline\\Pipeline->Illuminate\\Pipeline\\{closure}()
#45 /home4/ygmarket/ygxone.com/yg-home/vendor/laravel/framework/src/Illuminate/Foundation/Http/Kernel.php(176): Illuminate\\Pipeline\\Pipeline->then()
#46 /home4/ygmarket/ygxone.com/yg-home/vendor/laravel/framework/src/Illuminate/Foundation/Http/Kernel.php(145): Illuminate\\Foundation\\Http\\Kernel->sendRequestThroughRouter()
#47 /home4/ygmarket/ygxone.com/yg-home/vendor/laravel/framework/src/Illuminate/Foundation/Application.php(1220): Illuminate\\Foundation\\Http\\Kernel->handle()
#48 /home4/ygmarket/ygxone.com/yg-home/public/index.php(17): Illuminate\\Foundation\\Application->handleRequest()
#49 {main}
"} 
[2026-05-09 21:05:19] local.INFO: Incoming Request {"url":"https://ygxone.com/search?q=Jeff%20bezos","method":"GET","ip":"145.40.133.115","user_agent":"Mozilla/5.0 (Windows NT 10.0; Win64; x64) AppleWebKit/537.36 (KHTML, like Gecko) Chrome/147.0.0.0 Safari/537.36 Edg/147.0.0.0"} 
[2026-05-09 21:05:19] local.ERROR: Call to undefined method App\Services\UnifiedSearchService::getUserSearchHistory() {"exception":"[object] (Error(code: 0): Call to undefined method App\\Services\\UnifiedSearchService::getUserSearchHistory() at /home4/ygmarket/ygxone.com/yg-home/app/Services/UnifiedSearchService.php:177)
[stacktrace]
#0 /home4/ygmarket/ygxone.com/yg-home/app/Http/Controllers/SearchController.php(46): App\\Services\\UnifiedSearchService->getAISuggestions()
#1 /home4/ygmarket/ygxone.com/yg-home/vendor/laravel/framework/src/Illuminate/Routing/ControllerDispatcher.php(47): App\\Http\\Controllers\\SearchController->index()
#2 /home4/ygmarket/ygxone.com/yg-home/vendor/laravel/framework/src/Illuminate/Routing/Route.php(266): Illuminate\\Routing\\ControllerDispatcher->dispatch()
#3 /home4/ygmarket/ygxone.com/yg-home/vendor/laravel/framework/src/Illuminate/Routing/Route.php(212): Illuminate\\Routing\\Route->runController()
#4 /home4/ygmarket/ygxone.com/yg-home/vendor/laravel/framework/src/Illuminate/Routing/Router.php(808): Illuminate\\Routing\\Route->run()
#5 /home4/ygmarket/ygxone.com/yg-home/vendor/laravel/framework/src/Illuminate/Pipeline/Pipeline.php(170): Illuminate\\Routing\\Router->Illuminate\\Routing\\{closure}()
#6 /home4/ygmarket/ygxone.com/yg-home/vendor/laravel/framework/src/Illuminate/Routing/Middleware/SubstituteBindings.php(51): Illuminate\\Pipeline\\Pipeline->Illuminate\\Pipeline\\{closure}()
#7 /home4/ygmarket/ygxone.com/yg-home/vendor/laravel/framework/src/Illuminate/Pipeline/Pipeline.php(209): Illuminate\\Routing\\Middleware\\SubstituteBindings->handle()
#8 /home4/ygmarket/ygxone.com/yg-home/vendor/laravel/framework/src/Illuminate/Foundation/Http/Middleware/VerifyCsrfToken.php(88): Illuminate\\Pipeline\\Pipeline->Illuminate\\Pipeline\\{closure}()
#9 /home4/ygmarket/ygxone.com/yg-home/vendor/laravel/framework/src/Illuminate/Pipeline/Pipeline.php(209): Illuminate\\Foundation\\Http\\Middleware\\VerifyCsrfToken->handle()
#10 /home4/ygmarket/ygxone.com/yg-home/vendor/laravel/framework/src/Illuminate/View/Middleware/ShareErrorsFromSession.php(49): Illuminate\\Pipeline\\Pipeline->Illuminate\\Pipeline\\{closure}()
#11 /home4/ygmarket/ygxone.com/yg-home/vendor/laravel/framework/src/Illuminate/Pipeline/Pipeline.php(209): Illuminate\\View\\Middleware\\ShareErrorsFromSession->handle()
#12 /home4/ygmarket/ygxone.com/yg-home/vendor/laravel/framework/src/Illuminate/Session/Middleware/StartSession.php(121): Illuminate\\Pipeline\\Pipeline->Illuminate\\Pipeline\\{closure}()
#13 /home4/ygmarket/ygxone.com/yg-home/vendor/laravel/framework/src/Illuminate/Session/Middleware/StartSession.php(64): Illuminate\\Session\\Middleware\\StartSession->handleStatefulRequest()
#14 /home4/ygmarket/ygxone.com/yg-home/vendor/laravel/framework/src/Illuminate/Pipeline/Pipeline.php(209): Illuminate\\Session\\Middleware\\StartSession->handle()
#15 /home4/ygmarket/ygxone.com/yg-home/vendor/laravel/framework/src/Illuminate/Cookie/Middleware/AddQueuedCookiesToResponse.php(37): Illuminate\\Pipeline\\Pipeline->Illuminate\\Pipeline\\{closure}()
#16 /home4/ygmarket/ygxone.com/yg-home/vendor/laravel/framework/src/Illuminate/Pipeline/Pipeline.php(209): Illuminate\\Cookie\\Middleware\\AddQueuedCookiesToResponse->handle()
#17 /home4/ygmarket/ygxone.com/yg-home/vendor/laravel/framework/src/Illuminate/Cookie/Middleware/EncryptCookies.php(75): Illuminate\\Pipeline\\Pipeline->Illuminate\\Pipeline\\{closure}()
#18 /home4/ygmarket/ygxone.com/yg-home/vendor/laravel/framework/src/Illuminate/Pipeline/Pipeline.php(209): Illuminate\\Cookie\\Middleware\\EncryptCookies->handle()
#19 /home4/ygmarket/ygxone.com/yg-home/vendor/laravel/framework/src/Illuminate/Pipeline/Pipeline.php(127): Illuminate\\Pipeline\\Pipeline->Illuminate\\Pipeline\\{closure}()
#20 /home4/ygmarket/ygxone.com/yg-home/vendor/laravel/framework/src/Illuminate/Routing/Router.php(807): Illuminate\\Pipeline\\Pipeline->then()
#21 /home4/ygmarket/ygxone.com/yg-home/vendor/laravel/framework/src/Illuminate/Routing/Router.php(786): Illuminate\\Routing\\Router->runRouteWithinStack()
#22 /home4/ygmarket/ygxone.com/yg-home/vendor/laravel/framework/src/Illuminate/Routing/Router.php(750): Illuminate\\Routing\\Router->runRoute()
#23 /home4/ygmarket/ygxone.com/yg-home/vendor/laravel/framework/src/Illuminate/Routing/Router.php(739): Illuminate\\Routing\\Router->dispatchToRoute()
#24 /home4/ygmarket/ygxone.com/yg-home/vendor/laravel/framework/src/Illuminate/Foundation/Http/Kernel.php(201): Illuminate\\Routing\\Router->dispatch()
#25 /home4/ygmarket/ygxone.com/yg-home/vendor/laravel/framework/src/Illuminate/Pipeline/Pipeline.php(170): Illuminate\\Foundation\\Http\\Kernel->Illuminate\\Foundation\\Http\\{closure}()
#26 /home4/ygmarket/ygxone.com/yg-home/app/Http/Middleware/RequestLogger.php(21): Illuminate\\Pipeline\\Pipeline->Illuminate\\Pipeline\\{closure}()
#27 /home4/ygmarket/ygxone.com/yg-home/vendor/laravel/framework/src/Illuminate/Pipeline/Pipeline.php(209): App\\Http\\Middleware\\RequestLogger->handle()
#28 /home4/ygmarket/ygxone.com/yg-home/vendor/laravel/framework/src/Illuminate/Foundation/Http/Middleware/TransformsRequest.php(21): Illuminate\\Pipeline\\Pipeline->Illuminate\\Pipeline\\{closure}()
#29 /home4/ygmarket/ygxone.com/yg-home/vendor/laravel/framework/src/Illuminate/Foundation/Http/Middleware/ConvertEmptyStringsToNull.php(31): Illuminate\\Foundation\\Http\\Middleware\\TransformsRequest->handle()
#30 /home4/ygmarket/ygxone.com/yg-home/vendor/laravel/framework/src/Illuminate/Pipeline/Pipeline.php(209): Illuminate\\Foundation\\Http\\Middleware\\ConvertEmptyStringsToNull->handle()
#31 /home4/ygmarket/ygxone.com/yg-home/vendor/laravel/framework/src/Illuminate/Foundation/Http/Middleware/TransformsRequest.php(21): Illuminate\\Pipeline\\Pipeline->Illuminate\\Pipeline\\{closure}()
#32 /home4/ygmarket/ygxone.com/yg-home/vendor/laravel/framework/src/Illuminate/Foundation/Http/Middleware/TrimStrings.php(51): Illuminate\\Foundation\\Http\\Middleware\\TransformsRequest->handle()
#33 /home4/ygmarket/ygxone.com/yg-home/vendor/laravel/framework/src/Illuminate/Pipeline/Pipeline.php(209): Illuminate\\Foundation\\Http\\Middleware\\TrimStrings->handle()
#34 /home4/ygmarket/ygxone.com/yg-home/vendor/laravel/framework/src/Illuminate/Http/Middleware/ValidatePostSize.php(27): Illuminate\\Pipeline\\Pipeline->Illuminate\\Pipeline\\{closure}()
#35 /home4/ygmarket/ygxone.com/yg-home/vendor/laravel/framework/src/Illuminate/Pipeline/Pipeline.php(209): Illuminate\\Http\\Middleware\\ValidatePostSize->handle()
#36 /home4/ygmarket/ygxone.com/yg-home/vendor/laravel/framework/src/Illuminate/Foundation/Http/Middleware/PreventRequestsDuringMaintenance.php(110): Illuminate\\Pipeline\\Pipeline->Illuminate\\Pipeline\\{closure}()
#37 /home4/ygmarket/ygxone.com/yg-home/vendor/laravel/framework/src/Illuminate/Pipeline/Pipeline.php(209): Illuminate\\Foundation\\Http\\Middleware\\PreventRequestsDuringMaintenance->handle()
#38 /home4/ygmarket/ygxone.com/yg-home/vendor/laravel/framework/src/Illuminate/Http/Middleware/HandleCors.php(49): Illuminate\\Pipeline\\Pipeline->Illuminate\\Pipeline\\{closure}()
#39 /home4/ygmarket/ygxone.com/yg-home/vendor/laravel/framework/src/Illuminate/Pipeline/Pipeline.php(209): Illuminate\\Http\\Middleware\\HandleCors->handle()
#40 /home4/ygmarket/ygxone.com/yg-home/vendor/laravel/framework/src/Illuminate/Http/Middleware/TrustProxies.php(58): Illuminate\\Pipeline\\Pipeline->Illuminate\\Pipeline\\{closure}()
#41 /home4/ygmarket/ygxone.com/yg-home/vendor/laravel/framework/src/Illuminate/Pipeline/Pipeline.php(209): Illuminate\\Http\\Middleware\\TrustProxies->handle()
#42 /home4/ygmarket/ygxone.com/yg-home/vendor/laravel/framework/src/Illuminate/Foundation/Http/Middleware/InvokeDeferredCallbacks.php(22): Illuminate\\Pipeline\\Pipeline->Illuminate\\Pipeline\\{closure}()
#43 /home4/ygmarket/ygxone.com/yg-home/vendor/laravel/framework/src/Illuminate/Pipeline/Pipeline.php(209): Illuminate\\Foundation\\Http\\Middleware\\InvokeDeferredCallbacks->handle()
#44 /home4/ygmarket/ygxone.com/yg-home/vendor/laravel/framework/src/Illuminate/Pipeline/Pipeline.php(127): Illuminate\\Pipeline\\Pipeline->Illuminate\\Pipeline\\{closure}()
#45 /home4/ygmarket/ygxone.com/yg-home/vendor/laravel/framework/src/Illuminate/Foundation/Http/Kernel.php(176): Illuminate\\Pipeline\\Pipeline->then()
#46 /home4/ygmarket/ygxone.com/yg-home/vendor/laravel/framework/src/Illuminate/Foundation/Http/Kernel.php(145): Illuminate\\Foundation\\Http\\Kernel->sendRequestThroughRouter()
#47 /home4/ygmarket/ygxone.com/yg-home/vendor/laravel/framework/src/Illuminate/Foundation/Application.php(1220): Illuminate\\Foundation\\Http\\Kernel->handle()
#48 /home4/ygmarket/ygxone.com/yg-home/public/index.php(17): Illuminate\\Foundation\\Application->handleRequest()
#49 {main}
"} 
[2026-05-09 21:09:26] local.INFO: Incoming Request {"url":"https://ygxone.com/search?q=Jeff%20bezos","method":"GET","ip":"145.40.133.115","user_agent":"Mozilla/5.0 (Windows NT 10.0; Win64; x64) AppleWebKit/537.36 (KHTML, like Gecko) Chrome/147.0.0.0 Safari/537.36 Edg/147.0.0.0"} 
[2026-05-09 21:09:26] local.ERROR: Failed to track search {"error":"SQLSTATE[HY000]: General error: 1 no such column: count (Connection: sqlite, SQL: insert into \"trending_searches\" (\"query\", \"trend_date\", \"count\") values (Jeff bezos, 2026-05-09, count + 1))"} 
[2026-05-09 21:09:29] local.INFO: Incoming Request {"url":"https://ygxone.com","method":"GET","ip":"145.40.133.115","user_agent":"Mozilla/5.0 (Windows NT 10.0; Win64; x64) AppleWebKit/537.36 (KHTML, like Gecko) Chrome/147.0.0.0 Safari/537.36 Edg/147.0.0.0"} 
[2026-05-09 21:09:50] local.INFO: Incoming Request {"url":"https://ygxone.com/search?q=Jeff%20bezos","method":"GET","ip":"145.40.133.115","user_agent":"Mozilla/5.0 (Windows NT 10.0; Win64; x64) AppleWebKit/537.36 (KHTML, like Gecko) Chrome/147.0.0.0 Safari/537.36 Edg/147.0.0.0"} 
[2026-05-09 21:09:50] local.ERROR: Failed to track search {"error":"SQLSTATE[HY000]: General error: 1 no such column: count (Connection: sqlite, SQL: insert into \"trending_searches\" (\"query\", \"trend_date\", \"count\") values (Jeff bezos, 2026-05-09, count + 1))"} 
[2026-05-09 21:10:45] local.INFO: Incoming Request {"url":"https://ygxone.com","method":"GET","ip":"145.40.133.115","user_agent":"Mozilla/5.0 (Windows NT 10.0; Win64; x64) AppleWebKit/537.36 (KHTML, like Gecko) Chrome/147.0.0.0 Safari/537.36 Edg/147.0.0.0"} 
[2026-05-09 21:11:25] local.INFO: Incoming Request {"url":"https://ygxone.com/search?q=","method":"GET","ip":"145.40.133.115","user_agent":"Mozilla/5.0 (Windows NT 10.0; Win64; x64) AppleWebKit/537.36 (KHTML, like Gecko) Chrome/147.0.0.0 Safari/537.36 Edg/147.0.0.0"} 
[2026-05-09 21:11:27] local.INFO: Incoming Request {"url":"https://ygxone.com/search?q=","method":"GET","ip":"145.40.133.115","user_agent":"Mozilla/5.0 (Windows NT 10.0; Win64; x64) AppleWebKit/537.36 (KHTML, like Gecko) Chrome/147.0.0.0 Safari/537.36 Edg/147.0.0.0"} 
[2026-05-09 21:12:55] local.INFO: Incoming Request {"url":"https://ygxone.com/search?q=","method":"GET","ip":"145.40.133.115","user_agent":"Mozilla/5.0 (Windows NT 10.0; Win64; x64) AppleWebKit/537.36 (KHTML, like Gecko) Chrome/147.0.0.0 Safari/537.36 Edg/147.0.0.0"} 
[2026-05-09 21:13:05] local.INFO: Incoming Request {"url":"https://ygxone.com/search?q=jeff%20bezos","method":"GET","ip":"145.40.133.115","user_agent":"Mozilla/5.0 (Windows NT 10.0; Win64; x64) AppleWebKit/537.36 (KHTML, like Gecko) Chrome/147.0.0.0 Safari/537.36 Edg/147.0.0.0"} 
[2026-05-09 21:13:05] local.ERROR: Failed to track search {"error":"SQLSTATE[HY000]: General error: 1 no such column: count (Connection: sqlite, SQL: insert into \"trending_searches\" (\"query\", \"trend_date\", \"count\") values (jeff bezos, 2026-05-09, count + 1))"} 
[2026-05-09 21:16:05] local.ERROR: Command "tinker" is not defined. {"exception":"[object] (Symfony\\Component\\Console\\Exception\\CommandNotFoundException(code: 0): Command \"tinker\" is not defined. at /home4/ygmarket/ygxone.com/yg-home/vendor/symfony/console/Application.php:759)
[stacktrace]
#0 /home4/ygmarket/ygxone.com/yg-home/vendor/symfony/console/Application.php(298): Symfony\\Component\\Console\\Application->find()
#1 /home4/ygmarket/ygxone.com/yg-home/vendor/symfony/console/Application.php(195): Symfony\\Component\\Console\\Application->doRun()
#2 /home4/ygmarket/ygxone.com/yg-home/vendor/laravel/framework/src/Illuminate/Foundation/Console/Kernel.php(198): Symfony\\Component\\Console\\Application->run()
#3 /home4/ygmarket/ygxone.com/yg-home/artisan(24): Illuminate\\Foundation\\Console\\Kernel->handle()
#4 {main}
"} 
[2026-05-09 21:18:22] local.INFO: Incoming Request {"url":"https://ygxone.com","method":"GET","ip":"145.40.133.115","user_agent":"Mozilla/5.0 (Windows NT 10.0; Win64; x64) AppleWebKit/537.36 (KHTML, like Gecko) Chrome/147.0.0.0 Safari/537.36 Edg/147.0.0.0"} 
[2026-05-09 21:18:22] local.ERROR: syntax error, unexpected token "private", expecting end of file {"exception":"[object] (ParseError(code: 0): syntax error, unexpected token \"private\", expecting end of file at /home4/ygmarket/ygxone.com/yg-home/app/Services/UnifiedSearchService.php:183)
[stacktrace]
#0 /home4/ygmarket/ygxone.com/yg-home/vendor/composer/ClassLoader.php(427): Composer\\Autoload\\{closure}()
#1 [internal function]: Composer\\Autoload\\ClassLoader->loadClass()
#2 /home4/ygmarket/ygxone.com/yg-home/vendor/laravel/framework/src/Illuminate/Container/Container.php(959): ReflectionClass->__construct()
#3 /home4/ygmarket/ygxone.com/yg-home/vendor/laravel/framework/src/Illuminate/Container/Container.php(832): Illuminate\\Container\\Container->build()
#4 /home4/ygmarket/ygxone.com/yg-home/vendor/laravel/framework/src/Illuminate/Foundation/Application.php(1078): Illuminate\\Container\\Container->resolve()
#5 /home4/ygmarket/ygxone.com/yg-home/vendor/laravel/framework/src/Illuminate/Container/Container.php(763): Illuminate\\Foundation\\Application->resolve()
#6 /home4/ygmarket/ygxone.com/yg-home/vendor/laravel/framework/src/Illuminate/Foundation/Application.php(1058): Illuminate\\Container\\Container->make()
#7 /home4/ygmarket/ygxone.com/yg-home/vendor/laravel/framework/src/Illuminate/Container/Container.php(1133): Illuminate\\Foundation\\Application->make()
#8 /home4/ygmarket/ygxone.com/yg-home/vendor/laravel/framework/src/Illuminate/Container/Container.php(1043): Illuminate\\Container\\Container->resolveClass()
#9 /home4/ygmarket/ygxone.com/yg-home/vendor/laravel/framework/src/Illuminate/Container/Container.php(994): Illuminate\\Container\\Container->resolveDependencies()
#10 /home4/ygmarket/ygxone.com/yg-home/vendor/laravel/framework/src/Illuminate/Container/Container.php(832): Illuminate\\Container\\Container->build()
#11 /home4/ygmarket/ygxone.com/yg-home/vendor/laravel/framework/src/Illuminate/Foundation/Application.php(1078): Illuminate\\Container\\Container->resolve()
#12 /home4/ygmarket/ygxone.com/yg-home/vendor/laravel/framework/src/Illuminate/Container/Container.php(763): Illuminate\\Foundation\\Application->resolve()
#13 /home4/ygmarket/ygxone.com/yg-home/vendor/laravel/framework/src/Illuminate/Foundation/Application.php(1058): Illuminate\\Container\\Container->make()
#14 /home4/ygmarket/ygxone.com/yg-home/vendor/laravel/framework/src/Illuminate/Routing/Route.php(285): Illuminate\\Foundation\\Application->make()
#15 /home4/ygmarket/ygxone.com/yg-home/vendor/laravel/framework/src/Illuminate/Routing/Route.php(267): Illuminate\\Routing\\Route->getController()
#16 /home4/ygmarket/ygxone.com/yg-home/vendor/laravel/framework/src/Illuminate/Routing/Route.php(212): Illuminate\\Routing\\Route->runController()
#17 /home4/ygmarket/ygxone.com/yg-home/vendor/laravel/framework/src/Illuminate/Routing/Router.php(808): Illuminate\\Routing\\Route->run()
#18 /home4/ygmarket/ygxone.com/yg-home/vendor/laravel/framework/src/Illuminate/Pipeline/Pipeline.php(170): Illuminate\\Routing\\Router->Illuminate\\Routing\\{closure}()
#19 /home4/ygmarket/ygxone.com/yg-home/vendor/laravel/framework/src/Illuminate/Routing/Middleware/SubstituteBindings.php(51): Illuminate\\Pipeline\\Pipeline->Illuminate\\Pipeline\\{closure}()
#20 /home4/ygmarket/ygxone.com/yg-home/vendor/laravel/framework/src/Illuminate/Pipeline/Pipeline.php(209): Illuminate\\Routing\\Middleware\\SubstituteBindings->handle()
#21 /home4/ygmarket/ygxone.com/yg-home/vendor/laravel/framework/src/Illuminate/Foundation/Http/Middleware/VerifyCsrfToken.php(88): Illuminate\\Pipeline\\Pipeline->Illuminate\\Pipeline\\{closure}()
#22 /home4/ygmarket/ygxone.com/yg-home/vendor/laravel/framework/src/Illuminate/Pipeline/Pipeline.php(209): Illuminate\\Foundation\\Http\\Middleware\\VerifyCsrfToken->handle()
#23 /home4/ygmarket/ygxone.com/yg-home/vendor/laravel/framework/src/Illuminate/View/Middleware/ShareErrorsFromSession.php(49): Illuminate\\Pipeline\\Pipeline->Illuminate\\Pipeline\\{closure}()
#24 /home4/ygmarket/ygxone.com/yg-home/vendor/laravel/framework/src/Illuminate/Pipeline/Pipeline.php(209): Illuminate\\View\\Middleware\\ShareErrorsFromSession->handle()
#25 /home4/ygmarket/ygxone.com/yg-home/vendor/laravel/framework/src/Illuminate/Session/Middleware/StartSession.php(121): Illuminate\\Pipeline\\Pipeline->Illuminate\\Pipeline\\{closure}()
#26 /home4/ygmarket/ygxone.com/yg-home/vendor/laravel/framework/src/Illuminate/Session/Middleware/StartSession.php(64): Illuminate\\Session\\Middleware\\StartSession->handleStatefulRequest()
#27 /home4/ygmarket/ygxone.com/yg-home/vendor/laravel/framework/src/Illuminate/Pipeline/Pipeline.php(209): Illuminate\\Session\\Middleware\\StartSession->handle()
#28 /home4/ygmarket/ygxone.com/yg-home/vendor/laravel/framework/src/Illuminate/Cookie/Middleware/AddQueuedCookiesToResponse.php(37): Illuminate\\Pipeline\\Pipeline->Illuminate\\Pipeline\\{closure}()
#29 /home4/ygmarket/ygxone.com/yg-home/vendor/laravel/framework/src/Illuminate/Pipeline/Pipeline.php(209): Illuminate\\Cookie\\Middleware\\AddQueuedCookiesToResponse->handle()
#30 /home4/ygmarket/ygxone.com/yg-home/vendor/laravel/framework/src/Illuminate/Cookie/Middleware/EncryptCookies.php(75): Illuminate\\Pipeline\\Pipeline->Illuminate\\Pipeline\\{closure}()
#31 /home4/ygmarket/ygxone.com/yg-home/vendor/laravel/framework/src/Illuminate/Pipeline/Pipeline.php(209): Illuminate\\Cookie\\Middleware\\EncryptCookies->handle()
#32 /home4/ygmarket/ygxone.com/yg-home/vendor/laravel/framework/src/Illuminate/Pipeline/Pipeline.php(127): Illuminate\\Pipeline\\Pipeline->Illuminate\\Pipeline\\{closure}()
#33 /home4/ygmarket/ygxone.com/yg-home/vendor/laravel/framework/src/Illuminate/Routing/Router.php(807): Illuminate\\Pipeline\\Pipeline->then()
#34 /home4/ygmarket/ygxone.com/yg-home/vendor/laravel/framework/src/Illuminate/Routing/Router.php(786): Illuminate\\Routing\\Router->runRouteWithinStack()
#35 /home4/ygmarket/ygxone.com/yg-home/vendor/laravel/framework/src/Illuminate/Routing/Router.php(750): Illuminate\\Routing\\Router->runRoute()
#36 /home4/ygmarket/ygxone.com/yg-home/vendor/laravel/framework/src/Illuminate/Routing/Router.php(739): Illuminate\\Routing\\Router->dispatchToRoute()
#37 /home4/ygmarket/ygxone.com/yg-home/vendor/laravel/framework/src/Illuminate/Foundation/Http/Kernel.php(201): Illuminate\\Routing\\Router->dispatch()
#38 /home4/ygmarket/ygxone.com/yg-home/vendor/laravel/framework/src/Illuminate/Pipeline/Pipeline.php(170): Illuminate\\Foundation\\Http\\Kernel->Illuminate\\Foundation\\Http\\{closure}()
#39 /home4/ygmarket/ygxone.com/yg-home/app/Http/Middleware/RequestLogger.php(21): Illuminate\\Pipeline\\Pipeline->Illuminate\\Pipeline\\{closure}()
#40 /home4/ygmarket/ygxone.com/yg-home/vendor/laravel/framework/src/Illuminate/Pipeline/Pipeline.php(209): App\\Http\\Middleware\\RequestLogger->handle()
#41 /home4/ygmarket/ygxone.com/yg-home/vendor/laravel/framework/src/Illuminate/Foundation/Http/Middleware/TransformsRequest.php(21): Illuminate\\Pipeline\\Pipeline->Illuminate\\Pipeline\\{closure}()
#42 /home4/ygmarket/ygxone.com/yg-home/vendor/laravel/framework/src/Illuminate/Foundation/Http/Middleware/ConvertEmptyStringsToNull.php(31): Illuminate\\Foundation\\Http\\Middleware\\TransformsRequest->handle()
#43 /home4/ygmarket/ygxone.com/yg-home/vendor/laravel/framework/src/Illuminate/Pipeline/Pipeline.php(209): Illuminate\\Foundation\\Http\\Middleware\\ConvertEmptyStringsToNull->handle()
#44 /home4/ygmarket/ygxone.com/yg-home/vendor/laravel/framework/src/Illuminate/Foundation/Http/Middleware/TransformsRequest.php(21): Illuminate\\Pipeline\\Pipeline->Illuminate\\Pipeline\\{closure}()
#45 /home4/ygmarket/ygxone.com/yg-home/vendor/laravel/framework/src/Illuminate/Foundation/Http/Middleware/TrimStrings.php(51): Illuminate\\Foundation\\Http\\Middleware\\TransformsRequest->handle()
#46 /home4/ygmarket/ygxone.com/yg-home/vendor/laravel/framework/src/Illuminate/Pipeline/Pipeline.php(209): Illuminate\\Foundation\\Http\\Middleware\\TrimStrings->handle()
#47 /home4/ygmarket/ygxone.com/yg-home/vendor/laravel/framework/src/Illuminate/Http/Middleware/ValidatePostSize.php(27): Illuminate\\Pipeline\\Pipeline->Illuminate\\Pipeline\\{closure}()
#48 /home4/ygmarket/ygxone.com/yg-home/vendor/laravel/framework/src/Illuminate/Pipeline/Pipeline.php(209): Illuminate\\Http\\Middleware\\ValidatePostSize->handle()
#49 /home4/ygmarket/ygxone.com/yg-home/vendor/laravel/framework/src/Illuminate/Foundation/Http/Middleware/PreventRequestsDuringMaintenance.php(110): Illuminate\\Pipeline\\Pipeline->Illuminate\\Pipeline\\{closure}()
#50 /home4/ygmarket/ygxone.com/yg-home/vendor/laravel/framework/src/Illuminate/Pipeline/Pipeline.php(209): Illuminate\\Foundation\\Http\\Middleware\\PreventRequestsDuringMaintenance->handle()
#51 /home4/ygmarket/ygxone.com/yg-home/vendor/laravel/framework/src/Illuminate/Http/Middleware/HandleCors.php(49): Illuminate\\Pipeline\\Pipeline->Illuminate\\Pipeline\\{closure}()
#52 /home4/ygmarket/ygxone.com/yg-home/vendor/laravel/framework/src/Illuminate/Pipeline/Pipeline.php(209): Illuminate\\Http\\Middleware\\HandleCors->handle()
#53 /home4/ygmarket/ygxone.com/yg-home/vendor/laravel/framework/src/Illuminate/Http/Middleware/TrustProxies.php(58): Illuminate\\Pipeline\\Pipeline->Illuminate\\Pipeline\\{closure}()
#54 /home4/ygmarket/ygxone.com/yg-home/vendor/laravel/framework/src/Illuminate/Pipeline/Pipeline.php(209): Illuminate\\Http\\Middleware\\TrustProxies->handle()
#55 /home4/ygmarket/ygxone.com/yg-home/vendor/laravel/framework/src/Illuminate/Foundation/Http/Middleware/InvokeDeferredCallbacks.php(22): Illuminate\\Pipeline\\Pipeline->Illuminate\\Pipeline\\{closure}()
#56 /home4/ygmarket/ygxone.com/yg-home/vendor/laravel/framework/src/Illuminate/Pipeline/Pipeline.php(209): Illuminate\\Foundation\\Http\\Middleware\\InvokeDeferredCallbacks->handle()
#57 /home4/ygmarket/ygxone.com/yg-home/vendor/laravel/framework/src/Illuminate/Pipeline/Pipeline.php(127): Illuminate\\Pipeline\\Pipeline->Illuminate\\Pipeline\\{closure}()
#58 /home4/ygmarket/ygxone.com/yg-home/vendor/laravel/framework/src/Illuminate/Foundation/Http/Kernel.php(176): Illuminate\\Pipeline\\Pipeline->then()
#59 /home4/ygmarket/ygxone.com/yg-home/vendor/laravel/framework/src/Illuminate/Foundation/Http/Kernel.php(145): Illuminate\\Foundation\\Http\\Kernel->sendRequestThroughRouter()
#60 /home4/ygmarket/ygxone.com/yg-home/vendor/laravel/framework/src/Illuminate/Foundation/Application.php(1220): Illuminate\\Foundation\\Http\\Kernel->handle()
#61 /home4/ygmarket/ygxone.com/yg-home/public/index.php(17): Illuminate\\Foundation\\Application->handleRequest()
#62 {main}
"} 
[2026-05-09 21:19:58] local.INFO: Incoming Request {"url":"https://ygxone.com","method":"GET","ip":"145.40.133.115","user_agent":"Mozilla/5.0 (Windows NT 10.0; Win64; x64) AppleWebKit/537.36 (KHTML, like Gecko) Chrome/147.0.0.0 Safari/537.36 Edg/147.0.0.0"} 
[2026-05-09 21:20:06] local.INFO: Incoming Request {"url":"https://ygxone.com/search?q=jeff%20bezos","method":"GET","ip":"145.40.133.115","user_agent":"Mozilla/5.0 (Windows NT 10.0; Win64; x64) AppleWebKit/537.36 (KHTML, like Gecko) Chrome/147.0.0.0 Safari/537.36 Edg/147.0.0.0"} 
[2026-05-09 21:20:08] local.ERROR: Failed to track search {"error":"SQLSTATE[HY000]: General error: 1 no such column: count (Connection: sqlite, SQL: insert into \"trending_searches\" (\"query\", \"trend_date\", \"count\") values (jeff bezos, 2026-05-09, count + 1))"} 
[2026-05-09 21:26:22] local.INFO: Incoming Request {"url":"https://www.ygxone.com","method":"GET","ip":"145.40.133.115","user_agent":"Mozilla/5.0 (Windows NT 10.0; Win64; x64) AppleWebKit/537.36 (KHTML, like Gecko) Chrome/147.0.0.0 Safari/537.36 Edg/147.0.0.0"} 
[2026-05-09 21:26:22] local.INFO: Incoming Request {"url":"https://www.ygxone.com/favicon.ico","method":"GET","ip":"145.40.133.115","user_agent":"Mozilla/5.0 (Windows NT 10.0; Win64; x64) AppleWebKit/537.36 (KHTML, like Gecko) Chrome/147.0.0.0 Safari/537.36 Edg/147.0.0.0"} 
[2026-05-09 21:27:14] local.INFO: Incoming Request {"url":"https://www.ygxone.com/search?q=elon%20musk","method":"GET","ip":"145.40.133.115","user_agent":"Mozilla/5.0 (iPhone; CPU iPhone OS 18_5 like Mac OS X) AppleWebKit/605.1.15 (KHTML, like Gecko) Version/18.5 Mobile/15E148 Safari/604.1 Edg/147.0.0.0"} 
[2026-05-09 21:27:15] local.ERROR: Failed to track search {"error":"SQLSTATE[HY000]: General error: 1 no such column: count (Connection: sqlite, SQL: insert into \"trending_searches\" (\"query\", \"trend_date\", \"count\") values (elon musk, 2026-05-09, count + 1))"} 
[2026-05-09 21:28:47] local.INFO: Incoming Request {"url":"https://www.ygxone.com","method":"GET","ip":"145.40.133.115","user_agent":"Mozilla/5.0 (Windows NT 10.0; Win64; x64) AppleWebKit/537.36 (KHTML, like Gecko) Chrome/147.0.0.0 Safari/537.36 Edg/147.0.0.0"} 
[2026-05-09 21:32:21] local.INFO: Incoming Request {"url":"https://ygxone.com","method":"GET","ip":"4.209.236.23","user_agent":"Mozilla/5.0 (Windows NT 10.0; Win64; x64) AppleWebKit/537.36 (KHTML, like Gecko) Chrome/131.0.0.0 Safari/537.36 Edg/131.0.0.0"} 
[2026-05-09 21:32:32] local.INFO: Incoming Request {"url":"https://www.ygxone.com/robots.txt","method":"GET","ip":"40.77.167.93","user_agent":"Mozilla/5.0 AppleWebKit/537.36 (KHTML, like Gecko; compatible; bingbot/2.0; +http://www.bing.com/bingbot.htm) Chrome/116.0.1938.76 Safari/537.36"} 
[2026-05-09 21:32:34] local.INFO: Incoming Request {"url":"https://www.ygxone.com","method":"GET","ip":"207.46.13.6","user_agent":"Mozilla/5.0 AppleWebKit/537.36 (KHTML, like Gecko; compatible; bingbot/2.0; +http://www.bing.com/bingbot.htm) Chrome/116.0.1938.76 Safari/537.36"} 
[2026-05-09 21:34:36] local.INFO: Incoming Request {"url":"https://www.ygxone.com","method":"GET","ip":"145.40.133.115","user_agent":"Mozilla/5.0 (Windows NT 10.0; Win64; x64) AppleWebKit/537.36 (KHTML, like Gecko) Chrome/147.0.0.0 Safari/537.36 Edg/147.0.0.0"} 
[2026-05-09 21:39:31] local.INFO: Incoming Request {"url":"https://ygxone.com","method":"GET","ip":"145.40.133.115","user_agent":"Mozilla/5.0 (Windows NT 10.0; Win64; x64) AppleWebKit/537.36 (KHTML, like Gecko) Chrome/147.0.0.0 Safari/537.36"} 
[2026-05-09 21:39:32] local.INFO: Incoming Request {"url":"https://ygxone.com/favicon.ico","method":"GET","ip":"145.40.133.115","user_agent":"Mozilla/5.0 (Windows NT 10.0; Win64; x64) AppleWebKit/537.36 (KHTML, like Gecko) Chrome/147.0.0.0 Safari/537.36"} 
[2026-05-09 21:42:14] local.INFO: Incoming Request {"url":"https://ygxone.com/robots.txt","method":"GET","ip":"40.77.167.93","user_agent":"Mozilla/5.0 AppleWebKit/537.36 (KHTML, like Gecko; compatible; bingbot/2.0; +http://www.bing.com/bingbot.htm) Chrome/116.0.1938.76 Safari/537.36"} 
[2026-05-09 21:42:26] local.INFO: Incoming Request {"url":"https://ygxone.com","method":"GET","ip":"157.55.39.60","user_agent":"Mozilla/5.0 AppleWebKit/537.36 (KHTML, like Gecko; compatible; bingbot/2.0; +http://www.bing.com/bingbot.htm) Chrome/116.0.1938.76 Safari/537.36"} 
[2026-05-09 21:52:07] local.INFO: Incoming Request {"url":"https://www.ygxone.com","method":"GET","ip":"207.46.13.6","user_agent":"Mozilla/5.0 AppleWebKit/537.36 (KHTML, like Gecko; compatible; bingbot/2.0; +http://www.bing.com/bingbot.htm) Chrome/116.0.1938.76 Safari/537.36"} 
[2026-05-09 22:03:37] local.INFO: Incoming Request {"url":"https://www.ygxone.com","method":"GET","ip":"43.159.47.35","user_agent":"Mozilla/5.0 (iPhone; CPU iPhone OS 13_2_3 like Mac OS X) AppleWebKit/605.1.15 (KHTML, like Gecko) Version/13.0.3 Mobile/15E148 Safari/604.1"} 
[2026-05-09 22:09:31] local.INFO: Incoming Request {"url":"https://ygxone.com/wp-admin/install.php?step=1","method":"GET","ip":"162.158.183.30","user_agent":"http://ygxone.com/wp-admin/install.php?step=1"} 
[2026-05-09 22:15:21] local.INFO: Incoming Request {"url":"https://www.ygxone.com/search","method":"GET","ip":"157.55.39.194","user_agent":"Mozilla/5.0 AppleWebKit/537.36 (KHTML, like Gecko; compatible; bingbot/2.0; +http://www.bing.com/bingbot.htm) Chrome/116.0.1938.76 Safari/537.36"} 
[2026-05-09 22:18:08] local.INFO: Incoming Request {"url":"https://www.ygxone.com","method":"GET","ip":"157.55.39.201","user_agent":"Mozilla/5.0 AppleWebKit/537.36 (KHTML, like Gecko; compatible; bingbot/2.0; +http://www.bing.com/bingbot.htm) Chrome/116.0.1938.76 Safari/537.36"} 
[2026-05-09 22:26:50] local.INFO: Incoming Request {"url":"https://www.ygxone.com","method":"GET","ip":"157.55.39.194","user_agent":"Mozilla/5.0 AppleWebKit/537.36 (KHTML, like Gecko; compatible; bingbot/2.0; +http://www.bing.com/bingbot.htm) Chrome/116.0.1938.76 Safari/537.36"} 
[2026-05-09 22:50:44] local.INFO: Incoming Request {"url":"https://ygxone.com","method":"GET","ip":"123.58.215.102","user_agent":"Mozilla/5.0 (Windows NT 8_0; Win64; x64) AppleWebKit/586.45 (KHTML, like Gecko) Chrome/81.0.679 Safari/537.36"} 
[2026-05-09 22:50:49] local.INFO: Incoming Request {"url":"https://ygxone.com/favicon.ico","method":"GET","ip":"123.58.215.102","user_agent":"Go-http-client/1.1"} 
[2026-05-09 22:50:50] local.INFO: Incoming Request {"url":"https://ygxone.com/sitemap.xml","method":"GET","ip":"123.58.215.102","user_agent":"Go-http-client/1.1"} 
[2026-05-09 22:50:50] local.INFO: Incoming Request {"url":"https://ygxone.com/robots.txt","method":"GET","ip":"123.58.215.102","user_agent":"Go-http-client/1.1"} 
[2026-05-09 22:59:18] local.INFO: Incoming Request {"url":"https://www.ygxone.com/search","method":"GET","ip":"43.133.36.219","user_agent":"Mozilla/5.0 (iPhone; CPU iPhone OS 13_2_3 like Mac OS X) AppleWebKit/605.1.15 (KHTML, like Gecko) Version/13.0.3 Mobile/15E148 Safari/604.1"} 
[2026-05-09 23:01:25] local.INFO: Incoming Request {"url":"https://www.ygxone.com/search","method":"GET","ip":"43.166.247.155","user_agent":"Mozilla/5.0 (iPhone; CPU iPhone OS 13_2_3 like Mac OS X) AppleWebKit/605.1.15 (KHTML, like Gecko) Version/13.0.3 Mobile/15E148 Safari/604.1"} 
[2026-05-09 23:25:33] local.INFO: Incoming Request {"url":"https://ygxone.com/wp-admin/install.php?step=1","method":"GET","ip":"162.158.183.30","user_agent":"http://ygxone.com/wp-admin/install.php?step=1"} 
[2026-05-09 23:34:13] local.INFO: Incoming Request {"url":"https://ygxone.com/terms","method":"GET","ip":"43.134.162.36","user_agent":"Mozilla/5.0 (iPhone; CPU iPhone OS 13_2_3 like Mac OS X) AppleWebKit/605.1.15 (KHTML, like Gecko) Version/13.0.3 Mobile/15E148 Safari/604.1"} 
[2026-05-10 00:34:26] local.INFO: Incoming Request {"url":"https://ygxone.com/wp-admin/install.php?step=1","method":"GET","ip":"162.158.183.29","user_agent":"http://ygxone.com/wp-admin/install.php?step=1"} 
[2026-05-10 01:14:52] local.INFO: Incoming Request {"url":"https://ygxone.com","method":"GET","ip":"43.166.239.145","user_agent":"Mozilla/5.0 (iPhone; CPU iPhone OS 13_2_3 like Mac OS X) AppleWebKit/605.1.15 (KHTML, like Gecko) Version/13.0.3 Mobile/15E148 Safari/604.1"} 
[2026-05-10 02:07:48] local.INFO: Incoming Request {"url":"https://www.ygxone.com","method":"GET","ip":"43.166.132.142","user_agent":"Mozilla/5.0 (iPhone; CPU iPhone OS 13_2_3 like Mac OS X) AppleWebKit/605.1.15 (KHTML, like Gecko) Version/13.0.3 Mobile/15E148 Safari/604.1"} 
[2026-05-10 02:57:06] local.INFO: Incoming Request {"url":"https://ygxone.com/wp-admin/install.php?step=1","method":"GET","ip":"172.68.10.114","user_agent":"http://ygxone.com/wp-admin/install.php?step=1"} 
[2026-05-10 03:00:24] local.INFO: Incoming Request {"url":"https://www.ygxone.com","method":"GET","ip":"145.40.133.115","user_agent":"Mozilla/5.0 (Windows NT 10.0; Win64; x64) AppleWebKit/537.36 (KHTML, like Gecko) Chrome/147.0.0.0 Safari/537.36 Edg/147.0.0.0"} 
[2026-05-10 03:00:33] local.INFO: Incoming Request {"url":"https://www.ygxone.com/search?q=How%20to%20use%20YGXONE%3F","method":"GET","ip":"145.40.133.115","user_agent":"Mozilla/5.0 (Windows NT 10.0; Win64; x64) AppleWebKit/537.36 (KHTML, like Gecko) Chrome/147.0.0.0 Safari/537.36 Edg/147.0.0.0"} 
[2026-05-10 03:00:34] local.ERROR: AI suggestions failed {"error":"cURL error 6: Could not resolve host: ai.ygxone.com (see https://curl.haxx.se/libcurl/c/libcurl-errors.html) for https://ai.ygxone.com/api/"} 
[2026-05-10 03:00:36] local.ERROR: Ecosystem search failed {"error":"Method Laravel\\Scout\\Builder::limit does not exist."} 
[2026-05-10 03:00:36] local.ERROR: AI answer generation failed {"error":"cURL error 6: Could not resolve host: ai.ygxone.com (see https://curl.haxx.se/libcurl/c/libcurl-errors.html) for https://ai.ygxone.com/api/"} 
[2026-05-10 03:00:36] local.ERROR: Failed to log search training data {"error":"SQLSTATE[HY000]: General error: 1 no such table: main.users (Connection: sqlite, SQL: insert into \"search_training_data\" (\"query\", \"result_count\", \"had_clicks\", \"session_id\", \"user_id\", \"created_at\") values (How to use YGXONE?, 17, 0, 9JroNgk7J3Qhc57F7YjdGRP15uhsp1MhA1h5dHJ1, ?, 2026-05-10 03:00:36))"} 
[2026-05-10 03:00:36] local.ERROR: Class "App\Http\Controllers\Log" not found {"exception":"[object] (Error(code: 0): Class \"App\\Http\\Controllers\\Log\" not found at /home4/ygmarket/ygxone.com/yg-home/app/Http/Controllers/SearchController.php:60)
[stacktrace]
#0 /home4/ygmarket/ygxone.com/yg-home/vendor/laravel/framework/src/Illuminate/Routing/ControllerDispatcher.php(47): App\\Http\\Controllers\\SearchController->index()
#1 /home4/ygmarket/ygxone.com/yg-home/vendor/laravel/framework/src/Illuminate/Routing/Route.php(266): Illuminate\\Routing\\ControllerDispatcher->dispatch()
#2 /home4/ygmarket/ygxone.com/yg-home/vendor/laravel/framework/src/Illuminate/Routing/Route.php(212): Illuminate\\Routing\\Route->runController()
#3 /home4/ygmarket/ygxone.com/yg-home/vendor/laravel/framework/src/Illuminate/Routing/Router.php(808): Illuminate\\Routing\\Route->run()
#4 /home4/ygmarket/ygxone.com/yg-home/vendor/laravel/framework/src/Illuminate/Pipeline/Pipeline.php(170): Illuminate\\Routing\\Router->Illuminate\\Routing\\{closure}()
#5 /home4/ygmarket/ygxone.com/yg-home/vendor/laravel/framework/src/Illuminate/Routing/Middleware/SubstituteBindings.php(51): Illuminate\\Pipeline\\Pipeline->Illuminate\\Pipeline\\{closure}()
#6 /home4/ygmarket/ygxone.com/yg-home/vendor/laravel/framework/src/Illuminate/Pipeline/Pipeline.php(209): Illuminate\\Routing\\Middleware\\SubstituteBindings->handle()
#7 /home4/ygmarket/ygxone.com/yg-home/vendor/laravel/framework/src/Illuminate/Foundation/Http/Middleware/VerifyCsrfToken.php(88): Illuminate\\Pipeline\\Pipeline->Illuminate\\Pipeline\\{closure}()
#8 /home4/ygmarket/ygxone.com/yg-home/vendor/laravel/framework/src/Illuminate/Pipeline/Pipeline.php(209): Illuminate\\Foundation\\Http\\Middleware\\VerifyCsrfToken->handle()
#9 /home4/ygmarket/ygxone.com/yg-home/vendor/laravel/framework/src/Illuminate/View/Middleware/ShareErrorsFromSession.php(49): Illuminate\\Pipeline\\Pipeline->Illuminate\\Pipeline\\{closure}()
#10 /home4/ygmarket/ygxone.com/yg-home/vendor/laravel/framework/src/Illuminate/Pipeline/Pipeline.php(209): Illuminate\\View\\Middleware\\ShareErrorsFromSession->handle()
#11 /home4/ygmarket/ygxone.com/yg-home/vendor/laravel/framework/src/Illuminate/Session/Middleware/StartSession.php(121): Illuminate\\Pipeline\\Pipeline->Illuminate\\Pipeline\\{closure}()
#12 /home4/ygmarket/ygxone.com/yg-home/vendor/laravel/framework/src/Illuminate/Session/Middleware/StartSession.php(64): Illuminate\\Session\\Middleware\\StartSession->handleStatefulRequest()
#13 /home4/ygmarket/ygxone.com/yg-home/vendor/laravel/framework/src/Illuminate/Pipeline/Pipeline.php(209): Illuminate\\Session\\Middleware\\StartSession->handle()
#14 /home4/ygmarket/ygxone.com/yg-home/vendor/laravel/framework/src/Illuminate/Cookie/Middleware/AddQueuedCookiesToResponse.php(37): Illuminate\\Pipeline\\Pipeline->Illuminate\\Pipeline\\{closure}()
#15 /home4/ygmarket/ygxone.com/yg-home/vendor/laravel/framework/src/Illuminate/Pipeline/Pipeline.php(209): Illuminate\\Cookie\\Middleware\\AddQueuedCookiesToResponse->handle()
#16 /home4/ygmarket/ygxone.com/yg-home/vendor/laravel/framework/src/Illuminate/Cookie/Middleware/EncryptCookies.php(75): Illuminate\\Pipeline\\Pipeline->Illuminate\\Pipeline\\{closure}()
#17 /home4/ygmarket/ygxone.com/yg-home/vendor/laravel/framework/src/Illuminate/Pipeline/Pipeline.php(209): Illuminate\\Cookie\\Middleware\\EncryptCookies->handle()
#18 /home4/ygmarket/ygxone.com/yg-home/vendor/laravel/framework/src/Illuminate/Pipeline/Pipeline.php(127): Illuminate\\Pipeline\\Pipeline->Illuminate\\Pipeline\\{closure}()
#19 /home4/ygmarket/ygxone.com/yg-home/vendor/laravel/framework/src/Illuminate/Routing/Router.php(807): Illuminate\\Pipeline\\Pipeline->then()
#20 /home4/ygmarket/ygxone.com/yg-home/vendor/laravel/framework/src/Illuminate/Routing/Router.php(786): Illuminate\\Routing\\Router->runRouteWithinStack()
#21 /home4/ygmarket/ygxone.com/yg-home/vendor/laravel/framework/src/Illuminate/Routing/Router.php(750): Illuminate\\Routing\\Router->runRoute()
#22 /home4/ygmarket/ygxone.com/yg-home/vendor/laravel/framework/src/Illuminate/Routing/Router.php(739): Illuminate\\Routing\\Router->dispatchToRoute()
#23 /home4/ygmarket/ygxone.com/yg-home/vendor/laravel/framework/src/Illuminate/Foundation/Http/Kernel.php(201): Illuminate\\Routing\\Router->dispatch()
#24 /home4/ygmarket/ygxone.com/yg-home/vendor/laravel/framework/src/Illuminate/Pipeline/Pipeline.php(170): Illuminate\\Foundation\\Http\\Kernel->Illuminate\\Foundation\\Http\\{closure}()
#25 /home4/ygmarket/ygxone.com/yg-home/app/Http/Middleware/RequestLogger.php(21): Illuminate\\Pipeline\\Pipeline->Illuminate\\Pipeline\\{closure}()
#26 /home4/ygmarket/ygxone.com/yg-home/vendor/laravel/framework/src/Illuminate/Pipeline/Pipeline.php(209): App\\Http\\Middleware\\RequestLogger->handle()
#27 /home4/ygmarket/ygxone.com/yg-home/vendor/laravel/framework/src/Illuminate/Foundation/Http/Middleware/TransformsRequest.php(21): Illuminate\\Pipeline\\Pipeline->Illuminate\\Pipeline\\{closure}()
#28 /home4/ygmarket/ygxone.com/yg-home/vendor/laravel/framework/src/Illuminate/Foundation/Http/Middleware/ConvertEmptyStringsToNull.php(31): Illuminate\\Foundation\\Http\\Middleware\\TransformsRequest->handle()
#29 /home4/ygmarket/ygxone.com/yg-home/vendor/laravel/framework/src/Illuminate/Pipeline/Pipeline.php(209): Illuminate\\Foundation\\Http\\Middleware\\ConvertEmptyStringsToNull->handle()
#30 /home4/ygmarket/ygxone.com/yg-home/vendor/laravel/framework/src/Illuminate/Foundation/Http/Middleware/TransformsRequest.php(21): Illuminate\\Pipeline\\Pipeline->Illuminate\\Pipeline\\{closure}()
#31 /home4/ygmarket/ygxone.com/yg-home/vendor/laravel/framework/src/Illuminate/Foundation/Http/Middleware/TrimStrings.php(51): Illuminate\\Foundation\\Http\\Middleware\\TransformsRequest->handle()
#32 /home4/ygmarket/ygxone.com/yg-home/vendor/laravel/framework/src/Illuminate/Pipeline/Pipeline.php(209): Illuminate\\Foundation\\Http\\Middleware\\TrimStrings->handle()
#33 /home4/ygmarket/ygxone.com/yg-home/vendor/laravel/framework/src/Illuminate/Http/Middleware/ValidatePostSize.php(27): Illuminate\\Pipeline\\Pipeline->Illuminate\\Pipeline\\{closure}()
#34 /home4/ygmarket/ygxone.com/yg-home/vendor/laravel/framework/src/Illuminate/Pipeline/Pipeline.php(209): Illuminate\\Http\\Middleware\\ValidatePostSize->handle()
#35 /home4/ygmarket/ygxone.com/yg-home/vendor/laravel/framework/src/Illuminate/Foundation/Http/Middleware/PreventRequestsDuringMaintenance.php(110): Illuminate\\Pipeline\\Pipeline->Illuminate\\Pipeline\\{closure}()
#36 /home4/ygmarket/ygxone.com/yg-home/vendor/laravel/framework/src/Illuminate/Pipeline/Pipeline.php(209): Illuminate\\Foundation\\Http\\Middleware\\PreventRequestsDuringMaintenance->handle()
#37 /home4/ygmarket/ygxone.com/yg-home/vendor/laravel/framework/src/Illuminate/Http/Middleware/HandleCors.php(49): Illuminate\\Pipeline\\Pipeline->Illuminate\\Pipeline\\{closure}()
#38 /home4/ygmarket/ygxone.com/yg-home/vendor/laravel/framework/src/Illuminate/Pipeline/Pipeline.php(209): Illuminate\\Http\\Middleware\\HandleCors->handle()
#39 /home4/ygmarket/ygxone.com/yg-home/vendor/laravel/framework/src/Illuminate/Http/Middleware/TrustProxies.php(58): Illuminate\\Pipeline\\Pipeline->Illuminate\\Pipeline\\{closure}()
#40 /home4/ygmarket/ygxone.com/yg-home/vendor/laravel/framework/src/Illuminate/Pipeline/Pipeline.php(209): Illuminate\\Http\\Middleware\\TrustProxies->handle()
#41 /home4/ygmarket/ygxone.com/yg-home/vendor/laravel/framework/src/Illuminate/Foundation/Http/Middleware/InvokeDeferredCallbacks.php(22): Illuminate\\Pipeline\\Pipeline->Illuminate\\Pipeline\\{closure}()
#42 /home4/ygmarket/ygxone.com/yg-home/vendor/laravel/framework/src/Illuminate/Pipeline/Pipeline.php(209): Illuminate\\Foundation\\Http\\Middleware\\InvokeDeferredCallbacks->handle()
#43 /home4/ygmarket/ygxone.com/yg-home/vendor/laravel/framework/src/Illuminate/Pipeline/Pipeline.php(127): Illuminate\\Pipeline\\Pipeline->Illuminate\\Pipeline\\{closure}()
#44 /home4/ygmarket/ygxone.com/yg-home/vendor/laravel/framework/src/Illuminate/Foundation/Http/Kernel.php(176): Illuminate\\Pipeline\\Pipeline->then()
#45 /home4/ygmarket/ygxone.com/yg-home/vendor/laravel/framework/src/Illuminate/Foundation/Http/Kernel.php(145): Illuminate\\Foundation\\Http\\Kernel->sendRequestThroughRouter()
#46 /home4/ygmarket/ygxone.com/yg-home/vendor/laravel/framework/src/Illuminate/Foundation/Application.php(1220): Illuminate\\Foundation\\Http\\Kernel->handle()
#47 /home4/ygmarket/ygxone.com/yg-home/public/index.php(17): Illuminate\\Foundation\\Application->handleRequest()
#48 {main}
"} 
[2026-05-10 03:01:47] local.INFO: Incoming Request {"url":"https://www.ygxone.com/search?q=How%20to%20use%20YGXONE%3F","method":"GET","ip":"145.40.133.115","user_agent":"Mozilla/5.0 (Windows NT 10.0; Win64; x64) AppleWebKit/537.36 (KHTML, like Gecko) Chrome/147.0.0.0 Safari/537.36 Edg/147.0.0.0"} 
[2026-05-10 03:01:47] local.ERROR: AI suggestions failed {"error":"cURL error 6: Could not resolve host: ai.ygxone.com (see https://curl.haxx.se/libcurl/c/libcurl-errors.html) for https://ai.ygxone.com/api/"} 
[2026-05-10 03:01:48] local.ERROR: Ecosystem search failed {"error":"Method Laravel\\Scout\\Builder::limit does not exist."} 
[2026-05-10 03:01:48] local.ERROR: AI answer generation failed {"error":"cURL error 6: Could not resolve host: ai.ygxone.com (see https://curl.haxx.se/libcurl/c/libcurl-errors.html) for https://ai.ygxone.com/api/"} 
[2026-05-10 03:01:48] local.ERROR: Failed to log search training data {"error":"SQLSTATE[HY000]: General error: 1 no such table: main.users (Connection: sqlite, SQL: insert into \"search_training_data\" (\"query\", \"result_count\", \"had_clicks\", \"session_id\", \"user_id\", \"created_at\") values (How to use YGXONE?, 17, 0, 9JroNgk7J3Qhc57F7YjdGRP15uhsp1MhA1h5dHJ1, ?, 2026-05-10 03:01:48))"} 
[2026-05-10 03:01:48] local.ERROR: Search failed {"query":"How to use YGXONE?","error":"Array to string conversion","trace":"#0 /home4/ygmarket/ygxone.com/yg-home/vendor/laravel/framework/src/Illuminate/Foundation/Bootstrap/HandleExceptions.php(258): Illuminate\\Foundation\\Bootstrap\\HandleExceptions->handleError()
#1 /home4/ygmarket/ygxone.com/yg-home/app/Services/UnifiedSearchService.php(413): Illuminate\\Foundation\\Bootstrap\\HandleExceptions->Illuminate\\Foundation\\Bootstrap\\{closure}()
#2 /home4/ygmarket/ygxone.com/yg-home/app/Services/UnifiedSearchService.php(384): App\\Services\\UnifiedSearchService->prepareTrainingText()
#3 laravel-serializable-closure://function () use ($query, $results) {
            $this->sendToYugaLLMTraining($query, $results);
        }(3): App\\Services\\UnifiedSearchService->sendToYugaLLMTraining()
#4 /home4/ygmarket/ygxone.com/yg-home/vendor/laravel/framework/src/Illuminate/Container/BoundMethod.php(36): App\\Services\\UnifiedSearchService->{closure}()
#5 /home4/ygmarket/ygxone.com/yg-home/vendor/laravel/framework/src/Illuminate/Container/Util.php(43): Illuminate\\Container\\BoundMethod::Illuminate\\Container\\{closure}()
#6 /home4/ygmarket/ygxone.com/yg-home/vendor/laravel/framework/src/Illuminate/Container/BoundMethod.php(83): Illuminate\\Container\\Util::unwrapIfClosure()
#7 /home4/ygmarket/ygxone.com/yg-home/vendor/laravel/framework/src/Illuminate/Container/BoundMethod.php(35): Illuminate\\Container\\BoundMethod::callBoundMethod()
#8 /home4/ygmarket/ygxone.com/yg-home/vendor/laravel/framework/src/Illuminate/Container/Container.php(696): Illuminate\\Container\\BoundMethod::call()
#9 /home4/ygmarket/ygxone.com/yg-home/vendor/laravel/framework/src/Illuminate/Queue/CallQueuedClosure.php(69): Illuminate\\Container\\Container->call()
#10 /home4/ygmarket/ygxone.com/yg-home/vendor/laravel/framework/src/Illuminate/Container/BoundMethod.php(36): Illuminate\\Queue\\CallQueuedClosure->handle()
#11 /home4/ygmarket/ygxone.com/yg-home/vendor/laravel/framework/src/Illuminate/Container/Util.php(43): Illuminate\\Container\\BoundMethod::Illuminate\\Container\\{closure}()
#12 /home4/ygmarket/ygxone.com/yg-home/vendor/laravel/framework/src/Illuminate/Container/BoundMethod.php(95): Illuminate\\Container\\Util::unwrapIfClosure()
#13 /home4/ygmarket/ygxone.com/yg-home/vendor/laravel/framework/src/Illuminate/Container/BoundMethod.php(35): Illuminate\\Container\\BoundMethod::callBoundMethod()
#14 /home4/ygmarket/ygxone.com/yg-home/vendor/laravel/framework/src/Illuminate/Container/Container.php(696): Illuminate\\Container\\BoundMethod::call()
#15 /home4/ygmarket/ygxone.com/yg-home/vendor/laravel/framework/src/Illuminate/Bus/Dispatcher.php(126): Illuminate\\Container\\Container->call()
#16 /home4/ygmarket/ygxone.com/yg-home/vendor/laravel/framework/src/Illuminate/Pipeline/Pipeline.php(170): Illuminate\\Bus\\Dispatcher->Illuminate\\Bus\\{closure}()
#17 /home4/ygmarket/ygxone.com/yg-home/vendor/laravel/framework/src/Illuminate/Pipeline/Pipeline.php(127): Illuminate\\Pipeline\\Pipeline->Illuminate\\Pipeline\\{closure}()
#18 /home4/ygmarket/ygxone.com/yg-home/vendor/laravel/framework/src/Illuminate/Bus/Dispatcher.php(130): Illuminate\\Pipeline\\Pipeline->then()
#19 /home4/ygmarket/ygxone.com/yg-home/vendor/laravel/framework/src/Illuminate/Queue/CallQueuedHandler.php(126): Illuminate\\Bus\\Dispatcher->dispatchNow()
#20 /home4/ygmarket/ygxone.com/yg-home/vendor/laravel/framework/src/Illuminate/Pipeline/Pipeline.php(170): Illuminate\\Queue\\CallQueuedHandler->Illuminate\\Queue\\{closure}()
#21 /home4/ygmarket/ygxone.com/yg-home/vendor/laravel/framework/src/Illuminate/Pipeline/Pipeline.php(127): Illuminate\\Pipeline\\Pipeline->Illuminate\\Pipeline\\{closure}()
#22 /home4/ygmarket/ygxone.com/yg-home/vendor/laravel/framework/src/Illuminate/Queue/CallQueuedHandler.php(121): Illuminate\\Pipeline\\Pipeline->then()
#23 /home4/ygmarket/ygxone.com/yg-home/vendor/laravel/framework/src/Illuminate/Queue/CallQueuedHandler.php(69): Illuminate\\Queue\\CallQueuedHandler->dispatchThroughMiddleware()
#24 /home4/ygmarket/ygxone.com/yg-home/vendor/laravel/framework/src/Illuminate/Queue/Jobs/Job.php(102): Illuminate\\Queue\\CallQueuedHandler->call()
#25 /home4/ygmarket/ygxone.com/yg-home/vendor/laravel/framework/src/Illuminate/Queue/SyncQueue.php(76): Illuminate\\Queue\\Jobs\\Job->fire()
#26 /home4/ygmarket/ygxone.com/yg-home/vendor/laravel/framework/src/Illuminate/Queue/SyncQueue.php(56): Illuminate\\Queue\\SyncQueue->executeJob()
#27 /home4/ygmarket/ygxone.com/yg-home/vendor/laravel/framework/src/Illuminate/Bus/Dispatcher.php(244): Illuminate\\Queue\\SyncQueue->push()
#28 /home4/ygmarket/ygxone.com/yg-home/vendor/laravel/framework/src/Illuminate/Bus/Dispatcher.php(228): Illuminate\\Bus\\Dispatcher->pushCommandToQueue()
#29 /home4/ygmarket/ygxone.com/yg-home/vendor/laravel/framework/src/Illuminate/Bus/Dispatcher.php(77): Illuminate\\Bus\\Dispatcher->dispatchToQueue()
#30 /home4/ygmarket/ygxone.com/yg-home/vendor/laravel/framework/src/Illuminate/Foundation/Bus/PendingDispatch.php(222): Illuminate\\Bus\\Dispatcher->dispatch()
#31 /home4/ygmarket/ygxone.com/yg-home/app/Services/UnifiedSearchService.php(368): Illuminate\\Foundation\\Bus\\PendingDispatch->__destruct()
#32 laravel-serializable-closure://function () use ($query, $results) {
            $this->trainAIWithSearchQuery($query, $results);
        }(3): App\\Services\\UnifiedSearchService->trainAIWithSearchQuery()
#33 /home4/ygmarket/ygxone.com/yg-home/vendor/laravel/framework/src/Illuminate/Container/BoundMethod.php(36): App\\Services\\UnifiedSearchService->{closure}()
#34 /home4/ygmarket/ygxone.com/yg-home/vendor/laravel/framework/src/Illuminate/Container/Util.php(43): Illuminate\\Container\\BoundMethod::Illuminate\\Container\\{closure}()
#35 /home4/ygmarket/ygxone.com/yg-home/vendor/laravel/framework/src/Illuminate/Container/BoundMethod.php(83): Illuminate\\Container\\Util::unwrapIfClosure()
#36 /home4/ygmarket/ygxone.com/yg-home/vendor/laravel/framework/src/Illuminate/Container/BoundMethod.php(35): Illuminate\\Container\\BoundMethod::callBoundMethod()
#37 /home4/ygmarket/ygxone.com/yg-home/vendor/laravel/framework/src/Illuminate/Container/Container.php(696): Illuminate\\Container\\BoundMethod::call()
#38 /home4/ygmarket/ygxone.com/yg-home/vendor/laravel/framework/src/Illuminate/Queue/CallQueuedClosure.php(69): Illuminate\\Container\\Container->call()
#39 /home4/ygmarket/ygxone.com/yg-home/vendor/laravel/framework/src/Illuminate/Container/BoundMethod.php(36): Illuminate\\Queue\\CallQueuedClosure->handle()
#40 /home4/ygmarket/ygxone.com/yg-home/vendor/laravel/framework/src/Illuminate/Container/Util.php(43): Illuminate\\Container\\BoundMethod::Illuminate\\Container\\{closure}()
#41 /home4/ygmarket/ygxone.com/yg-home/vendor/laravel/framework/src/Illuminate/Container/BoundMethod.php(95): Illuminate\\Container\\Util::unwrapIfClosure()
#42 /home4/ygmarket/ygxone.com/yg-home/vendor/laravel/framework/src/Illuminate/Container/BoundMethod.php(35): Illuminate\\Container\\BoundMethod::callBoundMethod()
#43 /home4/ygmarket/ygxone.com/yg-home/vendor/laravel/framework/src/Illuminate/Container/Container.php(696): Illuminate\\Container\\BoundMethod::call()
#44 /home4/ygmarket/ygxone.com/yg-home/vendor/laravel/framework/src/Illuminate/Bus/Dispatcher.php(126): Illuminate\\Container\\Container->call()
#45 /home4/ygmarket/ygxone.com/yg-home/vendor/laravel/framework/src/Illuminate/Pipeline/Pipeline.php(170): Illuminate\\Bus\\Dispatcher->Illuminate\\Bus\\{closure}()
#46 /home4/ygmarket/ygxone.com/yg-home/vendor/laravel/framework/src/Illuminate/Pipeline/Pipeline.php(127): Illuminate\\Pipeline\\Pipeline->Illuminate\\Pipeline\\{closure}()
#47 /home4/ygmarket/ygxone.com/yg-home/vendor/laravel/framework/src/Illuminate/Bus/Dispatcher.php(130): Illuminate\\Pipeline\\Pipeline->then()
#48 /home4/ygmarket/ygxone.com/yg-home/vendor/laravel/framework/src/Illuminate/Queue/CallQueuedHandler.php(126): Illuminate\\Bus\\Dispatcher->dispatchNow()
#49 /home4/ygmarket/ygxone.com/yg-home/vendor/laravel/framework/src/Illuminate/Pipeline/Pipeline.php(170): Illuminate\\Queue\\CallQueuedHandler->Illuminate\\Queue\\{closure}()
#50 /home4/ygmarket/ygxone.com/yg-home/vendor/laravel/framework/src/Illuminate/Pipeline/Pipeline.php(127): Illuminate\\Pipeline\\Pipeline->Illuminate\\Pipeline\\{closure}()
#51 /home4/ygmarket/ygxone.com/yg-home/vendor/laravel/framework/src/Illuminate/Queue/CallQueuedHandler.php(121): Illuminate\\Pipeline\\Pipeline->then()
#52 /home4/ygmarket/ygxone.com/yg-home/vendor/laravel/framework/src/Illuminate/Queue/CallQueuedHandler.php(69): Illuminate\\Queue\\CallQueuedHandler->dispatchThroughMiddleware()
#53 /home4/ygmarket/ygxone.com/yg-home/vendor/laravel/framework/src/Illuminate/Queue/Jobs/Job.php(102): Illuminate\\Queue\\CallQueuedHandler->call()
#54 /home4/ygmarket/ygxone.com/yg-home/vendor/laravel/framework/src/Illuminate/Queue/SyncQueue.php(76): Illuminate\\Queue\\Jobs\\Job->fire()
#55 /home4/ygmarket/ygxone.com/yg-home/vendor/laravel/framework/src/Illuminate/Queue/SyncQueue.php(56): Illuminate\\Queue\\SyncQueue->executeJob()
#56 /home4/ygmarket/ygxone.com/yg-home/vendor/laravel/framework/src/Illuminate/Bus/Dispatcher.php(244): Illuminate\\Queue\\SyncQueue->push()
#57 /home4/ygmarket/ygxone.com/yg-home/vendor/laravel/framework/src/Illuminate/Bus/Dispatcher.php(228): Illuminate\\Bus\\Dispatcher->pushCommandToQueue()
#58 /home4/ygmarket/ygxone.com/yg-home/vendor/laravel/framework/src/Illuminate/Bus/Dispatcher.php(77): Illuminate\\Bus\\Dispatcher->dispatchToQueue()
#59 /home4/ygmarket/ygxone.com/yg-home/vendor/laravel/framework/src/Illuminate/Foundation/Bus/PendingDispatch.php(222): Illuminate\\Bus\\Dispatcher->dispatch()
#60 /home4/ygmarket/ygxone.com/yg-home/app/Services/UnifiedSearchService.php(69): Illuminate\\Foundation\\Bus\\PendingDispatch->__destruct()
#61 /home4/ygmarket/ygxone.com/yg-home/app/Services/UnifiedSearchService.php(22): App\\Services\\UnifiedSearchService->executeSearch()
#62 /home4/ygmarket/ygxone.com/yg-home/vendor/laravel/framework/src/Illuminate/Cache/Repository.php(427): App\\Services\\UnifiedSearchService->App\\Services\\{closure}()
#63 /home4/ygmarket/ygxone.com/yg-home/vendor/laravel/framework/src/Illuminate/Cache/CacheManager.php(453): Illuminate\\Cache\\Repository->remember()
#64 /home4/ygmarket/ygxone.com/yg-home/vendor/laravel/framework/src/Illuminate/Support/Facades/Facade.php(361): Illuminate\\Cache\\CacheManager->__call()
#65 /home4/ygmarket/ygxone.com/yg-home/app/Services/UnifiedSearchService.php(21): Illuminate\\Support\\Facades\\Facade::__callStatic()
#66 /home4/ygmarket/ygxone.com/yg-home/app/Http/Controllers/SearchController.php(40): App\\Services\\UnifiedSearchService->search()
#67 /home4/ygmarket/ygxone.com/yg-home/vendor/laravel/framework/src/Illuminate/Routing/ControllerDispatcher.php(47): App\\Http\\Controllers\\SearchController->index()
#68 /home4/ygmarket/ygxone.com/yg-home/vendor/laravel/framework/src/Illuminate/Routing/Route.php(266): Illuminate\\Routing\\ControllerDispatcher->dispatch()
#69 /home4/ygmarket/ygxone.com/yg-home/vendor/laravel/framework/src/Illuminate/Routing/Route.php(212): Illuminate\\Routing\\Route->runController()
#70 /home4/ygmarket/ygxone.com/yg-home/vendor/laravel/framework/src/Illuminate/Routing/Router.php(808): Illuminate\\Routing\\Route->run()
#71 /home4/ygmarket/ygxone.com/yg-home/vendor/laravel/framework/src/Illuminate/Pipeline/Pipeline.php(170): Illuminate\\Routing\\Router->Illuminate\\Routing\\{closure}()
#72 /home4/ygmarket/ygxone.com/yg-home/vendor/laravel/framework/src/Illuminate/Routing/Middleware/SubstituteBindings.php(51): Illuminate\\Pipeline\\Pipeline->Illuminate\\Pipeline\\{closure}()
#73 /home4/ygmarket/ygxone.com/yg-home/vendor/laravel/framework/src/Illuminate/Pipeline/Pipeline.php(209): Illuminate\\Routing\\Middleware\\SubstituteBindings->handle()
#74 /home4/ygmarket/ygxone.com/yg-home/vendor/laravel/framework/src/Illuminate/Foundation/Http/Middleware/VerifyCsrfToken.php(88): Illuminate\\Pipeline\\Pipeline->Illuminate\\Pipeline\\{closure}()
#75 /home4/ygmarket/ygxone.com/yg-home/vendor/laravel/framework/src/Illuminate/Pipeline/Pipeline.php(209): Illuminate\\Foundation\\Http\\Middleware\\VerifyCsrfToken->handle()
#76 /home4/ygmarket/ygxone.com/yg-home/vendor/laravel/framework/src/Illuminate/View/Middleware/ShareErrorsFromSession.php(49): Illuminate\\Pipeline\\Pipeline->Illuminate\\Pipeline\\{closure}()
#77 /home4/ygmarket/ygxone.com/yg-home/vendor/laravel/framework/src/Illuminate/Pipeline/Pipeline.php(209): Illuminate\\View\\Middleware\\ShareErrorsFromSession->handle()
#78 /home4/ygmarket/ygxone.com/yg-home/vendor/laravel/framework/src/Illuminate/Session/Middleware/StartSession.php(121): Illuminate\\Pipeline\\Pipeline->Illuminate\\Pipeline\\{closure}()
#79 /home4/ygmarket/ygxone.com/yg-home/vendor/laravel/framework/src/Illuminate/Session/Middleware/StartSession.php(64): Illuminate\\Session\\Middleware\\StartSession->handleStatefulRequest()
#80 /home4/ygmarket/ygxone.com/yg-home/vendor/laravel/framework/src/Illuminate/Pipeline/Pipeline.php(209): Illuminate\\Session\\Middleware\\StartSession->handle()
#81 /home4/ygmarket/ygxone.com/yg-home/vendor/laravel/framework/src/Illuminate/Cookie/Middleware/AddQueuedCookiesToResponse.php(37): Illuminate\\Pipeline\\Pipeline->Illuminate\\Pipeline\\{closure}()
#82 /home4/ygmarket/ygxone.com/yg-home/vendor/laravel/framework/src/Illuminate/Pipeline/Pipeline.php(209): Illuminate\\Cookie\\Middleware\\AddQueuedCookiesToResponse->handle()
#83 /home4/ygmarket/ygxone.com/yg-home/vendor/laravel/framework/src/Illuminate/Cookie/Middleware/EncryptCookies.php(75): Illuminate\\Pipeline\\Pipeline->Illuminate\\Pipeline\\{closure}()
#84 /home4/ygmarket/ygxone.com/yg-home/vendor/laravel/framework/src/Illuminate/Pipeline/Pipeline.php(209): Illuminate\\Cookie\\Middleware\\EncryptCookies->handle()
#85 /home4/ygmarket/ygxone.com/yg-home/vendor/laravel/framework/src/Illuminate/Pipeline/Pipeline.php(127): Illuminate\\Pipeline\\Pipeline->Illuminate\\Pipeline\\{closure}()
#86 /home4/ygmarket/ygxone.com/yg-home/vendor/laravel/framework/src/Illuminate/Routing/Router.php(807): Illuminate\\Pipeline\\Pipeline->then()
#87 /home4/ygmarket/ygxone.com/yg-home/vendor/laravel/framework/src/Illuminate/Routing/Router.php(786): Illuminate\\Routing\\Router->runRouteWithinStack()
#88 /home4/ygmarket/ygxone.com/yg-home/vendor/laravel/framework/src/Illuminate/Routing/Router.php(750): Illuminate\\Routing\\Router->runRoute()
#89 /home4/ygmarket/ygxone.com/yg-home/vendor/laravel/framework/src/Illuminate/Routing/Router.php(739): Illuminate\\Routing\\Router->dispatchToRoute()
#90 /home4/ygmarket/ygxone.com/yg-home/vendor/laravel/framework/src/Illuminate/Foundation/Http/Kernel.php(201): Illuminate\\Routing\\Router->dispatch()
#91 /home4/ygmarket/ygxone.com/yg-home/vendor/laravel/framework/src/Illuminate/Pipeline/Pipeline.php(170): Illuminate\\Foundation\\Http\\Kernel->Illuminate\\Foundation\\Http\\{closure}()
#92 /home4/ygmarket/ygxone.com/yg-home/app/Http/Middleware/RequestLogger.php(21): Illuminate\\Pipeline\\Pipeline->Illuminate\\Pipeline\\{closure}()
#93 /home4/ygmarket/ygxone.com/yg-home/vendor/laravel/framework/src/Illuminate/Pipeline/Pipeline.php(209): App\\Http\\Middleware\\RequestLogger->handle()
#94 /home4/ygmarket/ygxone.com/yg-home/vendor/laravel/framework/src/Illuminate/Foundation/Http/Middleware/TransformsRequest.php(21): Illuminate\\Pipeline\\Pipeline->Illuminate\\Pipeline\\{closure}()
#95 /home4/ygmarket/ygxone.com/yg-home/vendor/laravel/framework/src/Illuminate/Foundation/Http/Middleware/ConvertEmptyStringsToNull.php(31): Illuminate\\Foundation\\Http\\Middleware\\TransformsRequest->handle()
#96 /home4/ygmarket/ygxone.com/yg-home/vendor/laravel/framework/src/Illuminate/Pipeline/Pipeline.php(209): Illuminate\\Foundation\\Http\\Middleware\\ConvertEmptyStringsToNull->handle()
#97 /home4/ygmarket/ygxone.com/yg-home/vendor/laravel/framework/src/Illuminate/Foundation/Http/Middleware/TransformsRequest.php(21): Illuminate\\Pipeline\\Pipeline->Illuminate\\Pipeline\\{closure}()
#98 /home4/ygmarket/ygxone.com/yg-home/vendor/laravel/framework/src/Illuminate/Foundation/Http/Middleware/TrimStrings.php(51): Illuminate\\Foundation\\Http\\Middleware\\TransformsRequest->handle()
#99 /home4/ygmarket/ygxone.com/yg-home/vendor/laravel/framework/src/Illuminate/Pipeline/Pipeline.php(209): Illuminate\\Foundation\\Http\\Middleware\\TrimStrings->handle()
#100 /home4/ygmarket/ygxone.com/yg-home/vendor/laravel/framework/src/Illuminate/Http/Middleware/ValidatePostSize.php(27): Illuminate\\Pipeline\\Pipeline->Illuminate\\Pipeline\\{closure}()
#101 /home4/ygmarket/ygxone.com/yg-home/vendor/laravel/framework/src/Illuminate/Pipeline/Pipeline.php(209): Illuminate\\Http\\Middleware\\ValidatePostSize->handle()
#102 /home4/ygmarket/ygxone.com/yg-home/vendor/laravel/framework/src/Illuminate/Foundation/Http/Middleware/PreventRequestsDuringMaintenance.php(110): Illuminate\\Pipeline\\Pipeline->Illuminate\\Pipeline\\{closure}()
#103 /home4/ygmarket/ygxone.com/yg-home/vendor/laravel/framework/src/Illuminate/Pipeline/Pipeline.php(209): Illuminate\\Foundation\\Http\\Middleware\\PreventRequestsDuringMaintenance->handle()
#104 /home4/ygmarket/ygxone.com/yg-home/vendor/laravel/framework/src/Illuminate/Http/Middleware/HandleCors.php(49): Illuminate\\Pipeline\\Pipeline->Illuminate\\Pipeline\\{closure}()
#105 /home4/ygmarket/ygxone.com/yg-home/vendor/laravel/framework/src/Illuminate/Pipeline/Pipeline.php(209): Illuminate\\Http\\Middleware\\HandleCors->handle()
#106 /home4/ygmarket/ygxone.com/yg-home/vendor/laravel/framework/src/Illuminate/Http/Middleware/TrustProxies.php(58): Illuminate\\Pipeline\\Pipeline->Illuminate\\Pipeline\\{closure}()
#107 /home4/ygmarket/ygxone.com/yg-home/vendor/laravel/framework/src/Illuminate/Pipeline/Pipeline.php(209): Illuminate\\Http\\Middleware\\TrustProxies->handle()
#108 /home4/ygmarket/ygxone.com/yg-home/vendor/laravel/framework/src/Illuminate/Foundation/Http/Middleware/InvokeDeferredCallbacks.php(22): Illuminate\\Pipeline\\Pipeline->Illuminate\\Pipeline\\{closure}()
#109 /home4/ygmarket/ygxone.com/yg-home/vendor/laravel/framework/src/Illuminate/Pipeline/Pipeline.php(209): Illuminate\\Foundation\\Http\\Middleware\\InvokeDeferredCallbacks->handle()
#110 /home4/ygmarket/ygxone.com/yg-home/vendor/laravel/framework/src/Illuminate/Pipeline/Pipeline.php(127): Illuminate\\Pipeline\\Pipeline->Illuminate\\Pipeline\\{closure}()
#111 /home4/ygmarket/ygxone.com/yg-home/vendor/laravel/framework/src/Illuminate/Foundation/Http/Kernel.php(176): Illuminate\\Pipeline\\Pipeline->then()
#112 /home4/ygmarket/ygxone.com/yg-home/vendor/laravel/framework/src/Illuminate/Foundation/Http/Kernel.php(145): Illuminate\\Foundation\\Http\\Kernel->sendRequestThroughRouter()
#113 /home4/ygmarket/ygxone.com/yg-home/vendor/laravel/framework/src/Illuminate/Foundation/Application.php(1220): Illuminate\\Foundation\\Http\\Kernel->handle()
#114 /home4/ygmarket/ygxone.com/yg-home/public/index.php(17): Illuminate\\Foundation\\Application->handleRequest()
#115 {main}"} 
[2026-05-10 03:01:48] local.ERROR: Method Illuminate\View\View::setStatusCode does not exist. {"exception":"[object] (BadMethodCallException(code: 0): Method Illuminate\\View\\View::setStatusCode does not exist. at /home4/ygmarket/ygxone.com/yg-home/vendor/laravel/framework/src/Illuminate/View/View.php:479)
[stacktrace]
#0 /home4/ygmarket/ygxone.com/yg-home/app/Http/Controllers/SearchController.php(73): Illuminate\\View\\View->__call()
#1 /home4/ygmarket/ygxone.com/yg-home/vendor/laravel/framework/src/Illuminate/Routing/ControllerDispatcher.php(47): App\\Http\\Controllers\\SearchController->index()
#2 /home4/ygmarket/ygxone.com/yg-home/vendor/laravel/framework/src/Illuminate/Routing/Route.php(266): Illuminate\\Routing\\ControllerDispatcher->dispatch()
#3 /home4/ygmarket/ygxone.com/yg-home/vendor/laravel/framework/src/Illuminate/Routing/Route.php(212): Illuminate\\Routing\\Route->runController()
#4 /home4/ygmarket/ygxone.com/yg-home/vendor/laravel/framework/src/Illuminate/Routing/Router.php(808): Illuminate\\Routing\\Route->run()
#5 /home4/ygmarket/ygxone.com/yg-home/vendor/laravel/framework/src/Illuminate/Pipeline/Pipeline.php(170): Illuminate\\Routing\\Router->Illuminate\\Routing\\{closure}()
#6 /home4/ygmarket/ygxone.com/yg-home/vendor/laravel/framework/src/Illuminate/Routing/Middleware/SubstituteBindings.php(51): Illuminate\\Pipeline\\Pipeline->Illuminate\\Pipeline\\{closure}()
#7 /home4/ygmarket/ygxone.com/yg-home/vendor/laravel/framework/src/Illuminate/Pipeline/Pipeline.php(209): Illuminate\\Routing\\Middleware\\SubstituteBindings->handle()
#8 /home4/ygmarket/ygxone.com/yg-home/vendor/laravel/framework/src/Illuminate/Foundation/Http/Middleware/VerifyCsrfToken.php(88): Illuminate\\Pipeline\\Pipeline->Illuminate\\Pipeline\\{closure}()
#9 /home4/ygmarket/ygxone.com/yg-home/vendor/laravel/framework/src/Illuminate/Pipeline/Pipeline.php(209): Illuminate\\Foundation\\Http\\Middleware\\VerifyCsrfToken->handle()
#10 /home4/ygmarket/ygxone.com/yg-home/vendor/laravel/framework/src/Illuminate/View/Middleware/ShareErrorsFromSession.php(49): Illuminate\\Pipeline\\Pipeline->Illuminate\\Pipeline\\{closure}()
#11 /home4/ygmarket/ygxone.com/yg-home/vendor/laravel/framework/src/Illuminate/Pipeline/Pipeline.php(209): Illuminate\\View\\Middleware\\ShareErrorsFromSession->handle()
#12 /home4/ygmarket/ygxone.com/yg-home/vendor/laravel/framework/src/Illuminate/Session/Middleware/StartSession.php(121): Illuminate\\Pipeline\\Pipeline->Illuminate\\Pipeline\\{closure}()
#13 /home4/ygmarket/ygxone.com/yg-home/vendor/laravel/framework/src/Illuminate/Session/Middleware/StartSession.php(64): Illuminate\\Session\\Middleware\\StartSession->handleStatefulRequest()
#14 /home4/ygmarket/ygxone.com/yg-home/vendor/laravel/framework/src/Illuminate/Pipeline/Pipeline.php(209): Illuminate\\Session\\Middleware\\StartSession->handle()
#15 /home4/ygmarket/ygxone.com/yg-home/vendor/laravel/framework/src/Illuminate/Cookie/Middleware/AddQueuedCookiesToResponse.php(37): Illuminate\\Pipeline\\Pipeline->Illuminate\\Pipeline\\{closure}()
#16 /home4/ygmarket/ygxone.com/yg-home/vendor/laravel/framework/src/Illuminate/Pipeline/Pipeline.php(209): Illuminate\\Cookie\\Middleware\\AddQueuedCookiesToResponse->handle()
#17 /home4/ygmarket/ygxone.com/yg-home/vendor/laravel/framework/src/Illuminate/Cookie/Middleware/EncryptCookies.php(75): Illuminate\\Pipeline\\Pipeline->Illuminate\\Pipeline\\{closure}()
#18 /home4/ygmarket/ygxone.com/yg-home/vendor/laravel/framework/src/Illuminate/Pipeline/Pipeline.php(209): Illuminate\\Cookie\\Middleware\\EncryptCookies->handle()
#19 /home4/ygmarket/ygxone.com/yg-home/vendor/laravel/framework/src/Illuminate/Pipeline/Pipeline.php(127): Illuminate\\Pipeline\\Pipeline->Illuminate\\Pipeline\\{closure}()
#20 /home4/ygmarket/ygxone.com/yg-home/vendor/laravel/framework/src/Illuminate/Routing/Router.php(807): Illuminate\\Pipeline\\Pipeline->then()
#21 /home4/ygmarket/ygxone.com/yg-home/vendor/laravel/framework/src/Illuminate/Routing/Router.php(786): Illuminate\\Routing\\Router->runRouteWithinStack()
#22 /home4/ygmarket/ygxone.com/yg-home/vendor/laravel/framework/src/Illuminate/Routing/Router.php(750): Illuminate\\Routing\\Router->runRoute()
#23 /home4/ygmarket/ygxone.com/yg-home/vendor/laravel/framework/src/Illuminate/Routing/Router.php(739): Illuminate\\Routing\\Router->dispatchToRoute()
#24 /home4/ygmarket/ygxone.com/yg-home/vendor/laravel/framework/src/Illuminate/Foundation/Http/Kernel.php(201): Illuminate\\Routing\\Router->dispatch()
#25 /home4/ygmarket/ygxone.com/yg-home/vendor/laravel/framework/src/Illuminate/Pipeline/Pipeline.php(170): Illuminate\\Foundation\\Http\\Kernel->Illuminate\\Foundation\\Http\\{closure}()
#26 /home4/ygmarket/ygxone.com/yg-home/app/Http/Middleware/RequestLogger.php(21): Illuminate\\Pipeline\\Pipeline->Illuminate\\Pipeline\\{closure}()
#27 /home4/ygmarket/ygxone.com/yg-home/vendor/laravel/framework/src/Illuminate/Pipeline/Pipeline.php(209): App\\Http\\Middleware\\RequestLogger->handle()
#28 /home4/ygmarket/ygxone.com/yg-home/vendor/laravel/framework/src/Illuminate/Foundation/Http/Middleware/TransformsRequest.php(21): Illuminate\\Pipeline\\Pipeline->Illuminate\\Pipeline\\{closure}()
#29 /home4/ygmarket/ygxone.com/yg-home/vendor/laravel/framework/src/Illuminate/Foundation/Http/Middleware/ConvertEmptyStringsToNull.php(31): Illuminate\\Foundation\\Http\\Middleware\\TransformsRequest->handle()
#30 /home4/ygmarket/ygxone.com/yg-home/vendor/laravel/framework/src/Illuminate/Pipeline/Pipeline.php(209): Illuminate\\Foundation\\Http\\Middleware\\ConvertEmptyStringsToNull->handle()
#31 /home4/ygmarket/ygxone.com/yg-home/vendor/laravel/framework/src/Illuminate/Foundation/Http/Middleware/TransformsRequest.php(21): Illuminate\\Pipeline\\Pipeline->Illuminate\\Pipeline\\{closure}()
#32 /home4/ygmarket/ygxone.com/yg-home/vendor/laravel/framework/src/Illuminate/Foundation/Http/Middleware/TrimStrings.php(51): Illuminate\\Foundation\\Http\\Middleware\\TransformsRequest->handle()
#33 /home4/ygmarket/ygxone.com/yg-home/vendor/laravel/framework/src/Illuminate/Pipeline/Pipeline.php(209): Illuminate\\Foundation\\Http\\Middleware\\TrimStrings->handle()
#34 /home4/ygmarket/ygxone.com/yg-home/vendor/laravel/framework/src/Illuminate/Http/Middleware/ValidatePostSize.php(27): Illuminate\\Pipeline\\Pipeline->Illuminate\\Pipeline\\{closure}()
#35 /home4/ygmarket/ygxone.com/yg-home/vendor/laravel/framework/src/Illuminate/Pipeline/Pipeline.php(209): Illuminate\\Http\\Middleware\\ValidatePostSize->handle()
#36 /home4/ygmarket/ygxone.com/yg-home/vendor/laravel/framework/src/Illuminate/Foundation/Http/Middleware/PreventRequestsDuringMaintenance.php(110): Illuminate\\Pipeline\\Pipeline->Illuminate\\Pipeline\\{closure}()
#37 /home4/ygmarket/ygxone.com/yg-home/vendor/laravel/framework/src/Illuminate/Pipeline/Pipeline.php(209): Illuminate\\Foundation\\Http\\Middleware\\PreventRequestsDuringMaintenance->handle()
#38 /home4/ygmarket/ygxone.com/yg-home/vendor/laravel/framework/src/Illuminate/Http/Middleware/HandleCors.php(49): Illuminate\\Pipeline\\Pipeline->Illuminate\\Pipeline\\{closure}()
#39 /home4/ygmarket/ygxone.com/yg-home/vendor/laravel/framework/src/Illuminate/Pipeline/Pipeline.php(209): Illuminate\\Http\\Middleware\\HandleCors->handle()
#40 /home4/ygmarket/ygxone.com/yg-home/vendor/laravel/framework/src/Illuminate/Http/Middleware/TrustProxies.php(58): Illuminate\\Pipeline\\Pipeline->Illuminate\\Pipeline\\{closure}()
#41 /home4/ygmarket/ygxone.com/yg-home/vendor/laravel/framework/src/Illuminate/Pipeline/Pipeline.php(209): Illuminate\\Http\\Middleware\\TrustProxies->handle()
#42 /home4/ygmarket/ygxone.com/yg-home/vendor/laravel/framework/src/Illuminate/Foundation/Http/Middleware/InvokeDeferredCallbacks.php(22): Illuminate\\Pipeline\\Pipeline->Illuminate\\Pipeline\\{closure}()
#43 /home4/ygmarket/ygxone.com/yg-home/vendor/laravel/framework/src/Illuminate/Pipeline/Pipeline.php(209): Illuminate\\Foundation\\Http\\Middleware\\InvokeDeferredCallbacks->handle()
#44 /home4/ygmarket/ygxone.com/yg-home/vendor/laravel/framework/src/Illuminate/Pipeline/Pipeline.php(127): Illuminate\\Pipeline\\Pipeline->Illuminate\\Pipeline\\{closure}()
#45 /home4/ygmarket/ygxone.com/yg-home/vendor/laravel/framework/src/Illuminate/Foundation/Http/Kernel.php(176): Illuminate\\Pipeline\\Pipeline->then()
#46 /home4/ygmarket/ygxone.com/yg-home/vendor/laravel/framework/src/Illuminate/Foundation/Http/Kernel.php(145): Illuminate\\Foundation\\Http\\Kernel->sendRequestThroughRouter()
#47 /home4/ygmarket/ygxone.com/yg-home/vendor/laravel/framework/src/Illuminate/Foundation/Application.php(1220): Illuminate\\Foundation\\Http\\Kernel->handle()
#48 /home4/ygmarket/ygxone.com/yg-home/public/index.php(17): Illuminate\\Foundation\\Application->handleRequest()
#49 {main}
"} 
[2026-05-10 03:11:51] local.INFO: Incoming Request {"url":"https://www.ygxone.com/search?q=How%20to%20use%20YGXONE%3F","method":"GET","ip":"145.40.133.115","user_agent":"Mozilla/5.0 (Windows NT 10.0; Win64; x64) AppleWebKit/537.36 (KHTML, like Gecko) Chrome/147.0.0.0 Safari/537.36 Edg/147.0.0.0"} 
[2026-05-10 03:11:52] local.ERROR: AI suggestions failed {"error":"cURL error 6: Could not resolve host: ai.ygxone.com (see https://curl.haxx.se/libcurl/c/libcurl-errors.html) for https://ai.ygxone.com/api/"} 
[2026-05-10 03:11:53] local.ERROR: Ecosystem search failed {"error":"Method Laravel\\Scout\\Builder::limit does not exist."} 
[2026-05-10 03:11:53] local.ERROR: AI answer generation failed {"error":"cURL error 6: Could not resolve host: ai.ygxone.com (see https://curl.haxx.se/libcurl/c/libcurl-errors.html) for https://ai.ygxone.com/api/"} 
[2026-05-10 03:11:53] local.ERROR: Failed to log search training data {"error":"SQLSTATE[HY000]: General error: 1 no such table: main.users (Connection: sqlite, SQL: insert into \"search_training_data\" (\"query\", \"result_count\", \"had_clicks\", \"session_id\", \"user_id\", \"created_at\") values (How to use YGXONE?, 17, 0, 9JroNgk7J3Qhc57F7YjdGRP15uhsp1MhA1h5dHJ1, ?, 2026-05-10 03:11:53))"} 
[2026-05-10 03:11:53] local.ERROR: Search failed {"query":"How to use YGXONE?","error":"Array to string conversion","trace":"#0 /home4/ygmarket/ygxone.com/yg-home/vendor/laravel/framework/src/Illuminate/Foundation/Bootstrap/HandleExceptions.php(258): Illuminate\\Foundation\\Bootstrap\\HandleExceptions->handleError()
#1 /home4/ygmarket/ygxone.com/yg-home/app/Services/UnifiedSearchService.php(413): Illuminate\\Foundation\\Bootstrap\\HandleExceptions->Illuminate\\Foundation\\Bootstrap\\{closure}()
#2 /home4/ygmarket/ygxone.com/yg-home/app/Services/UnifiedSearchService.php(384): App\\Services\\UnifiedSearchService->prepareTrainingText()
#3 laravel-serializable-closure://function () use ($query, $results) {
            $this->sendToYugaLLMTraining($query, $results);
        }(3): App\\Services\\UnifiedSearchService->sendToYugaLLMTraining()
#4 /home4/ygmarket/ygxone.com/yg-home/vendor/laravel/framework/src/Illuminate/Container/BoundMethod.php(36): App\\Services\\UnifiedSearchService->{closure}()
#5 /home4/ygmarket/ygxone.com/yg-home/vendor/laravel/framework/src/Illuminate/Container/Util.php(43): Illuminate\\Container\\BoundMethod::Illuminate\\Container\\{closure}()
#6 /home4/ygmarket/ygxone.com/yg-home/vendor/laravel/framework/src/Illuminate/Container/BoundMethod.php(83): Illuminate\\Container\\Util::unwrapIfClosure()
#7 /home4/ygmarket/ygxone.com/yg-home/vendor/laravel/framework/src/Illuminate/Container/BoundMethod.php(35): Illuminate\\Container\\BoundMethod::callBoundMethod()
#8 /home4/ygmarket/ygxone.com/yg-home/vendor/laravel/framework/src/Illuminate/Container/Container.php(696): Illuminate\\Container\\BoundMethod::call()
#9 /home4/ygmarket/ygxone.com/yg-home/vendor/laravel/framework/src/Illuminate/Queue/CallQueuedClosure.php(69): Illuminate\\Container\\Container->call()
#10 /home4/ygmarket/ygxone.com/yg-home/vendor/laravel/framework/src/Illuminate/Container/BoundMethod.php(36): Illuminate\\Queue\\CallQueuedClosure->handle()
#11 /home4/ygmarket/ygxone.com/yg-home/vendor/laravel/framework/src/Illuminate/Container/Util.php(43): Illuminate\\Container\\BoundMethod::Illuminate\\Container\\{closure}()
#12 /home4/ygmarket/ygxone.com/yg-home/vendor/laravel/framework/src/Illuminate/Container/BoundMethod.php(95): Illuminate\\Container\\Util::unwrapIfClosure()
#13 /home4/ygmarket/ygxone.com/yg-home/vendor/laravel/framework/src/Illuminate/Container/BoundMethod.php(35): Illuminate\\Container\\BoundMethod::callBoundMethod()
#14 /home4/ygmarket/ygxone.com/yg-home/vendor/laravel/framework/src/Illuminate/Container/Container.php(696): Illuminate\\Container\\BoundMethod::call()
#15 /home4/ygmarket/ygxone.com/yg-home/vendor/laravel/framework/src/Illuminate/Bus/Dispatcher.php(126): Illuminate\\Container\\Container->call()
#16 /home4/ygmarket/ygxone.com/yg-home/vendor/laravel/framework/src/Illuminate/Pipeline/Pipeline.php(170): Illuminate\\Bus\\Dispatcher->Illuminate\\Bus\\{closure}()
#17 /home4/ygmarket/ygxone.com/yg-home/vendor/laravel/framework/src/Illuminate/Pipeline/Pipeline.php(127): Illuminate\\Pipeline\\Pipeline->Illuminate\\Pipeline\\{closure}()
#18 /home4/ygmarket/ygxone.com/yg-home/vendor/laravel/framework/src/Illuminate/Bus/Dispatcher.php(130): Illuminate\\Pipeline\\Pipeline->then()
#19 /home4/ygmarket/ygxone.com/yg-home/vendor/laravel/framework/src/Illuminate/Queue/CallQueuedHandler.php(126): Illuminate\\Bus\\Dispatcher->dispatchNow()
#20 /home4/ygmarket/ygxone.com/yg-home/vendor/laravel/framework/src/Illuminate/Pipeline/Pipeline.php(170): Illuminate\\Queue\\CallQueuedHandler->Illuminate\\Queue\\{closure}()
#21 /home4/ygmarket/ygxone.com/yg-home/vendor/laravel/framework/src/Illuminate/Pipeline/Pipeline.php(127): Illuminate\\Pipeline\\Pipeline->Illuminate\\Pipeline\\{closure}()
#22 /home4/ygmarket/ygxone.com/yg-home/vendor/laravel/framework/src/Illuminate/Queue/CallQueuedHandler.php(121): Illuminate\\Pipeline\\Pipeline->then()
#23 /home4/ygmarket/ygxone.com/yg-home/vendor/laravel/framework/src/Illuminate/Queue/CallQueuedHandler.php(69): Illuminate\\Queue\\CallQueuedHandler->dispatchThroughMiddleware()
#24 /home4/ygmarket/ygxone.com/yg-home/vendor/laravel/framework/src/Illuminate/Queue/Jobs/Job.php(102): Illuminate\\Queue\\CallQueuedHandler->call()
#25 /home4/ygmarket/ygxone.com/yg-home/vendor/laravel/framework/src/Illuminate/Queue/SyncQueue.php(76): Illuminate\\Queue\\Jobs\\Job->fire()
#26 /home4/ygmarket/ygxone.com/yg-home/vendor/laravel/framework/src/Illuminate/Queue/SyncQueue.php(56): Illuminate\\Queue\\SyncQueue->executeJob()
#27 /home4/ygmarket/ygxone.com/yg-home/vendor/laravel/framework/src/Illuminate/Bus/Dispatcher.php(244): Illuminate\\Queue\\SyncQueue->push()
#28 /home4/ygmarket/ygxone.com/yg-home/vendor/laravel/framework/src/Illuminate/Bus/Dispatcher.php(228): Illuminate\\Bus\\Dispatcher->pushCommandToQueue()
#29 /home4/ygmarket/ygxone.com/yg-home/vendor/laravel/framework/src/Illuminate/Bus/Dispatcher.php(77): Illuminate\\Bus\\Dispatcher->dispatchToQueue()
#30 /home4/ygmarket/ygxone.com/yg-home/vendor/laravel/framework/src/Illuminate/Foundation/Bus/PendingDispatch.php(222): Illuminate\\Bus\\Dispatcher->dispatch()
#31 /home4/ygmarket/ygxone.com/yg-home/app/Services/UnifiedSearchService.php(368): Illuminate\\Foundation\\Bus\\PendingDispatch->__destruct()
#32 laravel-serializable-closure://function () use ($query, $results) {
            $this->trainAIWithSearchQuery($query, $results);
        }(3): App\\Services\\UnifiedSearchService->trainAIWithSearchQuery()
#33 /home4/ygmarket/ygxone.com/yg-home/vendor/laravel/framework/src/Illuminate/Container/BoundMethod.php(36): App\\Services\\UnifiedSearchService->{closure}()
#34 /home4/ygmarket/ygxone.com/yg-home/vendor/laravel/framework/src/Illuminate/Container/Util.php(43): Illuminate\\Container\\BoundMethod::Illuminate\\Container\\{closure}()
#35 /home4/ygmarket/ygxone.com/yg-home/vendor/laravel/framework/src/Illuminate/Container/BoundMethod.php(83): Illuminate\\Container\\Util::unwrapIfClosure()
#36 /home4/ygmarket/ygxone.com/yg-home/vendor/laravel/framework/src/Illuminate/Container/BoundMethod.php(35): Illuminate\\Container\\BoundMethod::callBoundMethod()
#37 /home4/ygmarket/ygxone.com/yg-home/vendor/laravel/framework/src/Illuminate/Container/Container.php(696): Illuminate\\Container\\BoundMethod::call()
#38 /home4/ygmarket/ygxone.com/yg-home/vendor/laravel/framework/src/Illuminate/Queue/CallQueuedClosure.php(69): Illuminate\\Container\\Container->call()
#39 /home4/ygmarket/ygxone.com/yg-home/vendor/laravel/framework/src/Illuminate/Container/BoundMethod.php(36): Illuminate\\Queue\\CallQueuedClosure->handle()
#40 /home4/ygmarket/ygxone.com/yg-home/vendor/laravel/framework/src/Illuminate/Container/Util.php(43): Illuminate\\Container\\BoundMethod::Illuminate\\Container\\{closure}()
#41 /home4/ygmarket/ygxone.com/yg-home/vendor/laravel/framework/src/Illuminate/Container/BoundMethod.php(95): Illuminate\\Container\\Util::unwrapIfClosure()
#42 /home4/ygmarket/ygxone.com/yg-home/vendor/laravel/framework/src/Illuminate/Container/BoundMethod.php(35): Illuminate\\Container\\BoundMethod::callBoundMethod()
#43 /home4/ygmarket/ygxone.com/yg-home/vendor/laravel/framework/src/Illuminate/Container/Container.php(696): Illuminate\\Container\\BoundMethod::call()
#44 /home4/ygmarket/ygxone.com/yg-home/vendor/laravel/framework/src/Illuminate/Bus/Dispatcher.php(126): Illuminate\\Container\\Container->call()
#45 /home4/ygmarket/ygxone.com/yg-home/vendor/laravel/framework/src/Illuminate/Pipeline/Pipeline.php(170): Illuminate\\Bus\\Dispatcher->Illuminate\\Bus\\{closure}()
#46 /home4/ygmarket/ygxone.com/yg-home/vendor/laravel/framework/src/Illuminate/Pipeline/Pipeline.php(127): Illuminate\\Pipeline\\Pipeline->Illuminate\\Pipeline\\{closure}()
#47 /home4/ygmarket/ygxone.com/yg-home/vendor/laravel/framework/src/Illuminate/Bus/Dispatcher.php(130): Illuminate\\Pipeline\\Pipeline->then()
#48 /home4/ygmarket/ygxone.com/yg-home/vendor/laravel/framework/src/Illuminate/Queue/CallQueuedHandler.php(126): Illuminate\\Bus\\Dispatcher->dispatchNow()
#49 /home4/ygmarket/ygxone.com/yg-home/vendor/laravel/framework/src/Illuminate/Pipeline/Pipeline.php(170): Illuminate\\Queue\\CallQueuedHandler->Illuminate\\Queue\\{closure}()
#50 /home4/ygmarket/ygxone.com/yg-home/vendor/laravel/framework/src/Illuminate/Pipeline/Pipeline.php(127): Illuminate\\Pipeline\\Pipeline->Illuminate\\Pipeline\\{closure}()
#51 /home4/ygmarket/ygxone.com/yg-home/vendor/laravel/framework/src/Illuminate/Queue/CallQueuedHandler.php(121): Illuminate\\Pipeline\\Pipeline->then()
#52 /home4/ygmarket/ygxone.com/yg-home/vendor/laravel/framework/src/Illuminate/Queue/CallQueuedHandler.php(69): Illuminate\\Queue\\CallQueuedHandler->dispatchThroughMiddleware()
#53 /home4/ygmarket/ygxone.com/yg-home/vendor/laravel/framework/src/Illuminate/Queue/Jobs/Job.php(102): Illuminate\\Queue\\CallQueuedHandler->call()
#54 /home4/ygmarket/ygxone.com/yg-home/vendor/laravel/framework/src/Illuminate/Queue/SyncQueue.php(76): Illuminate\\Queue\\Jobs\\Job->fire()
#55 /home4/ygmarket/ygxone.com/yg-home/vendor/laravel/framework/src/Illuminate/Queue/SyncQueue.php(56): Illuminate\\Queue\\SyncQueue->executeJob()
#56 /home4/ygmarket/ygxone.com/yg-home/vendor/laravel/framework/src/Illuminate/Bus/Dispatcher.php(244): Illuminate\\Queue\\SyncQueue->push()
#57 /home4/ygmarket/ygxone.com/yg-home/vendor/laravel/framework/src/Illuminate/Bus/Dispatcher.php(228): Illuminate\\Bus\\Dispatcher->pushCommandToQueue()
#58 /home4/ygmarket/ygxone.com/yg-home/vendor/laravel/framework/src/Illuminate/Bus/Dispatcher.php(77): Illuminate\\Bus\\Dispatcher->dispatchToQueue()
#59 /home4/ygmarket/ygxone.com/yg-home/vendor/laravel/framework/src/Illuminate/Foundation/Bus/PendingDispatch.php(222): Illuminate\\Bus\\Dispatcher->dispatch()
#60 /home4/ygmarket/ygxone.com/yg-home/app/Services/UnifiedSearchService.php(69): Illuminate\\Foundation\\Bus\\PendingDispatch->__destruct()
#61 /home4/ygmarket/ygxone.com/yg-home/app/Services/UnifiedSearchService.php(22): App\\Services\\UnifiedSearchService->executeSearch()
#62 /home4/ygmarket/ygxone.com/yg-home/vendor/laravel/framework/src/Illuminate/Cache/Repository.php(427): App\\Services\\UnifiedSearchService->App\\Services\\{closure}()
#63 /home4/ygmarket/ygxone.com/yg-home/vendor/laravel/framework/src/Illuminate/Cache/CacheManager.php(453): Illuminate\\Cache\\Repository->remember()
#64 /home4/ygmarket/ygxone.com/yg-home/vendor/laravel/framework/src/Illuminate/Support/Facades/Facade.php(361): Illuminate\\Cache\\CacheManager->__call()
#65 /home4/ygmarket/ygxone.com/yg-home/app/Services/UnifiedSearchService.php(21): Illuminate\\Support\\Facades\\Facade::__callStatic()
#66 /home4/ygmarket/ygxone.com/yg-home/app/Http/Controllers/SearchController.php(40): App\\Services\\UnifiedSearchService->search()
#67 /home4/ygmarket/ygxone.com/yg-home/vendor/laravel/framework/src/Illuminate/Routing/ControllerDispatcher.php(47): App\\Http\\Controllers\\SearchController->index()
#68 /home4/ygmarket/ygxone.com/yg-home/vendor/laravel/framework/src/Illuminate/Routing/Route.php(266): Illuminate\\Routing\\ControllerDispatcher->dispatch()
#69 /home4/ygmarket/ygxone.com/yg-home/vendor/laravel/framework/src/Illuminate/Routing/Route.php(212): Illuminate\\Routing\\Route->runController()
#70 /home4/ygmarket/ygxone.com/yg-home/vendor/laravel/framework/src/Illuminate/Routing/Router.php(808): Illuminate\\Routing\\Route->run()
#71 /home4/ygmarket/ygxone.com/yg-home/vendor/laravel/framework/src/Illuminate/Pipeline/Pipeline.php(170): Illuminate\\Routing\\Router->Illuminate\\Routing\\{closure}()
#72 /home4/ygmarket/ygxone.com/yg-home/vendor/laravel/framework/src/Illuminate/Routing/Middleware/SubstituteBindings.php(51): Illuminate\\Pipeline\\Pipeline->Illuminate\\Pipeline\\{closure}()
#73 /home4/ygmarket/ygxone.com/yg-home/vendor/laravel/framework/src/Illuminate/Pipeline/Pipeline.php(209): Illuminate\\Routing\\Middleware\\SubstituteBindings->handle()
#74 /home4/ygmarket/ygxone.com/yg-home/vendor/laravel/framework/src/Illuminate/Foundation/Http/Middleware/VerifyCsrfToken.php(88): Illuminate\\Pipeline\\Pipeline->Illuminate\\Pipeline\\{closure}()
#75 /home4/ygmarket/ygxone.com/yg-home/vendor/laravel/framework/src/Illuminate/Pipeline/Pipeline.php(209): Illuminate\\Foundation\\Http\\Middleware\\VerifyCsrfToken->handle()
#76 /home4/ygmarket/ygxone.com/yg-home/vendor/laravel/framework/src/Illuminate/View/Middleware/ShareErrorsFromSession.php(49): Illuminate\\Pipeline\\Pipeline->Illuminate\\Pipeline\\{closure}()
#77 /home4/ygmarket/ygxone.com/yg-home/vendor/laravel/framework/src/Illuminate/Pipeline/Pipeline.php(209): Illuminate\\View\\Middleware\\ShareErrorsFromSession->handle()
#78 /home4/ygmarket/ygxone.com/yg-home/vendor/laravel/framework/src/Illuminate/Session/Middleware/StartSession.php(121): Illuminate\\Pipeline\\Pipeline->Illuminate\\Pipeline\\{closure}()
#79 /home4/ygmarket/ygxone.com/yg-home/vendor/laravel/framework/src/Illuminate/Session/Middleware/StartSession.php(64): Illuminate\\Session\\Middleware\\StartSession->handleStatefulRequest()
#80 /home4/ygmarket/ygxone.com/yg-home/vendor/laravel/framework/src/Illuminate/Pipeline/Pipeline.php(209): Illuminate\\Session\\Middleware\\StartSession->handle()
#81 /home4/ygmarket/ygxone.com/yg-home/vendor/laravel/framework/src/Illuminate/Cookie/Middleware/AddQueuedCookiesToResponse.php(37): Illuminate\\Pipeline\\Pipeline->Illuminate\\Pipeline\\{closure}()
#82 /home4/ygmarket/ygxone.com/yg-home/vendor/laravel/framework/src/Illuminate/Pipeline/Pipeline.php(209): Illuminate\\Cookie\\Middleware\\AddQueuedCookiesToResponse->handle()
#83 /home4/ygmarket/ygxone.com/yg-home/vendor/laravel/framework/src/Illuminate/Cookie/Middleware/EncryptCookies.php(75): Illuminate\\Pipeline\\Pipeline->Illuminate\\Pipeline\\{closure}()
#84 /home4/ygmarket/ygxone.com/yg-home/vendor/laravel/framework/src/Illuminate/Pipeline/Pipeline.php(209): Illuminate\\Cookie\\Middleware\\EncryptCookies->handle()
#85 /home4/ygmarket/ygxone.com/yg-home/vendor/laravel/framework/src/Illuminate/Pipeline/Pipeline.php(127): Illuminate\\Pipeline\\Pipeline->Illuminate\\Pipeline\\{closure}()
#86 /home4/ygmarket/ygxone.com/yg-home/vendor/laravel/framework/src/Illuminate/Routing/Router.php(807): Illuminate\\Pipeline\\Pipeline->then()
#87 /home4/ygmarket/ygxone.com/yg-home/vendor/laravel/framework/src/Illuminate/Routing/Router.php(786): Illuminate\\Routing\\Router->runRouteWithinStack()
#88 /home4/ygmarket/ygxone.com/yg-home/vendor/laravel/framework/src/Illuminate/Routing/Router.php(750): Illuminate\\Routing\\Router->runRoute()
#89 /home4/ygmarket/ygxone.com/yg-home/vendor/laravel/framework/src/Illuminate/Routing/Router.php(739): Illuminate\\Routing\\Router->dispatchToRoute()
#90 /home4/ygmarket/ygxone.com/yg-home/vendor/laravel/framework/src/Illuminate/Foundation/Http/Kernel.php(201): Illuminate\\Routing\\Router->dispatch()
#91 /home4/ygmarket/ygxone.com/yg-home/vendor/laravel/framework/src/Illuminate/Pipeline/Pipeline.php(170): Illuminate\\Foundation\\Http\\Kernel->Illuminate\\Foundation\\Http\\{closure}()
#92 /home4/ygmarket/ygxone.com/yg-home/app/Http/Middleware/RequestLogger.php(21): Illuminate\\Pipeline\\Pipeline->Illuminate\\Pipeline\\{closure}()
#93 /home4/ygmarket/ygxone.com/yg-home/vendor/laravel/framework/src/Illuminate/Pipeline/Pipeline.php(209): App\\Http\\Middleware\\RequestLogger->handle()
#94 /home4/ygmarket/ygxone.com/yg-home/vendor/laravel/framework/src/Illuminate/Foundation/Http/Middleware/TransformsRequest.php(21): Illuminate\\Pipeline\\Pipeline->Illuminate\\Pipeline\\{closure}()
#95 /home4/ygmarket/ygxone.com/yg-home/vendor/laravel/framework/src/Illuminate/Foundation/Http/Middleware/ConvertEmptyStringsToNull.php(31): Illuminate\\Foundation\\Http\\Middleware\\TransformsRequest->handle()
#96 /home4/ygmarket/ygxone.com/yg-home/vendor/laravel/framework/src/Illuminate/Pipeline/Pipeline.php(209): Illuminate\\Foundation\\Http\\Middleware\\ConvertEmptyStringsToNull->handle()
#97 /home4/ygmarket/ygxone.com/yg-home/vendor/laravel/framework/src/Illuminate/Foundation/Http/Middleware/TransformsRequest.php(21): Illuminate\\Pipeline\\Pipeline->Illuminate\\Pipeline\\{closure}()
#98 /home4/ygmarket/ygxone.com/yg-home/vendor/laravel/framework/src/Illuminate/Foundation/Http/Middleware/TrimStrings.php(51): Illuminate\\Foundation\\Http\\Middleware\\TransformsRequest->handle()
#99 /home4/ygmarket/ygxone.com/yg-home/vendor/laravel/framework/src/Illuminate/Pipeline/Pipeline.php(209): Illuminate\\Foundation\\Http\\Middleware\\TrimStrings->handle()
#100 /home4/ygmarket/ygxone.com/yg-home/vendor/laravel/framework/src/Illuminate/Http/Middleware/ValidatePostSize.php(27): Illuminate\\Pipeline\\Pipeline->Illuminate\\Pipeline\\{closure}()
#101 /home4/ygmarket/ygxone.com/yg-home/vendor/laravel/framework/src/Illuminate/Pipeline/Pipeline.php(209): Illuminate\\Http\\Middleware\\ValidatePostSize->handle()
#102 /home4/ygmarket/ygxone.com/yg-home/vendor/laravel/framework/src/Illuminate/Foundation/Http/Middleware/PreventRequestsDuringMaintenance.php(110): Illuminate\\Pipeline\\Pipeline->Illuminate\\Pipeline\\{closure}()
#103 /home4/ygmarket/ygxone.com/yg-home/vendor/laravel/framework/src/Illuminate/Pipeline/Pipeline.php(209): Illuminate\\Foundation\\Http\\Middleware\\PreventRequestsDuringMaintenance->handle()
#104 /home4/ygmarket/ygxone.com/yg-home/vendor/laravel/framework/src/Illuminate/Http/Middleware/HandleCors.php(49): Illuminate\\Pipeline\\Pipeline->Illuminate\\Pipeline\\{closure}()
#105 /home4/ygmarket/ygxone.com/yg-home/vendor/laravel/framework/src/Illuminate/Pipeline/Pipeline.php(209): Illuminate\\Http\\Middleware\\HandleCors->handle()
#106 /home4/ygmarket/ygxone.com/yg-home/vendor/laravel/framework/src/Illuminate/Http/Middleware/TrustProxies.php(58): Illuminate\\Pipeline\\Pipeline->Illuminate\\Pipeline\\{closure}()
#107 /home4/ygmarket/ygxone.com/yg-home/vendor/laravel/framework/src/Illuminate/Pipeline/Pipeline.php(209): Illuminate\\Http\\Middleware\\TrustProxies->handle()
#108 /home4/ygmarket/ygxone.com/yg-home/vendor/laravel/framework/src/Illuminate/Foundation/Http/Middleware/InvokeDeferredCallbacks.php(22): Illuminate\\Pipeline\\Pipeline->Illuminate\\Pipeline\\{closure}()
#109 /home4/ygmarket/ygxone.com/yg-home/vendor/laravel/framework/src/Illuminate/Pipeline/Pipeline.php(209): Illuminate\\Foundation\\Http\\Middleware\\InvokeDeferredCallbacks->handle()
#110 /home4/ygmarket/ygxone.com/yg-home/vendor/laravel/framework/src/Illuminate/Pipeline/Pipeline.php(127): Illuminate\\Pipeline\\Pipeline->Illuminate\\Pipeline\\{closure}()
#111 /home4/ygmarket/ygxone.com/yg-home/vendor/laravel/framework/src/Illuminate/Foundation/Http/Kernel.php(176): Illuminate\\Pipeline\\Pipeline->then()
#112 /home4/ygmarket/ygxone.com/yg-home/vendor/laravel/framework/src/Illuminate/Foundation/Http/Kernel.php(145): Illuminate\\Foundation\\Http\\Kernel->sendRequestThroughRouter()
#113 /home4/ygmarket/ygxone.com/yg-home/vendor/laravel/framework/src/Illuminate/Foundation/Application.php(1220): Illuminate\\Foundation\\Http\\Kernel->handle()
#114 /home4/ygmarket/ygxone.com/yg-home/public/index.php(17): Illuminate\\Foundation\\Application->handleRequest()
#115 {main}"} 
[2026-05-10 03:11:53] local.ERROR: Undefined variable $total_results (View: /home4/ygmarket/ygxone.com/yg-home/resources/views/search/results.blade.php) {"exception":"[object] (Illuminate\\View\\ViewException(code: 0): Undefined variable $total_results (View: /home4/ygmarket/ygxone.com/yg-home/resources/views/search/results.blade.php) at /home4/ygmarket/ygxone.com/yg-home/storage/framework/views/1b348a9bc23751efd96cd58c86de4ea9.php:88)
[stacktrace]
#0 /home4/ygmarket/ygxone.com/yg-home/vendor/laravel/framework/src/Illuminate/View/Engines/PhpEngine.php(60): Illuminate\\View\\Engines\\CompilerEngine->handleViewException()
#1 /home4/ygmarket/ygxone.com/yg-home/vendor/laravel/framework/src/Illuminate/View/Engines/CompilerEngine.php(75): Illuminate\\View\\Engines\\PhpEngine->evaluatePath()
#2 /home4/ygmarket/ygxone.com/yg-home/vendor/laravel/framework/src/Illuminate/View/View.php(209): Illuminate\\View\\Engines\\CompilerEngine->get()
#3 /home4/ygmarket/ygxone.com/yg-home/vendor/laravel/framework/src/Illuminate/View/View.php(192): Illuminate\\View\\View->getContents()
#4 /home4/ygmarket/ygxone.com/yg-home/vendor/laravel/framework/src/Illuminate/View/View.php(161): Illuminate\\View\\View->renderContents()
#5 /home4/ygmarket/ygxone.com/yg-home/vendor/laravel/framework/src/Illuminate/Http/Response.php(79): Illuminate\\View\\View->render()
#6 /home4/ygmarket/ygxone.com/yg-home/vendor/laravel/framework/src/Illuminate/Http/Response.php(35): Illuminate\\Http\\Response->setContent()
#7 /home4/ygmarket/ygxone.com/yg-home/vendor/laravel/framework/src/Illuminate/Routing/ResponseFactory.php(60): Illuminate\\Http\\Response->__construct()
#8 /home4/ygmarket/ygxone.com/yg-home/vendor/laravel/framework/src/Illuminate/Routing/ResponseFactory.php(90): Illuminate\\Routing\\ResponseFactory->make()
#9 /home4/ygmarket/ygxone.com/yg-home/app/Http/Controllers/SearchController.php(67): Illuminate\\Routing\\ResponseFactory->view()
#10 /home4/ygmarket/ygxone.com/yg-home/vendor/laravel/framework/src/Illuminate/Routing/ControllerDispatcher.php(47): App\\Http\\Controllers\\SearchController->index()
#11 /home4/ygmarket/ygxone.com/yg-home/vendor/laravel/framework/src/Illuminate/Routing/Route.php(266): Illuminate\\Routing\\ControllerDispatcher->dispatch()
#12 /home4/ygmarket/ygxone.com/yg-home/vendor/laravel/framework/src/Illuminate/Routing/Route.php(212): Illuminate\\Routing\\Route->runController()
#13 /home4/ygmarket/ygxone.com/yg-home/vendor/laravel/framework/src/Illuminate/Routing/Router.php(808): Illuminate\\Routing\\Route->run()
#14 /home4/ygmarket/ygxone.com/yg-home/vendor/laravel/framework/src/Illuminate/Pipeline/Pipeline.php(170): Illuminate\\Routing\\Router->Illuminate\\Routing\\{closure}()
#15 /home4/ygmarket/ygxone.com/yg-home/vendor/laravel/framework/src/Illuminate/Routing/Middleware/SubstituteBindings.php(51): Illuminate\\Pipeline\\Pipeline->Illuminate\\Pipeline\\{closure}()
#16 /home4/ygmarket/ygxone.com/yg-home/vendor/laravel/framework/src/Illuminate/Pipeline/Pipeline.php(209): Illuminate\\Routing\\Middleware\\SubstituteBindings->handle()
#17 /home4/ygmarket/ygxone.com/yg-home/vendor/laravel/framework/src/Illuminate/Foundation/Http/Middleware/VerifyCsrfToken.php(88): Illuminate\\Pipeline\\Pipeline->Illuminate\\Pipeline\\{closure}()
#18 /home4/ygmarket/ygxone.com/yg-home/vendor/laravel/framework/src/Illuminate/Pipeline/Pipeline.php(209): Illuminate\\Foundation\\Http\\Middleware\\VerifyCsrfToken->handle()
#19 /home4/ygmarket/ygxone.com/yg-home/vendor/laravel/framework/src/Illuminate/View/Middleware/ShareErrorsFromSession.php(49): Illuminate\\Pipeline\\Pipeline->Illuminate\\Pipeline\\{closure}()
#20 /home4/ygmarket/ygxone.com/yg-home/vendor/laravel/framework/src/Illuminate/Pipeline/Pipeline.php(209): Illuminate\\View\\Middleware\\ShareErrorsFromSession->handle()
#21 /home4/ygmarket/ygxone.com/yg-home/vendor/laravel/framework/src/Illuminate/Session/Middleware/StartSession.php(121): Illuminate\\Pipeline\\Pipeline->Illuminate\\Pipeline\\{closure}()
#22 /home4/ygmarket/ygxone.com/yg-home/vendor/laravel/framework/src/Illuminate/Session/Middleware/StartSession.php(64): Illuminate\\Session\\Middleware\\StartSession->handleStatefulRequest()
#23 /home4/ygmarket/ygxone.com/yg-home/vendor/laravel/framework/src/Illuminate/Pipeline/Pipeline.php(209): Illuminate\\Session\\Middleware\\StartSession->handle()
#24 /home4/ygmarket/ygxone.com/yg-home/vendor/laravel/framework/src/Illuminate/Cookie/Middleware/AddQueuedCookiesToResponse.php(37): Illuminate\\Pipeline\\Pipeline->Illuminate\\Pipeline\\{closure}()
#25 /home4/ygmarket/ygxone.com/yg-home/vendor/laravel/framework/src/Illuminate/Pipeline/Pipeline.php(209): Illuminate\\Cookie\\Middleware\\AddQueuedCookiesToResponse->handle()
#26 /home4/ygmarket/ygxone.com/yg-home/vendor/laravel/framework/src/Illuminate/Cookie/Middleware/EncryptCookies.php(75): Illuminate\\Pipeline\\Pipeline->Illuminate\\Pipeline\\{closure}()
#27 /home4/ygmarket/ygxone.com/yg-home/vendor/laravel/framework/src/Illuminate/Pipeline/Pipeline.php(209): Illuminate\\Cookie\\Middleware\\EncryptCookies->handle()
#28 /home4/ygmarket/ygxone.com/yg-home/vendor/laravel/framework/src/Illuminate/Pipeline/Pipeline.php(127): Illuminate\\Pipeline\\Pipeline->Illuminate\\Pipeline\\{closure}()
#29 /home4/ygmarket/ygxone.com/yg-home/vendor/laravel/framework/src/Illuminate/Routing/Router.php(807): Illuminate\\Pipeline\\Pipeline->then()
#30 /home4/ygmarket/ygxone.com/yg-home/vendor/laravel/framework/src/Illuminate/Routing/Router.php(786): Illuminate\\Routing\\Router->runRouteWithinStack()
#31 /home4/ygmarket/ygxone.com/yg-home/vendor/laravel/framework/src/Illuminate/Routing/Router.php(750): Illuminate\\Routing\\Router->runRoute()
#32 /home4/ygmarket/ygxone.com/yg-home/vendor/laravel/framework/src/Illuminate/Routing/Router.php(739): Illuminate\\Routing\\Router->dispatchToRoute()
#33 /home4/ygmarket/ygxone.com/yg-home/vendor/laravel/framework/src/Illuminate/Foundation/Http/Kernel.php(201): Illuminate\\Routing\\Router->dispatch()
#34 /home4/ygmarket/ygxone.com/yg-home/vendor/laravel/framework/src/Illuminate/Pipeline/Pipeline.php(170): Illuminate\\Foundation\\Http\\Kernel->Illuminate\\Foundation\\Http\\{closure}()
#35 /home4/ygmarket/ygxone.com/yg-home/app/Http/Middleware/RequestLogger.php(21): Illuminate\\Pipeline\\Pipeline->Illuminate\\Pipeline\\{closure}()
#36 /home4/ygmarket/ygxone.com/yg-home/vendor/laravel/framework/src/Illuminate/Pipeline/Pipeline.php(209): App\\Http\\Middleware\\RequestLogger->handle()
#37 /home4/ygmarket/ygxone.com/yg-home/vendor/laravel/framework/src/Illuminate/Foundation/Http/Middleware/TransformsRequest.php(21): Illuminate\\Pipeline\\Pipeline->Illuminate\\Pipeline\\{closure}()
#38 /home4/ygmarket/ygxone.com/yg-home/vendor/laravel/framework/src/Illuminate/Foundation/Http/Middleware/ConvertEmptyStringsToNull.php(31): Illuminate\\Foundation\\Http\\Middleware\\TransformsRequest->handle()
#39 /home4/ygmarket/ygxone.com/yg-home/vendor/laravel/framework/src/Illuminate/Pipeline/Pipeline.php(209): Illuminate\\Foundation\\Http\\Middleware\\ConvertEmptyStringsToNull->handle()
#40 /home4/ygmarket/ygxone.com/yg-home/vendor/laravel/framework/src/Illuminate/Foundation/Http/Middleware/TransformsRequest.php(21): Illuminate\\Pipeline\\Pipeline->Illuminate\\Pipeline\\{closure}()
#41 /home4/ygmarket/ygxone.com/yg-home/vendor/laravel/framework/src/Illuminate/Foundation/Http/Middleware/TrimStrings.php(51): Illuminate\\Foundation\\Http\\Middleware\\TransformsRequest->handle()
#42 /home4/ygmarket/ygxone.com/yg-home/vendor/laravel/framework/src/Illuminate/Pipeline/Pipeline.php(209): Illuminate\\Foundation\\Http\\Middleware\\TrimStrings->handle()
#43 /home4/ygmarket/ygxone.com/yg-home/vendor/laravel/framework/src/Illuminate/Http/Middleware/ValidatePostSize.php(27): Illuminate\\Pipeline\\Pipeline->Illuminate\\Pipeline\\{closure}()
#44 /home4/ygmarket/ygxone.com/yg-home/vendor/laravel/framework/src/Illuminate/Pipeline/Pipeline.php(209): Illuminate\\Http\\Middleware\\ValidatePostSize->handle()
#45 /home4/ygmarket/ygxone.com/yg-home/vendor/laravel/framework/src/Illuminate/Foundation/Http/Middleware/PreventRequestsDuringMaintenance.php(110): Illuminate\\Pipeline\\Pipeline->Illuminate\\Pipeline\\{closure}()
#46 /home4/ygmarket/ygxone.com/yg-home/vendor/laravel/framework/src/Illuminate/Pipeline/Pipeline.php(209): Illuminate\\Foundation\\Http\\Middleware\\PreventRequestsDuringMaintenance->handle()
#47 /home4/ygmarket/ygxone.com/yg-home/vendor/laravel/framework/src/Illuminate/Http/Middleware/HandleCors.php(49): Illuminate\\Pipeline\\Pipeline->Illuminate\\Pipeline\\{closure}()
#48 /home4/ygmarket/ygxone.com/yg-home/vendor/laravel/framework/src/Illuminate/Pipeline/Pipeline.php(209): Illuminate\\Http\\Middleware\\HandleCors->handle()
#49 /home4/ygmarket/ygxone.com/yg-home/vendor/laravel/framework/src/Illuminate/Http/Middleware/TrustProxies.php(58): Illuminate\\Pipeline\\Pipeline->Illuminate\\Pipeline\\{closure}()
#50 /home4/ygmarket/ygxone.com/yg-home/vendor/laravel/framework/src/Illuminate/Pipeline/Pipeline.php(209): Illuminate\\Http\\Middleware\\TrustProxies->handle()
#51 /home4/ygmarket/ygxone.com/yg-home/vendor/laravel/framework/src/Illuminate/Foundation/Http/Middleware/InvokeDeferredCallbacks.php(22): Illuminate\\Pipeline\\Pipeline->Illuminate\\Pipeline\\{closure}()
#52 /home4/ygmarket/ygxone.com/yg-home/vendor/laravel/framework/src/Illuminate/Pipeline/Pipeline.php(209): Illuminate\\Foundation\\Http\\Middleware\\InvokeDeferredCallbacks->handle()
#53 /home4/ygmarket/ygxone.com/yg-home/vendor/laravel/framework/src/Illuminate/Pipeline/Pipeline.php(127): Illuminate\\Pipeline\\Pipeline->Illuminate\\Pipeline\\{closure}()
#54 /home4/ygmarket/ygxone.com/yg-home/vendor/laravel/framework/src/Illuminate/Foundation/Http/Kernel.php(176): Illuminate\\Pipeline\\Pipeline->then()
#55 /home4/ygmarket/ygxone.com/yg-home/vendor/laravel/framework/src/Illuminate/Foundation/Http/Kernel.php(145): Illuminate\\Foundation\\Http\\Kernel->sendRequestThroughRouter()
#56 /home4/ygmarket/ygxone.com/yg-home/vendor/laravel/framework/src/Illuminate/Foundation/Application.php(1220): Illuminate\\Foundation\\Http\\Kernel->handle()
#57 /home4/ygmarket/ygxone.com/yg-home/public/index.php(17): Illuminate\\Foundation\\Application->handleRequest()
#58 {main}

[previous exception] [object] (ErrorException(code: 0): Undefined variable $total_results at /home4/ygmarket/ygxone.com/yg-home/storage/framework/views/1b348a9bc23751efd96cd58c86de4ea9.php:88)
[stacktrace]
#0 /home4/ygmarket/ygxone.com/yg-home/vendor/laravel/framework/src/Illuminate/Foundation/Bootstrap/HandleExceptions.php(258): Illuminate\\Foundation\\Bootstrap\\HandleExceptions->handleError()
#1 /home4/ygmarket/ygxone.com/yg-home/storage/framework/views/1b348a9bc23751efd96cd58c86de4ea9.php(88): Illuminate\\Foundation\\Bootstrap\\HandleExceptions->Illuminate\\Foundation\\Bootstrap\\{closure}()
#2 /home4/ygmarket/ygxone.com/yg-home/vendor/laravel/framework/src/Illuminate/Filesystem/Filesystem.php(123): require('/home4/ygmarket...')
#3 /home4/ygmarket/ygxone.com/yg-home/vendor/laravel/framework/src/Illuminate/Filesystem/Filesystem.php(124): Illuminate\\Filesystem\\Filesystem::Illuminate\\Filesystem\\{closure}()
#4 /home4/ygmarket/ygxone.com/yg-home/vendor/laravel/framework/src/Illuminate/View/Engines/PhpEngine.php(58): Illuminate\\Filesystem\\Filesystem->getRequire()
#5 /home4/ygmarket/ygxone.com/yg-home/vendor/laravel/framework/src/Illuminate/View/Engines/CompilerEngine.php(75): Illuminate\\View\\Engines\\PhpEngine->evaluatePath()
#6 /home4/ygmarket/ygxone.com/yg-home/vendor/laravel/framework/src/Illuminate/View/View.php(209): Illuminate\\View\\Engines\\CompilerEngine->get()
#7 /home4/ygmarket/ygxone.com/yg-home/vendor/laravel/framework/src/Illuminate/View/View.php(192): Illuminate\\View\\View->getContents()
#8 /home4/ygmarket/ygxone.com/yg-home/vendor/laravel/framework/src/Illuminate/View/View.php(161): Illuminate\\View\\View->renderContents()
#9 /home4/ygmarket/ygxone.com/yg-home/vendor/laravel/framework/src/Illuminate/Http/Response.php(79): Illuminate\\View\\View->render()
#10 /home4/ygmarket/ygxone.com/yg-home/vendor/laravel/framework/src/Illuminate/Http/Response.php(35): Illuminate\\Http\\Response->setContent()
#11 /home4/ygmarket/ygxone.com/yg-home/vendor/laravel/framework/src/Illuminate/Routing/ResponseFactory.php(60): Illuminate\\Http\\Response->__construct()
#12 /home4/ygmarket/ygxone.com/yg-home/vendor/laravel/framework/src/Illuminate/Routing/ResponseFactory.php(90): Illuminate\\Routing\\ResponseFactory->make()
#13 /home4/ygmarket/ygxone.com/yg-home/app/Http/Controllers/SearchController.php(67): Illuminate\\Routing\\ResponseFactory->view()
#14 /home4/ygmarket/ygxone.com/yg-home/vendor/laravel/framework/src/Illuminate/Routing/ControllerDispatcher.php(47): App\\Http\\Controllers\\SearchController->index()
#15 /home4/ygmarket/ygxone.com/yg-home/vendor/laravel/framework/src/Illuminate/Routing/Route.php(266): Illuminate\\Routing\\ControllerDispatcher->dispatch()
#16 /home4/ygmarket/ygxone.com/yg-home/vendor/laravel/framework/src/Illuminate/Routing/Route.php(212): Illuminate\\Routing\\Route->runController()
#17 /home4/ygmarket/ygxone.com/yg-home/vendor/laravel/framework/src/Illuminate/Routing/Router.php(808): Illuminate\\Routing\\Route->run()
#18 /home4/ygmarket/ygxone.com/yg-home/vendor/laravel/framework/src/Illuminate/Pipeline/Pipeline.php(170): Illuminate\\Routing\\Router->Illuminate\\Routing\\{closure}()
#19 /home4/ygmarket/ygxone.com/yg-home/vendor/laravel/framework/src/Illuminate/Routing/Middleware/SubstituteBindings.php(51): Illuminate\\Pipeline\\Pipeline->Illuminate\\Pipeline\\{closure}()
#20 /home4/ygmarket/ygxone.com/yg-home/vendor/laravel/framework/src/Illuminate/Pipeline/Pipeline.php(209): Illuminate\\Routing\\Middleware\\SubstituteBindings->handle()
#21 /home4/ygmarket/ygxone.com/yg-home/vendor/laravel/framework/src/Illuminate/Foundation/Http/Middleware/VerifyCsrfToken.php(88): Illuminate\\Pipeline\\Pipeline->Illuminate\\Pipeline\\{closure}()
#22 /home4/ygmarket/ygxone.com/yg-home/vendor/laravel/framework/src/Illuminate/Pipeline/Pipeline.php(209): Illuminate\\Foundation\\Http\\Middleware\\VerifyCsrfToken->handle()
#23 /home4/ygmarket/ygxone.com/yg-home/vendor/laravel/framework/src/Illuminate/View/Middleware/ShareErrorsFromSession.php(49): Illuminate\\Pipeline\\Pipeline->Illuminate\\Pipeline\\{closure}()
#24 /home4/ygmarket/ygxone.com/yg-home/vendor/laravel/framework/src/Illuminate/Pipeline/Pipeline.php(209): Illuminate\\View\\Middleware\\ShareErrorsFromSession->handle()
#25 /home4/ygmarket/ygxone.com/yg-home/vendor/laravel/framework/src/Illuminate/Session/Middleware/StartSession.php(121): Illuminate\\Pipeline\\Pipeline->Illuminate\\Pipeline\\{closure}()
#26 /home4/ygmarket/ygxone.com/yg-home/vendor/laravel/framework/src/Illuminate/Session/Middleware/StartSession.php(64): Illuminate\\Session\\Middleware\\StartSession->handleStatefulRequest()
#27 /home4/ygmarket/ygxone.com/yg-home/vendor/laravel/framework/src/Illuminate/Pipeline/Pipeline.php(209): Illuminate\\Session\\Middleware\\StartSession->handle()
#28 /home4/ygmarket/ygxone.com/yg-home/vendor/laravel/framework/src/Illuminate/Cookie/Middleware/AddQueuedCookiesToResponse.php(37): Illuminate\\Pipeline\\Pipeline->Illuminate\\Pipeline\\{closure}()
#29 /home4/ygmarket/ygxone.com/yg-home/vendor/laravel/framework/src/Illuminate/Pipeline/Pipeline.php(209): Illuminate\\Cookie\\Middleware\\AddQueuedCookiesToResponse->handle()
#30 /home4/ygmarket/ygxone.com/yg-home/vendor/laravel/framework/src/Illuminate/Cookie/Middleware/EncryptCookies.php(75): Illuminate\\Pipeline\\Pipeline->Illuminate\\Pipeline\\{closure}()
#31 /home4/ygmarket/ygxone.com/yg-home/vendor/laravel/framework/src/Illuminate/Pipeline/Pipeline.php(209): Illuminate\\Cookie\\Middleware\\EncryptCookies->handle()
#32 /home4/ygmarket/ygxone.com/yg-home/vendor/laravel/framework/src/Illuminate/Pipeline/Pipeline.php(127): Illuminate\\Pipeline\\Pipeline->Illuminate\\Pipeline\\{closure}()
#33 /home4/ygmarket/ygxone.com/yg-home/vendor/laravel/framework/src/Illuminate/Routing/Router.php(807): Illuminate\\Pipeline\\Pipeline->then()
#34 /home4/ygmarket/ygxone.com/yg-home/vendor/laravel/framework/src/Illuminate/Routing/Router.php(786): Illuminate\\Routing\\Router->runRouteWithinStack()
#35 /home4/ygmarket/ygxone.com/yg-home/vendor/laravel/framework/src/Illuminate/Routing/Router.php(750): Illuminate\\Routing\\Router->runRoute()
#36 /home4/ygmarket/ygxone.com/yg-home/vendor/laravel/framework/src/Illuminate/Routing/Router.php(739): Illuminate\\Routing\\Router->dispatchToRoute()
#37 /home4/ygmarket/ygxone.com/yg-home/vendor/laravel/framework/src/Illuminate/Foundation/Http/Kernel.php(201): Illuminate\\Routing\\Router->dispatch()
#38 /home4/ygmarket/ygxone.com/yg-home/vendor/laravel/framework/src/Illuminate/Pipeline/Pipeline.php(170): Illuminate\\Foundation\\Http\\Kernel->Illuminate\\Foundation\\Http\\{closure}()
#39 /home4/ygmarket/ygxone.com/yg-home/app/Http/Middleware/RequestLogger.php(21): Illuminate\\Pipeline\\Pipeline->Illuminate\\Pipeline\\{closure}()
#40 /home4/ygmarket/ygxone.com/yg-home/vendor/laravel/framework/src/Illuminate/Pipeline/Pipeline.php(209): App\\Http\\Middleware\\RequestLogger->handle()
#41 /home4/ygmarket/ygxone.com/yg-home/vendor/laravel/framework/src/Illuminate/Foundation/Http/Middleware/TransformsRequest.php(21): Illuminate\\Pipeline\\Pipeline->Illuminate\\Pipeline\\{closure}()
#42 /home4/ygmarket/ygxone.com/yg-home/vendor/laravel/framework/src/Illuminate/Foundation/Http/Middleware/ConvertEmptyStringsToNull.php(31): Illuminate\\Foundation\\Http\\Middleware\\TransformsRequest->handle()
#43 /home4/ygmarket/ygxone.com/yg-home/vendor/laravel/framework/src/Illuminate/Pipeline/Pipeline.php(209): Illuminate\\Foundation\\Http\\Middleware\\ConvertEmptyStringsToNull->handle()
#44 /home4/ygmarket/ygxone.com/yg-home/vendor/laravel/framework/src/Illuminate/Foundation/Http/Middleware/TransformsRequest.php(21): Illuminate\\Pipeline\\Pipeline->Illuminate\\Pipeline\\{closure}()
#45 /home4/ygmarket/ygxone.com/yg-home/vendor/laravel/framework/src/Illuminate/Foundation/Http/Middleware/TrimStrings.php(51): Illuminate\\Foundation\\Http\\Middleware\\TransformsRequest->handle()
#46 /home4/ygmarket/ygxone.com/yg-home/vendor/laravel/framework/src/Illuminate/Pipeline/Pipeline.php(209): Illuminate\\Foundation\\Http\\Middleware\\TrimStrings->handle()
#47 /home4/ygmarket/ygxone.com/yg-home/vendor/laravel/framework/src/Illuminate/Http/Middleware/ValidatePostSize.php(27): Illuminate\\Pipeline\\Pipeline->Illuminate\\Pipeline\\{closure}()
#48 /home4/ygmarket/ygxone.com/yg-home/vendor/laravel/framework/src/Illuminate/Pipeline/Pipeline.php(209): Illuminate\\Http\\Middleware\\ValidatePostSize->handle()
#49 /home4/ygmarket/ygxone.com/yg-home/vendor/laravel/framework/src/Illuminate/Foundation/Http/Middleware/PreventRequestsDuringMaintenance.php(110): Illuminate\\Pipeline\\Pipeline->Illuminate\\Pipeline\\{closure}()
#50 /home4/ygmarket/ygxone.com/yg-home/vendor/laravel/framework/src/Illuminate/Pipeline/Pipeline.php(209): Illuminate\\Foundation\\Http\\Middleware\\PreventRequestsDuringMaintenance->handle()
#51 /home4/ygmarket/ygxone.com/yg-home/vendor/laravel/framework/src/Illuminate/Http/Middleware/HandleCors.php(49): Illuminate\\Pipeline\\Pipeline->Illuminate\\Pipeline\\{closure}()
#52 /home4/ygmarket/ygxone.com/yg-home/vendor/laravel/framework/src/Illuminate/Pipeline/Pipeline.php(209): Illuminate\\Http\\Middleware\\HandleCors->handle()
#53 /home4/ygmarket/ygxone.com/yg-home/vendor/laravel/framework/src/Illuminate/Http/Middleware/TrustProxies.php(58): Illuminate\\Pipeline\\Pipeline->Illuminate\\Pipeline\\{closure}()
#54 /home4/ygmarket/ygxone.com/yg-home/vendor/laravel/framework/src/Illuminate/Pipeline/Pipeline.php(209): Illuminate\\Http\\Middleware\\TrustProxies->handle()
#55 /home4/ygmarket/ygxone.com/yg-home/vendor/laravel/framework/src/Illuminate/Foundation/Http/Middleware/InvokeDeferredCallbacks.php(22): Illuminate\\Pipeline\\Pipeline->Illuminate\\Pipeline\\{closure}()
#56 /home4/ygmarket/ygxone.com/yg-home/vendor/laravel/framework/src/Illuminate/Pipeline/Pipeline.php(209): Illuminate\\Foundation\\Http\\Middleware\\InvokeDeferredCallbacks->handle()
#57 /home4/ygmarket/ygxone.com/yg-home/vendor/laravel/framework/src/Illuminate/Pipeline/Pipeline.php(127): Illuminate\\Pipeline\\Pipeline->Illuminate\\Pipeline\\{closure}()
#58 /home4/ygmarket/ygxone.com/yg-home/vendor/laravel/framework/src/Illuminate/Foundation/Http/Kernel.php(176): Illuminate\\Pipeline\\Pipeline->then()
#59 /home4/ygmarket/ygxone.com/yg-home/vendor/laravel/framework/src/Illuminate/Foundation/Http/Kernel.php(145): Illuminate\\Foundation\\Http\\Kernel->sendRequestThroughRouter()
#60 /home4/ygmarket/ygxone.com/yg-home/vendor/laravel/framework/src/Illuminate/Foundation/Application.php(1220): Illuminate\\Foundation\\Http\\Kernel->handle()
#61 /home4/ygmarket/ygxone.com/yg-home/public/index.php(17): Illuminate\\Foundation\\Application->handleRequest()
#62 {main}
"} 
[2026-05-10 03:13:50] local.INFO: Incoming Request {"url":"https://ygxone.com","method":"GET","ip":"145.40.133.115","user_agent":"Mozilla/5.0 (Windows NT 10.0; Win64; x64) AppleWebKit/537.36 (KHTML, like Gecko) Chrome/147.0.0.0 Safari/537.36"} 
[2026-05-10 03:13:57] local.INFO: Incoming Request {"url":"https://www.ygxone.com/search?q=How%20to%20use%20YGXONE%3F","method":"GET","ip":"145.40.133.115","user_agent":"Mozilla/5.0 (Windows NT 10.0; Win64; x64) AppleWebKit/537.36 (KHTML, like Gecko) Chrome/147.0.0.0 Safari/537.36 Edg/147.0.0.0"} 
[2026-05-10 03:13:57] local.ERROR: AI suggestions failed {"error":"cURL error 6: Could not resolve host: ai.ygxone.com (see https://curl.haxx.se/libcurl/c/libcurl-errors.html) for https://ai.ygxone.com/api/"} 
[2026-05-10 03:13:58] local.ERROR: Ecosystem search failed {"error":"Method Laravel\\Scout\\Builder::limit does not exist."} 
[2026-05-10 03:13:58] local.ERROR: AI answer generation failed {"error":"cURL error 6: Could not resolve host: ai.ygxone.com (see https://curl.haxx.se/libcurl/c/libcurl-errors.html) for https://ai.ygxone.com/api/"} 
[2026-05-10 03:13:58] local.ERROR: Failed to log search training data {"error":"SQLSTATE[HY000]: General error: 1 no such table: main.users (Connection: sqlite, SQL: insert into \"search_training_data\" (\"query\", \"result_count\", \"had_clicks\", \"session_id\", \"user_id\", \"created_at\") values (How to use YGXONE?, 17, 0, 9JroNgk7J3Qhc57F7YjdGRP15uhsp1MhA1h5dHJ1, ?, 2026-05-10 03:13:58))"} 
[2026-05-10 03:13:58] local.ERROR: Search failed {"query":"How to use YGXONE?","error":"Array to string conversion","trace":"#0 /home4/ygmarket/ygxone.com/yg-home/vendor/laravel/framework/src/Illuminate/Foundation/Bootstrap/HandleExceptions.php(258): Illuminate\\Foundation\\Bootstrap\\HandleExceptions->handleError()
#1 /home4/ygmarket/ygxone.com/yg-home/app/Services/UnifiedSearchService.php(413): Illuminate\\Foundation\\Bootstrap\\HandleExceptions->Illuminate\\Foundation\\Bootstrap\\{closure}()
#2 /home4/ygmarket/ygxone.com/yg-home/app/Services/UnifiedSearchService.php(384): App\\Services\\UnifiedSearchService->prepareTrainingText()
#3 laravel-serializable-closure://function () use ($query, $results) {
            $this->sendToYugaLLMTraining($query, $results);
        }(3): App\\Services\\UnifiedSearchService->sendToYugaLLMTraining()
#4 /home4/ygmarket/ygxone.com/yg-home/vendor/laravel/framework/src/Illuminate/Container/BoundMethod.php(36): App\\Services\\UnifiedSearchService->{closure}()
#5 /home4/ygmarket/ygxone.com/yg-home/vendor/laravel/framework/src/Illuminate/Container/Util.php(43): Illuminate\\Container\\BoundMethod::Illuminate\\Container\\{closure}()
#6 /home4/ygmarket/ygxone.com/yg-home/vendor/laravel/framework/src/Illuminate/Container/BoundMethod.php(83): Illuminate\\Container\\Util::unwrapIfClosure()
#7 /home4/ygmarket/ygxone.com/yg-home/vendor/laravel/framework/src/Illuminate/Container/BoundMethod.php(35): Illuminate\\Container\\BoundMethod::callBoundMethod()
#8 /home4/ygmarket/ygxone.com/yg-home/vendor/laravel/framework/src/Illuminate/Container/Container.php(696): Illuminate\\Container\\BoundMethod::call()
#9 /home4/ygmarket/ygxone.com/yg-home/vendor/laravel/framework/src/Illuminate/Queue/CallQueuedClosure.php(69): Illuminate\\Container\\Container->call()
#10 /home4/ygmarket/ygxone.com/yg-home/vendor/laravel/framework/src/Illuminate/Container/BoundMethod.php(36): Illuminate\\Queue\\CallQueuedClosure->handle()
#11 /home4/ygmarket/ygxone.com/yg-home/vendor/laravel/framework/src/Illuminate/Container/Util.php(43): Illuminate\\Container\\BoundMethod::Illuminate\\Container\\{closure}()
#12 /home4/ygmarket/ygxone.com/yg-home/vendor/laravel/framework/src/Illuminate/Container/BoundMethod.php(95): Illuminate\\Container\\Util::unwrapIfClosure()
#13 /home4/ygmarket/ygxone.com/yg-home/vendor/laravel/framework/src/Illuminate/Container/BoundMethod.php(35): Illuminate\\Container\\BoundMethod::callBoundMethod()
#14 /home4/ygmarket/ygxone.com/yg-home/vendor/laravel/framework/src/Illuminate/Container/Container.php(696): Illuminate\\Container\\BoundMethod::call()
#15 /home4/ygmarket/ygxone.com/yg-home/vendor/laravel/framework/src/Illuminate/Bus/Dispatcher.php(126): Illuminate\\Container\\Container->call()
#16 /home4/ygmarket/ygxone.com/yg-home/vendor/laravel/framework/src/Illuminate/Pipeline/Pipeline.php(170): Illuminate\\Bus\\Dispatcher->Illuminate\\Bus\\{closure}()
#17 /home4/ygmarket/ygxone.com/yg-home/vendor/laravel/framework/src/Illuminate/Pipeline/Pipeline.php(127): Illuminate\\Pipeline\\Pipeline->Illuminate\\Pipeline\\{closure}()
#18 /home4/ygmarket/ygxone.com/yg-home/vendor/laravel/framework/src/Illuminate/Bus/Dispatcher.php(130): Illuminate\\Pipeline\\Pipeline->then()
#19 /home4/ygmarket/ygxone.com/yg-home/vendor/laravel/framework/src/Illuminate/Queue/CallQueuedHandler.php(126): Illuminate\\Bus\\Dispatcher->dispatchNow()
#20 /home4/ygmarket/ygxone.com/yg-home/vendor/laravel/framework/src/Illuminate/Pipeline/Pipeline.php(170): Illuminate\\Queue\\CallQueuedHandler->Illuminate\\Queue\\{closure}()
#21 /home4/ygmarket/ygxone.com/yg-home/vendor/laravel/framework/src/Illuminate/Pipeline/Pipeline.php(127): Illuminate\\Pipeline\\Pipeline->Illuminate\\Pipeline\\{closure}()
#22 /home4/ygmarket/ygxone.com/yg-home/vendor/laravel/framework/src/Illuminate/Queue/CallQueuedHandler.php(121): Illuminate\\Pipeline\\Pipeline->then()
#23 /home4/ygmarket/ygxone.com/yg-home/vendor/laravel/framework/src/Illuminate/Queue/CallQueuedHandler.php(69): Illuminate\\Queue\\CallQueuedHandler->dispatchThroughMiddleware()
#24 /home4/ygmarket/ygxone.com/yg-home/vendor/laravel/framework/src/Illuminate/Queue/Jobs/Job.php(102): Illuminate\\Queue\\CallQueuedHandler->call()
#25 /home4/ygmarket/ygxone.com/yg-home/vendor/laravel/framework/src/Illuminate/Queue/SyncQueue.php(76): Illuminate\\Queue\\Jobs\\Job->fire()
#26 /home4/ygmarket/ygxone.com/yg-home/vendor/laravel/framework/src/Illuminate/Queue/SyncQueue.php(56): Illuminate\\Queue\\SyncQueue->executeJob()
#27 /home4/ygmarket/ygxone.com/yg-home/vendor/laravel/framework/src/Illuminate/Bus/Dispatcher.php(244): Illuminate\\Queue\\SyncQueue->push()
#28 /home4/ygmarket/ygxone.com/yg-home/vendor/laravel/framework/src/Illuminate/Bus/Dispatcher.php(228): Illuminate\\Bus\\Dispatcher->pushCommandToQueue()
#29 /home4/ygmarket/ygxone.com/yg-home/vendor/laravel/framework/src/Illuminate/Bus/Dispatcher.php(77): Illuminate\\Bus\\Dispatcher->dispatchToQueue()
#30 /home4/ygmarket/ygxone.com/yg-home/vendor/laravel/framework/src/Illuminate/Foundation/Bus/PendingDispatch.php(222): Illuminate\\Bus\\Dispatcher->dispatch()
#31 /home4/ygmarket/ygxone.com/yg-home/app/Services/UnifiedSearchService.php(368): Illuminate\\Foundation\\Bus\\PendingDispatch->__destruct()
#32 laravel-serializable-closure://function () use ($query, $results) {
            $this->trainAIWithSearchQuery($query, $results);
        }(3): App\\Services\\UnifiedSearchService->trainAIWithSearchQuery()
#33 /home4/ygmarket/ygxone.com/yg-home/vendor/laravel/framework/src/Illuminate/Container/BoundMethod.php(36): App\\Services\\UnifiedSearchService->{closure}()
#34 /home4/ygmarket/ygxone.com/yg-home/vendor/laravel/framework/src/Illuminate/Container/Util.php(43): Illuminate\\Container\\BoundMethod::Illuminate\\Container\\{closure}()
#35 /home4/ygmarket/ygxone.com/yg-home/vendor/laravel/framework/src/Illuminate/Container/BoundMethod.php(83): Illuminate\\Container\\Util::unwrapIfClosure()
#36 /home4/ygmarket/ygxone.com/yg-home/vendor/laravel/framework/src/Illuminate/Container/BoundMethod.php(35): Illuminate\\Container\\BoundMethod::callBoundMethod()
#37 /home4/ygmarket/ygxone.com/yg-home/vendor/laravel/framework/src/Illuminate/Container/Container.php(696): Illuminate\\Container\\BoundMethod::call()
#38 /home4/ygmarket/ygxone.com/yg-home/vendor/laravel/framework/src/Illuminate/Queue/CallQueuedClosure.php(69): Illuminate\\Container\\Container->call()
#39 /home4/ygmarket/ygxone.com/yg-home/vendor/laravel/framework/src/Illuminate/Container/BoundMethod.php(36): Illuminate\\Queue\\CallQueuedClosure->handle()
#40 /home4/ygmarket/ygxone.com/yg-home/vendor/laravel/framework/src/Illuminate/Container/Util.php(43): Illuminate\\Container\\BoundMethod::Illuminate\\Container\\{closure}()
#41 /home4/ygmarket/ygxone.com/yg-home/vendor/laravel/framework/src/Illuminate/Container/BoundMethod.php(95): Illuminate\\Container\\Util::unwrapIfClosure()
#42 /home4/ygmarket/ygxone.com/yg-home/vendor/laravel/framework/src/Illuminate/Container/BoundMethod.php(35): Illuminate\\Container\\BoundMethod::callBoundMethod()
#43 /home4/ygmarket/ygxone.com/yg-home/vendor/laravel/framework/src/Illuminate/Container/Container.php(696): Illuminate\\Container\\BoundMethod::call()
#44 /home4/ygmarket/ygxone.com/yg-home/vendor/laravel/framework/src/Illuminate/Bus/Dispatcher.php(126): Illuminate\\Container\\Container->call()
#45 /home4/ygmarket/ygxone.com/yg-home/vendor/laravel/framework/src/Illuminate/Pipeline/Pipeline.php(170): Illuminate\\Bus\\Dispatcher->Illuminate\\Bus\\{closure}()
#46 /home4/ygmarket/ygxone.com/yg-home/vendor/laravel/framework/src/Illuminate/Pipeline/Pipeline.php(127): Illuminate\\Pipeline\\Pipeline->Illuminate\\Pipeline\\{closure}()
#47 /home4/ygmarket/ygxone.com/yg-home/vendor/laravel/framework/src/Illuminate/Bus/Dispatcher.php(130): Illuminate\\Pipeline\\Pipeline->then()
#48 /home4/ygmarket/ygxone.com/yg-home/vendor/laravel/framework/src/Illuminate/Queue/CallQueuedHandler.php(126): Illuminate\\Bus\\Dispatcher->dispatchNow()
#49 /home4/ygmarket/ygxone.com/yg-home/vendor/laravel/framework/src/Illuminate/Pipeline/Pipeline.php(170): Illuminate\\Queue\\CallQueuedHandler->Illuminate\\Queue\\{closure}()
#50 /home4/ygmarket/ygxone.com/yg-home/vendor/laravel/framework/src/Illuminate/Pipeline/Pipeline.php(127): Illuminate\\Pipeline\\Pipeline->Illuminate\\Pipeline\\{closure}()
#51 /home4/ygmarket/ygxone.com/yg-home/vendor/laravel/framework/src/Illuminate/Queue/CallQueuedHandler.php(121): Illuminate\\Pipeline\\Pipeline->then()
#52 /home4/ygmarket/ygxone.com/yg-home/vendor/laravel/framework/src/Illuminate/Queue/CallQueuedHandler.php(69): Illuminate\\Queue\\CallQueuedHandler->dispatchThroughMiddleware()
#53 /home4/ygmarket/ygxone.com/yg-home/vendor/laravel/framework/src/Illuminate/Queue/Jobs/Job.php(102): Illuminate\\Queue\\CallQueuedHandler->call()
#54 /home4/ygmarket/ygxone.com/yg-home/vendor/laravel/framework/src/Illuminate/Queue/SyncQueue.php(76): Illuminate\\Queue\\Jobs\\Job->fire()
#55 /home4/ygmarket/ygxone.com/yg-home/vendor/laravel/framework/src/Illuminate/Queue/SyncQueue.php(56): Illuminate\\Queue\\SyncQueue->executeJob()
#56 /home4/ygmarket/ygxone.com/yg-home/vendor/laravel/framework/src/Illuminate/Bus/Dispatcher.php(244): Illuminate\\Queue\\SyncQueue->push()
#57 /home4/ygmarket/ygxone.com/yg-home/vendor/laravel/framework/src/Illuminate/Bus/Dispatcher.php(228): Illuminate\\Bus\\Dispatcher->pushCommandToQueue()
#58 /home4/ygmarket/ygxone.com/yg-home/vendor/laravel/framework/src/Illuminate/Bus/Dispatcher.php(77): Illuminate\\Bus\\Dispatcher->dispatchToQueue()
#59 /home4/ygmarket/ygxone.com/yg-home/vendor/laravel/framework/src/Illuminate/Foundation/Bus/PendingDispatch.php(222): Illuminate\\Bus\\Dispatcher->dispatch()
#60 /home4/ygmarket/ygxone.com/yg-home/app/Services/UnifiedSearchService.php(69): Illuminate\\Foundation\\Bus\\PendingDispatch->__destruct()
#61 /home4/ygmarket/ygxone.com/yg-home/app/Services/UnifiedSearchService.php(22): App\\Services\\UnifiedSearchService->executeSearch()
#62 /home4/ygmarket/ygxone.com/yg-home/vendor/laravel/framework/src/Illuminate/Cache/Repository.php(427): App\\Services\\UnifiedSearchService->App\\Services\\{closure}()
#63 /home4/ygmarket/ygxone.com/yg-home/vendor/laravel/framework/src/Illuminate/Cache/CacheManager.php(453): Illuminate\\Cache\\Repository->remember()
#64 /home4/ygmarket/ygxone.com/yg-home/vendor/laravel/framework/src/Illuminate/Support/Facades/Facade.php(361): Illuminate\\Cache\\CacheManager->__call()
#65 /home4/ygmarket/ygxone.com/yg-home/app/Services/UnifiedSearchService.php(21): Illuminate\\Support\\Facades\\Facade::__callStatic()
#66 /home4/ygmarket/ygxone.com/yg-home/app/Http/Controllers/SearchController.php(40): App\\Services\\UnifiedSearchService->search()
#67 /home4/ygmarket/ygxone.com/yg-home/vendor/laravel/framework/src/Illuminate/Routing/ControllerDispatcher.php(47): App\\Http\\Controllers\\SearchController->index()
#68 /home4/ygmarket/ygxone.com/yg-home/vendor/laravel/framework/src/Illuminate/Routing/Route.php(266): Illuminate\\Routing\\ControllerDispatcher->dispatch()
#69 /home4/ygmarket/ygxone.com/yg-home/vendor/laravel/framework/src/Illuminate/Routing/Route.php(212): Illuminate\\Routing\\Route->runController()
#70 /home4/ygmarket/ygxone.com/yg-home/vendor/laravel/framework/src/Illuminate/Routing/Router.php(808): Illuminate\\Routing\\Route->run()
#71 /home4/ygmarket/ygxone.com/yg-home/vendor/laravel/framework/src/Illuminate/Pipeline/Pipeline.php(170): Illuminate\\Routing\\Router->Illuminate\\Routing\\{closure}()
#72 /home4/ygmarket/ygxone.com/yg-home/vendor/laravel/framework/src/Illuminate/Routing/Middleware/SubstituteBindings.php(51): Illuminate\\Pipeline\\Pipeline->Illuminate\\Pipeline\\{closure}()
#73 /home4/ygmarket/ygxone.com/yg-home/vendor/laravel/framework/src/Illuminate/Pipeline/Pipeline.php(209): Illuminate\\Routing\\Middleware\\SubstituteBindings->handle()
#74 /home4/ygmarket/ygxone.com/yg-home/vendor/laravel/framework/src/Illuminate/Foundation/Http/Middleware/VerifyCsrfToken.php(88): Illuminate\\Pipeline\\Pipeline->Illuminate\\Pipeline\\{closure}()
#75 /home4/ygmarket/ygxone.com/yg-home/vendor/laravel/framework/src/Illuminate/Pipeline/Pipeline.php(209): Illuminate\\Foundation\\Http\\Middleware\\VerifyCsrfToken->handle()
#76 /home4/ygmarket/ygxone.com/yg-home/vendor/laravel/framework/src/Illuminate/View/Middleware/ShareErrorsFromSession.php(49): Illuminate\\Pipeline\\Pipeline->Illuminate\\Pipeline\\{closure}()
#77 /home4/ygmarket/ygxone.com/yg-home/vendor/laravel/framework/src/Illuminate/Pipeline/Pipeline.php(209): Illuminate\\View\\Middleware\\ShareErrorsFromSession->handle()
#78 /home4/ygmarket/ygxone.com/yg-home/vendor/laravel/framework/src/Illuminate/Session/Middleware/StartSession.php(121): Illuminate\\Pipeline\\Pipeline->Illuminate\\Pipeline\\{closure}()
#79 /home4/ygmarket/ygxone.com/yg-home/vendor/laravel/framework/src/Illuminate/Session/Middleware/StartSession.php(64): Illuminate\\Session\\Middleware\\StartSession->handleStatefulRequest()
#80 /home4/ygmarket/ygxone.com/yg-home/vendor/laravel/framework/src/Illuminate/Pipeline/Pipeline.php(209): Illuminate\\Session\\Middleware\\StartSession->handle()
#81 /home4/ygmarket/ygxone.com/yg-home/vendor/laravel/framework/src/Illuminate/Cookie/Middleware/AddQueuedCookiesToResponse.php(37): Illuminate\\Pipeline\\Pipeline->Illuminate\\Pipeline\\{closure}()
#82 /home4/ygmarket/ygxone.com/yg-home/vendor/laravel/framework/src/Illuminate/Pipeline/Pipeline.php(209): Illuminate\\Cookie\\Middleware\\AddQueuedCookiesToResponse->handle()
#83 /home4/ygmarket/ygxone.com/yg-home/vendor/laravel/framework/src/Illuminate/Cookie/Middleware/EncryptCookies.php(75): Illuminate\\Pipeline\\Pipeline->Illuminate\\Pipeline\\{closure}()
#84 /home4/ygmarket/ygxone.com/yg-home/vendor/laravel/framework/src/Illuminate/Pipeline/Pipeline.php(209): Illuminate\\Cookie\\Middleware\\EncryptCookies->handle()
#85 /home4/ygmarket/ygxone.com/yg-home/vendor/laravel/framework/src/Illuminate/Pipeline/Pipeline.php(127): Illuminate\\Pipeline\\Pipeline->Illuminate\\Pipeline\\{closure}()
#86 /home4/ygmarket/ygxone.com/yg-home/vendor/laravel/framework/src/Illuminate/Routing/Router.php(807): Illuminate\\Pipeline\\Pipeline->then()
#87 /home4/ygmarket/ygxone.com/yg-home/vendor/laravel/framework/src/Illuminate/Routing/Router.php(786): Illuminate\\Routing\\Router->runRouteWithinStack()
#88 /home4/ygmarket/ygxone.com/yg-home/vendor/laravel/framework/src/Illuminate/Routing/Router.php(750): Illuminate\\Routing\\Router->runRoute()
#89 /home4/ygmarket/ygxone.com/yg-home/vendor/laravel/framework/src/Illuminate/Routing/Router.php(739): Illuminate\\Routing\\Router->dispatchToRoute()
#90 /home4/ygmarket/ygxone.com/yg-home/vendor/laravel/framework/src/Illuminate/Foundation/Http/Kernel.php(201): Illuminate\\Routing\\Router->dispatch()
#91 /home4/ygmarket/ygxone.com/yg-home/vendor/laravel/framework/src/Illuminate/Pipeline/Pipeline.php(170): Illuminate\\Foundation\\Http\\Kernel->Illuminate\\Foundation\\Http\\{closure}()
#92 /home4/ygmarket/ygxone.com/yg-home/app/Http/Middleware/RequestLogger.php(21): Illuminate\\Pipeline\\Pipeline->Illuminate\\Pipeline\\{closure}()
#93 /home4/ygmarket/ygxone.com/yg-home/vendor/laravel/framework/src/Illuminate/Pipeline/Pipeline.php(209): App\\Http\\Middleware\\RequestLogger->handle()
#94 /home4/ygmarket/ygxone.com/yg-home/vendor/laravel/framework/src/Illuminate/Foundation/Http/Middleware/TransformsRequest.php(21): Illuminate\\Pipeline\\Pipeline->Illuminate\\Pipeline\\{closure}()
#95 /home4/ygmarket/ygxone.com/yg-home/vendor/laravel/framework/src/Illuminate/Foundation/Http/Middleware/ConvertEmptyStringsToNull.php(31): Illuminate\\Foundation\\Http\\Middleware\\TransformsRequest->handle()
#96 /home4/ygmarket/ygxone.com/yg-home/vendor/laravel/framework/src/Illuminate/Pipeline/Pipeline.php(209): Illuminate\\Foundation\\Http\\Middleware\\ConvertEmptyStringsToNull->handle()
#97 /home4/ygmarket/ygxone.com/yg-home/vendor/laravel/framework/src/Illuminate/Foundation/Http/Middleware/TransformsRequest.php(21): Illuminate\\Pipeline\\Pipeline->Illuminate\\Pipeline\\{closure}()
#98 /home4/ygmarket/ygxone.com/yg-home/vendor/laravel/framework/src/Illuminate/Foundation/Http/Middleware/TrimStrings.php(51): Illuminate\\Foundation\\Http\\Middleware\\TransformsRequest->handle()
#99 /home4/ygmarket/ygxone.com/yg-home/vendor/laravel/framework/src/Illuminate/Pipeline/Pipeline.php(209): Illuminate\\Foundation\\Http\\Middleware\\TrimStrings->handle()
#100 /home4/ygmarket/ygxone.com/yg-home/vendor/laravel/framework/src/Illuminate/Http/Middleware/ValidatePostSize.php(27): Illuminate\\Pipeline\\Pipeline->Illuminate\\Pipeline\\{closure}()
#101 /home4/ygmarket/ygxone.com/yg-home/vendor/laravel/framework/src/Illuminate/Pipeline/Pipeline.php(209): Illuminate\\Http\\Middleware\\ValidatePostSize->handle()
#102 /home4/ygmarket/ygxone.com/yg-home/vendor/laravel/framework/src/Illuminate/Foundation/Http/Middleware/PreventRequestsDuringMaintenance.php(110): Illuminate\\Pipeline\\Pipeline->Illuminate\\Pipeline\\{closure}()
#103 /home4/ygmarket/ygxone.com/yg-home/vendor/laravel/framework/src/Illuminate/Pipeline/Pipeline.php(209): Illuminate\\Foundation\\Http\\Middleware\\PreventRequestsDuringMaintenance->handle()
#104 /home4/ygmarket/ygxone.com/yg-home/vendor/laravel/framework/src/Illuminate/Http/Middleware/HandleCors.php(49): Illuminate\\Pipeline\\Pipeline->Illuminate\\Pipeline\\{closure}()
#105 /home4/ygmarket/ygxone.com/yg-home/vendor/laravel/framework/src/Illuminate/Pipeline/Pipeline.php(209): Illuminate\\Http\\Middleware\\HandleCors->handle()
#106 /home4/ygmarket/ygxone.com/yg-home/vendor/laravel/framework/src/Illuminate/Http/Middleware/TrustProxies.php(58): Illuminate\\Pipeline\\Pipeline->Illuminate\\Pipeline\\{closure}()
#107 /home4/ygmarket/ygxone.com/yg-home/vendor/laravel/framework/src/Illuminate/Pipeline/Pipeline.php(209): Illuminate\\Http\\Middleware\\TrustProxies->handle()
#108 /home4/ygmarket/ygxone.com/yg-home/vendor/laravel/framework/src/Illuminate/Foundation/Http/Middleware/InvokeDeferredCallbacks.php(22): Illuminate\\Pipeline\\Pipeline->Illuminate\\Pipeline\\{closure}()
#109 /home4/ygmarket/ygxone.com/yg-home/vendor/laravel/framework/src/Illuminate/Pipeline/Pipeline.php(209): Illuminate\\Foundation\\Http\\Middleware\\InvokeDeferredCallbacks->handle()
#110 /home4/ygmarket/ygxone.com/yg-home/vendor/laravel/framework/src/Illuminate/Pipeline/Pipeline.php(127): Illuminate\\Pipeline\\Pipeline->Illuminate\\Pipeline\\{closure}()
#111 /home4/ygmarket/ygxone.com/yg-home/vendor/laravel/framework/src/Illuminate/Foundation/Http/Kernel.php(176): Illuminate\\Pipeline\\Pipeline->then()
#112 /home4/ygmarket/ygxone.com/yg-home/vendor/laravel/framework/src/Illuminate/Foundation/Http/Kernel.php(145): Illuminate\\Foundation\\Http\\Kernel->sendRequestThroughRouter()
#113 /home4/ygmarket/ygxone.com/yg-home/vendor/laravel/framework/src/Illuminate/Foundation/Application.php(1220): Illuminate\\Foundation\\Http\\Kernel->handle()
#114 /home4/ygmarket/ygxone.com/yg-home/public/index.php(17): Illuminate\\Foundation\\Application->handleRequest()
#115 {main}"} 
[2026-05-10 03:14:13] local.INFO: Incoming Request {"url":"https://www.ygxone.com","method":"GET","ip":"145.40.133.115","user_agent":"Mozilla/5.0 (Windows NT 10.0; Win64; x64) AppleWebKit/537.36 (KHTML, like Gecko) Chrome/147.0.0.0 Safari/537.36 Edg/147.0.0.0"} 
[2026-05-10 03:16:14] local.INFO: Incoming Request {"url":"https://www.ygxone.com/search?q=jeff%20bezos","method":"GET","ip":"145.40.133.115","user_agent":"Mozilla/5.0 (Windows NT 10.0; Win64; x64) AppleWebKit/537.36 (KHTML, like Gecko) Chrome/147.0.0.0 Safari/537.36 Edg/147.0.0.0"} 
[2026-05-10 03:16:14] local.ERROR: AI suggestions failed {"error":"cURL error 6: Could not resolve host: ai.ygxone.com (see https://curl.haxx.se/libcurl/c/libcurl-errors.html) for https://ai.ygxone.com/api/"} 
[2026-05-10 03:16:15] local.ERROR: Ecosystem search failed {"error":"Method Laravel\\Scout\\Builder::limit does not exist."} 
[2026-05-10 03:16:15] local.ERROR: Failed to log search training data {"error":"SQLSTATE[HY000]: General error: 1 no such table: main.users (Connection: sqlite, SQL: insert into \"search_training_data\" (\"query\", \"result_count\", \"had_clicks\", \"session_id\", \"user_id\", \"created_at\") values (jeff bezos, 17, 0, 9JroNgk7J3Qhc57F7YjdGRP15uhsp1MhA1h5dHJ1, ?, 2026-05-10 03:16:15))"} 
[2026-05-10 03:16:15] local.ERROR: Search failed {"query":"jeff bezos","error":"Array to string conversion","trace":"#0 /home4/ygmarket/ygxone.com/yg-home/vendor/laravel/framework/src/Illuminate/Foundation/Bootstrap/HandleExceptions.php(258): Illuminate\\Foundation\\Bootstrap\\HandleExceptions->handleError()
#1 /home4/ygmarket/ygxone.com/yg-home/app/Services/UnifiedSearchService.php(413): Illuminate\\Foundation\\Bootstrap\\HandleExceptions->Illuminate\\Foundation\\Bootstrap\\{closure}()
#2 /home4/ygmarket/ygxone.com/yg-home/app/Services/UnifiedSearchService.php(384): App\\Services\\UnifiedSearchService->prepareTrainingText()
#3 laravel-serializable-closure://function () use ($query, $results) {
            $this->sendToYugaLLMTraining($query, $results);
        }(3): App\\Services\\UnifiedSearchService->sendToYugaLLMTraining()
#4 /home4/ygmarket/ygxone.com/yg-home/vendor/laravel/framework/src/Illuminate/Container/BoundMethod.php(36): App\\Services\\UnifiedSearchService->{closure}()
#5 /home4/ygmarket/ygxone.com/yg-home/vendor/laravel/framework/src/Illuminate/Container/Util.php(43): Illuminate\\Container\\BoundMethod::Illuminate\\Container\\{closure}()
#6 /home4/ygmarket/ygxone.com/yg-home/vendor/laravel/framework/src/Illuminate/Container/BoundMethod.php(83): Illuminate\\Container\\Util::unwrapIfClosure()
#7 /home4/ygmarket/ygxone.com/yg-home/vendor/laravel/framework/src/Illuminate/Container/BoundMethod.php(35): Illuminate\\Container\\BoundMethod::callBoundMethod()
#8 /home4/ygmarket/ygxone.com/yg-home/vendor/laravel/framework/src/Illuminate/Container/Container.php(696): Illuminate\\Container\\BoundMethod::call()
#9 /home4/ygmarket/ygxone.com/yg-home/vendor/laravel/framework/src/Illuminate/Queue/CallQueuedClosure.php(69): Illuminate\\Container\\Container->call()
#10 /home4/ygmarket/ygxone.com/yg-home/vendor/laravel/framework/src/Illuminate/Container/BoundMethod.php(36): Illuminate\\Queue\\CallQueuedClosure->handle()
#11 /home4/ygmarket/ygxone.com/yg-home/vendor/laravel/framework/src/Illuminate/Container/Util.php(43): Illuminate\\Container\\BoundMethod::Illuminate\\Container\\{closure}()
#12 /home4/ygmarket/ygxone.com/yg-home/vendor/laravel/framework/src/Illuminate/Container/BoundMethod.php(95): Illuminate\\Container\\Util::unwrapIfClosure()
#13 /home4/ygmarket/ygxone.com/yg-home/vendor/laravel/framework/src/Illuminate/Container/BoundMethod.php(35): Illuminate\\Container\\BoundMethod::callBoundMethod()
#14 /home4/ygmarket/ygxone.com/yg-home/vendor/laravel/framework/src/Illuminate/Container/Container.php(696): Illuminate\\Container\\BoundMethod::call()
#15 /home4/ygmarket/ygxone.com/yg-home/vendor/laravel/framework/src/Illuminate/Bus/Dispatcher.php(126): Illuminate\\Container\\Container->call()
#16 /home4/ygmarket/ygxone.com/yg-home/vendor/laravel/framework/src/Illuminate/Pipeline/Pipeline.php(170): Illuminate\\Bus\\Dispatcher->Illuminate\\Bus\\{closure}()
#17 /home4/ygmarket/ygxone.com/yg-home/vendor/laravel/framework/src/Illuminate/Pipeline/Pipeline.php(127): Illuminate\\Pipeline\\Pipeline->Illuminate\\Pipeline\\{closure}()
#18 /home4/ygmarket/ygxone.com/yg-home/vendor/laravel/framework/src/Illuminate/Bus/Dispatcher.php(130): Illuminate\\Pipeline\\Pipeline->then()
#19 /home4/ygmarket/ygxone.com/yg-home/vendor/laravel/framework/src/Illuminate/Queue/CallQueuedHandler.php(126): Illuminate\\Bus\\Dispatcher->dispatchNow()
#20 /home4/ygmarket/ygxone.com/yg-home/vendor/laravel/framework/src/Illuminate/Pipeline/Pipeline.php(170): Illuminate\\Queue\\CallQueuedHandler->Illuminate\\Queue\\{closure}()
#21 /home4/ygmarket/ygxone.com/yg-home/vendor/laravel/framework/src/Illuminate/Pipeline/Pipeline.php(127): Illuminate\\Pipeline\\Pipeline->Illuminate\\Pipeline\\{closure}()
#22 /home4/ygmarket/ygxone.com/yg-home/vendor/laravel/framework/src/Illuminate/Queue/CallQueuedHandler.php(121): Illuminate\\Pipeline\\Pipeline->then()
#23 /home4/ygmarket/ygxone.com/yg-home/vendor/laravel/framework/src/Illuminate/Queue/CallQueuedHandler.php(69): Illuminate\\Queue\\CallQueuedHandler->dispatchThroughMiddleware()
#24 /home4/ygmarket/ygxone.com/yg-home/vendor/laravel/framework/src/Illuminate/Queue/Jobs/Job.php(102): Illuminate\\Queue\\CallQueuedHandler->call()
#25 /home4/ygmarket/ygxone.com/yg-home/vendor/laravel/framework/src/Illuminate/Queue/SyncQueue.php(76): Illuminate\\Queue\\Jobs\\Job->fire()
#26 /home4/ygmarket/ygxone.com/yg-home/vendor/laravel/framework/src/Illuminate/Queue/SyncQueue.php(56): Illuminate\\Queue\\SyncQueue->executeJob()
#27 /home4/ygmarket/ygxone.com/yg-home/vendor/laravel/framework/src/Illuminate/Bus/Dispatcher.php(244): Illuminate\\Queue\\SyncQueue->push()
#28 /home4/ygmarket/ygxone.com/yg-home/vendor/laravel/framework/src/Illuminate/Bus/Dispatcher.php(228): Illuminate\\Bus\\Dispatcher->pushCommandToQueue()
#29 /home4/ygmarket/ygxone.com/yg-home/vendor/laravel/framework/src/Illuminate/Bus/Dispatcher.php(77): Illuminate\\Bus\\Dispatcher->dispatchToQueue()
#30 /home4/ygmarket/ygxone.com/yg-home/vendor/laravel/framework/src/Illuminate/Foundation/Bus/PendingDispatch.php(222): Illuminate\\Bus\\Dispatcher->dispatch()
#31 /home4/ygmarket/ygxone.com/yg-home/app/Services/UnifiedSearchService.php(368): Illuminate\\Foundation\\Bus\\PendingDispatch->__destruct()
#32 laravel-serializable-closure://function () use ($query, $results) {
            $this->trainAIWithSearchQuery($query, $results);
        }(3): App\\Services\\UnifiedSearchService->trainAIWithSearchQuery()
#33 /home4/ygmarket/ygxone.com/yg-home/vendor/laravel/framework/src/Illuminate/Container/BoundMethod.php(36): App\\Services\\UnifiedSearchService->{closure}()
#34 /home4/ygmarket/ygxone.com/yg-home/vendor/laravel/framework/src/Illuminate/Container/Util.php(43): Illuminate\\Container\\BoundMethod::Illuminate\\Container\\{closure}()
#35 /home4/ygmarket/ygxone.com/yg-home/vendor/laravel/framework/src/Illuminate/Container/BoundMethod.php(83): Illuminate\\Container\\Util::unwrapIfClosure()
#36 /home4/ygmarket/ygxone.com/yg-home/vendor/laravel/framework/src/Illuminate/Container/BoundMethod.php(35): Illuminate\\Container\\BoundMethod::callBoundMethod()
#37 /home4/ygmarket/ygxone.com/yg-home/vendor/laravel/framework/src/Illuminate/Container/Container.php(696): Illuminate\\Container\\BoundMethod::call()
#38 /home4/ygmarket/ygxone.com/yg-home/vendor/laravel/framework/src/Illuminate/Queue/CallQueuedClosure.php(69): Illuminate\\Container\\Container->call()
#39 /home4/ygmarket/ygxone.com/yg-home/vendor/laravel/framework/src/Illuminate/Container/BoundMethod.php(36): Illuminate\\Queue\\CallQueuedClosure->handle()
#40 /home4/ygmarket/ygxone.com/yg-home/vendor/laravel/framework/src/Illuminate/Container/Util.php(43): Illuminate\\Container\\BoundMethod::Illuminate\\Container\\{closure}()
#41 /home4/ygmarket/ygxone.com/yg-home/vendor/laravel/framework/src/Illuminate/Container/BoundMethod.php(95): Illuminate\\Container\\Util::unwrapIfClosure()
#42 /home4/ygmarket/ygxone.com/yg-home/vendor/laravel/framework/src/Illuminate/Container/BoundMethod.php(35): Illuminate\\Container\\BoundMethod::callBoundMethod()
#43 /home4/ygmarket/ygxone.com/yg-home/vendor/laravel/framework/src/Illuminate/Container/Container.php(696): Illuminate\\Container\\BoundMethod::call()
#44 /home4/ygmarket/ygxone.com/yg-home/vendor/laravel/framework/src/Illuminate/Bus/Dispatcher.php(126): Illuminate\\Container\\Container->call()
#45 /home4/ygmarket/ygxone.com/yg-home/vendor/laravel/framework/src/Illuminate/Pipeline/Pipeline.php(170): Illuminate\\Bus\\Dispatcher->Illuminate\\Bus\\{closure}()
#46 /home4/ygmarket/ygxone.com/yg-home/vendor/laravel/framework/src/Illuminate/Pipeline/Pipeline.php(127): Illuminate\\Pipeline\\Pipeline->Illuminate\\Pipeline\\{closure}()
#47 /home4/ygmarket/ygxone.com/yg-home/vendor/laravel/framework/src/Illuminate/Bus/Dispatcher.php(130): Illuminate\\Pipeline\\Pipeline->then()
#48 /home4/ygmarket/ygxone.com/yg-home/vendor/laravel/framework/src/Illuminate/Queue/CallQueuedHandler.php(126): Illuminate\\Bus\\Dispatcher->dispatchNow()
#49 /home4/ygmarket/ygxone.com/yg-home/vendor/laravel/framework/src/Illuminate/Pipeline/Pipeline.php(170): Illuminate\\Queue\\CallQueuedHandler->Illuminate\\Queue\\{closure}()
#50 /home4/ygmarket/ygxone.com/yg-home/vendor/laravel/framework/src/Illuminate/Pipeline/Pipeline.php(127): Illuminate\\Pipeline\\Pipeline->Illuminate\\Pipeline\\{closure}()
#51 /home4/ygmarket/ygxone.com/yg-home/vendor/laravel/framework/src/Illuminate/Queue/CallQueuedHandler.php(121): Illuminate\\Pipeline\\Pipeline->then()
#52 /home4/ygmarket/ygxone.com/yg-home/vendor/laravel/framework/src/Illuminate/Queue/CallQueuedHandler.php(69): Illuminate\\Queue\\CallQueuedHandler->dispatchThroughMiddleware()
#53 /home4/ygmarket/ygxone.com/yg-home/vendor/laravel/framework/src/Illuminate/Queue/Jobs/Job.php(102): Illuminate\\Queue\\CallQueuedHandler->call()
#54 /home4/ygmarket/ygxone.com/yg-home/vendor/laravel/framework/src/Illuminate/Queue/SyncQueue.php(76): Illuminate\\Queue\\Jobs\\Job->fire()
#55 /home4/ygmarket/ygxone.com/yg-home/vendor/laravel/framework/src/Illuminate/Queue/SyncQueue.php(56): Illuminate\\Queue\\SyncQueue->executeJob()
#56 /home4/ygmarket/ygxone.com/yg-home/vendor/laravel/framework/src/Illuminate/Bus/Dispatcher.php(244): Illuminate\\Queue\\SyncQueue->push()
#57 /home4/ygmarket/ygxone.com/yg-home/vendor/laravel/framework/src/Illuminate/Bus/Dispatcher.php(228): Illuminate\\Bus\\Dispatcher->pushCommandToQueue()
#58 /home4/ygmarket/ygxone.com/yg-home/vendor/laravel/framework/src/Illuminate/Bus/Dispatcher.php(77): Illuminate\\Bus\\Dispatcher->dispatchToQueue()
#59 /home4/ygmarket/ygxone.com/yg-home/vendor/laravel/framework/src/Illuminate/Foundation/Bus/PendingDispatch.php(222): Illuminate\\Bus\\Dispatcher->dispatch()
#60 /home4/ygmarket/ygxone.com/yg-home/app/Services/UnifiedSearchService.php(69): Illuminate\\Foundation\\Bus\\PendingDispatch->__destruct()
#61 /home4/ygmarket/ygxone.com/yg-home/app/Services/UnifiedSearchService.php(22): App\\Services\\UnifiedSearchService->executeSearch()
#62 /home4/ygmarket/ygxone.com/yg-home/vendor/laravel/framework/src/Illuminate/Cache/Repository.php(427): App\\Services\\UnifiedSearchService->App\\Services\\{closure}()
#63 /home4/ygmarket/ygxone.com/yg-home/vendor/laravel/framework/src/Illuminate/Cache/CacheManager.php(453): Illuminate\\Cache\\Repository->remember()
#64 /home4/ygmarket/ygxone.com/yg-home/vendor/laravel/framework/src/Illuminate/Support/Facades/Facade.php(361): Illuminate\\Cache\\CacheManager->__call()
#65 /home4/ygmarket/ygxone.com/yg-home/app/Services/UnifiedSearchService.php(21): Illuminate\\Support\\Facades\\Facade::__callStatic()
#66 /home4/ygmarket/ygxone.com/yg-home/app/Http/Controllers/SearchController.php(40): App\\Services\\UnifiedSearchService->search()
#67 /home4/ygmarket/ygxone.com/yg-home/vendor/laravel/framework/src/Illuminate/Routing/ControllerDispatcher.php(47): App\\Http\\Controllers\\SearchController->index()
#68 /home4/ygmarket/ygxone.com/yg-home/vendor/laravel/framework/src/Illuminate/Routing/Route.php(266): Illuminate\\Routing\\ControllerDispatcher->dispatch()
#69 /home4/ygmarket/ygxone.com/yg-home/vendor/laravel/framework/src/Illuminate/Routing/Route.php(212): Illuminate\\Routing\\Route->runController()
#70 /home4/ygmarket/ygxone.com/yg-home/vendor/laravel/framework/src/Illuminate/Routing/Router.php(808): Illuminate\\Routing\\Route->run()
#71 /home4/ygmarket/ygxone.com/yg-home/vendor/laravel/framework/src/Illuminate/Pipeline/Pipeline.php(170): Illuminate\\Routing\\Router->Illuminate\\Routing\\{closure}()
#72 /home4/ygmarket/ygxone.com/yg-home/vendor/laravel/framework/src/Illuminate/Routing/Middleware/SubstituteBindings.php(51): Illuminate\\Pipeline\\Pipeline->Illuminate\\Pipeline\\{closure}()
#73 /home4/ygmarket/ygxone.com/yg-home/vendor/laravel/framework/src/Illuminate/Pipeline/Pipeline.php(209): Illuminate\\Routing\\Middleware\\SubstituteBindings->handle()
#74 /home4/ygmarket/ygxone.com/yg-home/vendor/laravel/framework/src/Illuminate/Foundation/Http/Middleware/VerifyCsrfToken.php(88): Illuminate\\Pipeline\\Pipeline->Illuminate\\Pipeline\\{closure}()
#75 /home4/ygmarket/ygxone.com/yg-home/vendor/laravel/framework/src/Illuminate/Pipeline/Pipeline.php(209): Illuminate\\Foundation\\Http\\Middleware\\VerifyCsrfToken->handle()
#76 /home4/ygmarket/ygxone.com/yg-home/vendor/laravel/framework/src/Illuminate/View/Middleware/ShareErrorsFromSession.php(49): Illuminate\\Pipeline\\Pipeline->Illuminate\\Pipeline\\{closure}()
#77 /home4/ygmarket/ygxone.com/yg-home/vendor/laravel/framework/src/Illuminate/Pipeline/Pipeline.php(209): Illuminate\\View\\Middleware\\ShareErrorsFromSession->handle()
#78 /home4/ygmarket/ygxone.com/yg-home/vendor/laravel/framework/src/Illuminate/Session/Middleware/StartSession.php(121): Illuminate\\Pipeline\\Pipeline->Illuminate\\Pipeline\\{closure}()
#79 /home4/ygmarket/ygxone.com/yg-home/vendor/laravel/framework/src/Illuminate/Session/Middleware/StartSession.php(64): Illuminate\\Session\\Middleware\\StartSession->handleStatefulRequest()
#80 /home4/ygmarket/ygxone.com/yg-home/vendor/laravel/framework/src/Illuminate/Pipeline/Pipeline.php(209): Illuminate\\Session\\Middleware\\StartSession->handle()
#81 /home4/ygmarket/ygxone.com/yg-home/vendor/laravel/framework/src/Illuminate/Cookie/Middleware/AddQueuedCookiesToResponse.php(37): Illuminate\\Pipeline\\Pipeline->Illuminate\\Pipeline\\{closure}()
#82 /home4/ygmarket/ygxone.com/yg-home/vendor/laravel/framework/src/Illuminate/Pipeline/Pipeline.php(209): Illuminate\\Cookie\\Middleware\\AddQueuedCookiesToResponse->handle()
#83 /home4/ygmarket/ygxone.com/yg-home/vendor/laravel/framework/src/Illuminate/Cookie/Middleware/EncryptCookies.php(75): Illuminate\\Pipeline\\Pipeline->Illuminate\\Pipeline\\{closure}()
#84 /home4/ygmarket/ygxone.com/yg-home/vendor/laravel/framework/src/Illuminate/Pipeline/Pipeline.php(209): Illuminate\\Cookie\\Middleware\\EncryptCookies->handle()
#85 /home4/ygmarket/ygxone.com/yg-home/vendor/laravel/framework/src/Illuminate/Pipeline/Pipeline.php(127): Illuminate\\Pipeline\\Pipeline->Illuminate\\Pipeline\\{closure}()
#86 /home4/ygmarket/ygxone.com/yg-home/vendor/laravel/framework/src/Illuminate/Routing/Router.php(807): Illuminate\\Pipeline\\Pipeline->then()
#87 /home4/ygmarket/ygxone.com/yg-home/vendor/laravel/framework/src/Illuminate/Routing/Router.php(786): Illuminate\\Routing\\Router->runRouteWithinStack()
#88 /home4/ygmarket/ygxone.com/yg-home/vendor/laravel/framework/src/Illuminate/Routing/Router.php(750): Illuminate\\Routing\\Router->runRoute()
#89 /home4/ygmarket/ygxone.com/yg-home/vendor/laravel/framework/src/Illuminate/Routing/Router.php(739): Illuminate\\Routing\\Router->dispatchToRoute()
#90 /home4/ygmarket/ygxone.com/yg-home/vendor/laravel/framework/src/Illuminate/Foundation/Http/Kernel.php(201): Illuminate\\Routing\\Router->dispatch()
#91 /home4/ygmarket/ygxone.com/yg-home/vendor/laravel/framework/src/Illuminate/Pipeline/Pipeline.php(170): Illuminate\\Foundation\\Http\\Kernel->Illuminate\\Foundation\\Http\\{closure}()
#92 /home4/ygmarket/ygxone.com/yg-home/app/Http/Middleware/RequestLogger.php(21): Illuminate\\Pipeline\\Pipeline->Illuminate\\Pipeline\\{closure}()
#93 /home4/ygmarket/ygxone.com/yg-home/vendor/laravel/framework/src/Illuminate/Pipeline/Pipeline.php(209): App\\Http\\Middleware\\RequestLogger->handle()
#94 /home4/ygmarket/ygxone.com/yg-home/vendor/laravel/framework/src/Illuminate/Foundation/Http/Middleware/TransformsRequest.php(21): Illuminate\\Pipeline\\Pipeline->Illuminate\\Pipeline\\{closure}()
#95 /home4/ygmarket/ygxone.com/yg-home/vendor/laravel/framework/src/Illuminate/Foundation/Http/Middleware/ConvertEmptyStringsToNull.php(31): Illuminate\\Foundation\\Http\\Middleware\\TransformsRequest->handle()
#96 /home4/ygmarket/ygxone.com/yg-home/vendor/laravel/framework/src/Illuminate/Pipeline/Pipeline.php(209): Illuminate\\Foundation\\Http\\Middleware\\ConvertEmptyStringsToNull->handle()
#97 /home4/ygmarket/ygxone.com/yg-home/vendor/laravel/framework/src/Illuminate/Foundation/Http/Middleware/TransformsRequest.php(21): Illuminate\\Pipeline\\Pipeline->Illuminate\\Pipeline\\{closure}()
#98 /home4/ygmarket/ygxone.com/yg-home/vendor/laravel/framework/src/Illuminate/Foundation/Http/Middleware/TrimStrings.php(51): Illuminate\\Foundation\\Http\\Middleware\\TransformsRequest->handle()
#99 /home4/ygmarket/ygxone.com/yg-home/vendor/laravel/framework/src/Illuminate/Pipeline/Pipeline.php(209): Illuminate\\Foundation\\Http\\Middleware\\TrimStrings->handle()
#100 /home4/ygmarket/ygxone.com/yg-home/vendor/laravel/framework/src/Illuminate/Http/Middleware/ValidatePostSize.php(27): Illuminate\\Pipeline\\Pipeline->Illuminate\\Pipeline\\{closure}()
#101 /home4/ygmarket/ygxone.com/yg-home/vendor/laravel/framework/src/Illuminate/Pipeline/Pipeline.php(209): Illuminate\\Http\\Middleware\\ValidatePostSize->handle()
#102 /home4/ygmarket/ygxone.com/yg-home/vendor/laravel/framework/src/Illuminate/Foundation/Http/Middleware/PreventRequestsDuringMaintenance.php(110): Illuminate\\Pipeline\\Pipeline->Illuminate\\Pipeline\\{closure}()
#103 /home4/ygmarket/ygxone.com/yg-home/vendor/laravel/framework/src/Illuminate/Pipeline/Pipeline.php(209): Illuminate\\Foundation\\Http\\Middleware\\PreventRequestsDuringMaintenance->handle()
#104 /home4/ygmarket/ygxone.com/yg-home/vendor/laravel/framework/src/Illuminate/Http/Middleware/HandleCors.php(49): Illuminate\\Pipeline\\Pipeline->Illuminate\\Pipeline\\{closure}()
#105 /home4/ygmarket/ygxone.com/yg-home/vendor/laravel/framework/src/Illuminate/Pipeline/Pipeline.php(209): Illuminate\\Http\\Middleware\\HandleCors->handle()
#106 /home4/ygmarket/ygxone.com/yg-home/vendor/laravel/framework/src/Illuminate/Http/Middleware/TrustProxies.php(58): Illuminate\\Pipeline\\Pipeline->Illuminate\\Pipeline\\{closure}()
#107 /home4/ygmarket/ygxone.com/yg-home/vendor/laravel/framework/src/Illuminate/Pipeline/Pipeline.php(209): Illuminate\\Http\\Middleware\\TrustProxies->handle()
#108 /home4/ygmarket/ygxone.com/yg-home/vendor/laravel/framework/src/Illuminate/Foundation/Http/Middleware/InvokeDeferredCallbacks.php(22): Illuminate\\Pipeline\\Pipeline->Illuminate\\Pipeline\\{closure}()
#109 /home4/ygmarket/ygxone.com/yg-home/vendor/laravel/framework/src/Illuminate/Pipeline/Pipeline.php(209): Illuminate\\Foundation\\Http\\Middleware\\InvokeDeferredCallbacks->handle()
#110 /home4/ygmarket/ygxone.com/yg-home/vendor/laravel/framework/src/Illuminate/Pipeline/Pipeline.php(127): Illuminate\\Pipeline\\Pipeline->Illuminate\\Pipeline\\{closure}()
#111 /home4/ygmarket/ygxone.com/yg-home/vendor/laravel/framework/src/Illuminate/Foundation/Http/Kernel.php(176): Illuminate\\Pipeline\\Pipeline->then()
#112 /home4/ygmarket/ygxone.com/yg-home/vendor/laravel/framework/src/Illuminate/Foundation/Http/Kernel.php(145): Illuminate\\Foundation\\Http\\Kernel->sendRequestThroughRouter()
#113 /home4/ygmarket/ygxone.com/yg-home/vendor/laravel/framework/src/Illuminate/Foundation/Application.php(1220): Illuminate\\Foundation\\Http\\Kernel->handle()
#114 /home4/ygmarket/ygxone.com/yg-home/public/index.php(17): Illuminate\\Foundation\\Application->handleRequest()
#115 {main}"} 
[2026-05-10 03:17:39] local.INFO: Incoming Request {"url":"https://www.ygxone.com/search?q=elon%20musk%20debug%20123","method":"GET","ip":"45.115.219.189","user_agent":"curl/7.76.1"} 
[2026-05-10 03:17:39] local.ERROR: AI suggestions failed {"error":"cURL error 6: Could not resolve host: ai.ygxone.com (see https://curl.haxx.se/libcurl/c/libcurl-errors.html) for https://ai.ygxone.com/api/"} 
[2026-05-10 03:17:39] local.INFO: DDG Scraper started {"query":"elon musk debug 123"} 
[2026-05-10 03:17:40] local.INFO: DDG Scraper response received {"html_length":23066} 
[2026-05-10 03:17:40] local.INFO: DDG Scraper matches found {"count":10} 
[2026-05-10 03:17:41] local.ERROR: Ecosystem search failed {"error":"Method Laravel\\Scout\\Builder::limit does not exist."} 
[2026-05-10 03:17:41] local.ERROR: Failed to log search training data {"error":"SQLSTATE[HY000]: General error: 1 no such table: main.users (Connection: sqlite, SQL: insert into \"search_training_data\" (\"query\", \"result_count\", \"had_clicks\", \"session_id\", \"user_id\", \"created_at\") values (elon musk debug 123, 17, 0, 3DjsZ7LslRVlDsRQbHRocXsTXhXyZq9oTXEGJiPn, ?, 2026-05-10 03:17:41))"} 
[2026-05-10 03:17:41] local.ERROR: Search failed {"query":"elon musk debug 123","error":"Array to string conversion","trace":"#0 /home4/ygmarket/ygxone.com/yg-home/vendor/laravel/framework/src/Illuminate/Foundation/Bootstrap/HandleExceptions.php(258): Illuminate\\Foundation\\Bootstrap\\HandleExceptions->handleError()
#1 /home4/ygmarket/ygxone.com/yg-home/app/Services/UnifiedSearchService.php(416): Illuminate\\Foundation\\Bootstrap\\HandleExceptions->Illuminate\\Foundation\\Bootstrap\\{closure}()
#2 /home4/ygmarket/ygxone.com/yg-home/app/Services/UnifiedSearchService.php(387): App\\Services\\UnifiedSearchService->prepareTrainingText()
#3 laravel-serializable-closure://function () use ($query, $results) {
            $this->sendToYugaLLMTraining($query, $results);
        }(3): App\\Services\\UnifiedSearchService->sendToYugaLLMTraining()
#4 /home4/ygmarket/ygxone.com/yg-home/vendor/laravel/framework/src/Illuminate/Container/BoundMethod.php(36): App\\Services\\UnifiedSearchService->{closure}()
#5 /home4/ygmarket/ygxone.com/yg-home/vendor/laravel/framework/src/Illuminate/Container/Util.php(43): Illuminate\\Container\\BoundMethod::Illuminate\\Container\\{closure}()
#6 /home4/ygmarket/ygxone.com/yg-home/vendor/laravel/framework/src/Illuminate/Container/BoundMethod.php(83): Illuminate\\Container\\Util::unwrapIfClosure()
#7 /home4/ygmarket/ygxone.com/yg-home/vendor/laravel/framework/src/Illuminate/Container/BoundMethod.php(35): Illuminate\\Container\\BoundMethod::callBoundMethod()
#8 /home4/ygmarket/ygxone.com/yg-home/vendor/laravel/framework/src/Illuminate/Container/Container.php(696): Illuminate\\Container\\BoundMethod::call()
#9 /home4/ygmarket/ygxone.com/yg-home/vendor/laravel/framework/src/Illuminate/Queue/CallQueuedClosure.php(69): Illuminate\\Container\\Container->call()
#10 /home4/ygmarket/ygxone.com/yg-home/vendor/laravel/framework/src/Illuminate/Container/BoundMethod.php(36): Illuminate\\Queue\\CallQueuedClosure->handle()
#11 /home4/ygmarket/ygxone.com/yg-home/vendor/laravel/framework/src/Illuminate/Container/Util.php(43): Illuminate\\Container\\BoundMethod::Illuminate\\Container\\{closure}()
#12 /home4/ygmarket/ygxone.com/yg-home/vendor/laravel/framework/src/Illuminate/Container/BoundMethod.php(95): Illuminate\\Container\\Util::unwrapIfClosure()
#13 /home4/ygmarket/ygxone.com/yg-home/vendor/laravel/framework/src/Illuminate/Container/BoundMethod.php(35): Illuminate\\Container\\BoundMethod::callBoundMethod()
#14 /home4/ygmarket/ygxone.com/yg-home/vendor/laravel/framework/src/Illuminate/Container/Container.php(696): Illuminate\\Container\\BoundMethod::call()
#15 /home4/ygmarket/ygxone.com/yg-home/vendor/laravel/framework/src/Illuminate/Bus/Dispatcher.php(126): Illuminate\\Container\\Container->call()
#16 /home4/ygmarket/ygxone.com/yg-home/vendor/laravel/framework/src/Illuminate/Pipeline/Pipeline.php(170): Illuminate\\Bus\\Dispatcher->Illuminate\\Bus\\{closure}()
#17 /home4/ygmarket/ygxone.com/yg-home/vendor/laravel/framework/src/Illuminate/Pipeline/Pipeline.php(127): Illuminate\\Pipeline\\Pipeline->Illuminate\\Pipeline\\{closure}()
#18 /home4/ygmarket/ygxone.com/yg-home/vendor/laravel/framework/src/Illuminate/Bus/Dispatcher.php(130): Illuminate\\Pipeline\\Pipeline->then()
#19 /home4/ygmarket/ygxone.com/yg-home/vendor/laravel/framework/src/Illuminate/Queue/CallQueuedHandler.php(126): Illuminate\\Bus\\Dispatcher->dispatchNow()
#20 /home4/ygmarket/ygxone.com/yg-home/vendor/laravel/framework/src/Illuminate/Pipeline/Pipeline.php(170): Illuminate\\Queue\\CallQueuedHandler->Illuminate\\Queue\\{closure}()
#21 /home4/ygmarket/ygxone.com/yg-home/vendor/laravel/framework/src/Illuminate/Pipeline/Pipeline.php(127): Illuminate\\Pipeline\\Pipeline->Illuminate\\Pipeline\\{closure}()
#22 /home4/ygmarket/ygxone.com/yg-home/vendor/laravel/framework/src/Illuminate/Queue/CallQueuedHandler.php(121): Illuminate\\Pipeline\\Pipeline->then()
#23 /home4/ygmarket/ygxone.com/yg-home/vendor/laravel/framework/src/Illuminate/Queue/CallQueuedHandler.php(69): Illuminate\\Queue\\CallQueuedHandler->dispatchThroughMiddleware()
#24 /home4/ygmarket/ygxone.com/yg-home/vendor/laravel/framework/src/Illuminate/Queue/Jobs/Job.php(102): Illuminate\\Queue\\CallQueuedHandler->call()
#25 /home4/ygmarket/ygxone.com/yg-home/vendor/laravel/framework/src/Illuminate/Queue/SyncQueue.php(76): Illuminate\\Queue\\Jobs\\Job->fire()
#26 /home4/ygmarket/ygxone.com/yg-home/vendor/laravel/framework/src/Illuminate/Queue/SyncQueue.php(56): Illuminate\\Queue\\SyncQueue->executeJob()
#27 /home4/ygmarket/ygxone.com/yg-home/vendor/laravel/framework/src/Illuminate/Bus/Dispatcher.php(244): Illuminate\\Queue\\SyncQueue->push()
#28 /home4/ygmarket/ygxone.com/yg-home/vendor/laravel/framework/src/Illuminate/Bus/Dispatcher.php(228): Illuminate\\Bus\\Dispatcher->pushCommandToQueue()
#29 /home4/ygmarket/ygxone.com/yg-home/vendor/laravel/framework/src/Illuminate/Bus/Dispatcher.php(77): Illuminate\\Bus\\Dispatcher->dispatchToQueue()
#30 /home4/ygmarket/ygxone.com/yg-home/vendor/laravel/framework/src/Illuminate/Foundation/Bus/PendingDispatch.php(222): Illuminate\\Bus\\Dispatcher->dispatch()
#31 /home4/ygmarket/ygxone.com/yg-home/app/Services/UnifiedSearchService.php(371): Illuminate\\Foundation\\Bus\\PendingDispatch->__destruct()
#32 laravel-serializable-closure://function () use ($query, $results) {
            $this->trainAIWithSearchQuery($query, $results);
        }(3): App\\Services\\UnifiedSearchService->trainAIWithSearchQuery()
#33 /home4/ygmarket/ygxone.com/yg-home/vendor/laravel/framework/src/Illuminate/Container/BoundMethod.php(36): App\\Services\\UnifiedSearchService->{closure}()
#34 /home4/ygmarket/ygxone.com/yg-home/vendor/laravel/framework/src/Illuminate/Container/Util.php(43): Illuminate\\Container\\BoundMethod::Illuminate\\Container\\{closure}()
#35 /home4/ygmarket/ygxone.com/yg-home/vendor/laravel/framework/src/Illuminate/Container/BoundMethod.php(83): Illuminate\\Container\\Util::unwrapIfClosure()
#36 /home4/ygmarket/ygxone.com/yg-home/vendor/laravel/framework/src/Illuminate/Container/BoundMethod.php(35): Illuminate\\Container\\BoundMethod::callBoundMethod()
#37 /home4/ygmarket/ygxone.com/yg-home/vendor/laravel/framework/src/Illuminate/Container/Container.php(696): Illuminate\\Container\\BoundMethod::call()
#38 /home4/ygmarket/ygxone.com/yg-home/vendor/laravel/framework/src/Illuminate/Queue/CallQueuedClosure.php(69): Illuminate\\Container\\Container->call()
#39 /home4/ygmarket/ygxone.com/yg-home/vendor/laravel/framework/src/Illuminate/Container/BoundMethod.php(36): Illuminate\\Queue\\CallQueuedClosure->handle()
#40 /home4/ygmarket/ygxone.com/yg-home/vendor/laravel/framework/src/Illuminate/Container/Util.php(43): Illuminate\\Container\\BoundMethod::Illuminate\\Container\\{closure}()
#41 /home4/ygmarket/ygxone.com/yg-home/vendor/laravel/framework/src/Illuminate/Container/BoundMethod.php(95): Illuminate\\Container\\Util::unwrapIfClosure()
#42 /home4/ygmarket/ygxone.com/yg-home/vendor/laravel/framework/src/Illuminate/Container/BoundMethod.php(35): Illuminate\\Container\\BoundMethod::callBoundMethod()
#43 /home4/ygmarket/ygxone.com/yg-home/vendor/laravel/framework/src/Illuminate/Container/Container.php(696): Illuminate\\Container\\BoundMethod::call()
#44 /home4/ygmarket/ygxone.com/yg-home/vendor/laravel/framework/src/Illuminate/Bus/Dispatcher.php(126): Illuminate\\Container\\Container->call()
#45 /home4/ygmarket/ygxone.com/yg-home/vendor/laravel/framework/src/Illuminate/Pipeline/Pipeline.php(170): Illuminate\\Bus\\Dispatcher->Illuminate\\Bus\\{closure}()
#46 /home4/ygmarket/ygxone.com/yg-home/vendor/laravel/framework/src/Illuminate/Pipeline/Pipeline.php(127): Illuminate\\Pipeline\\Pipeline->Illuminate\\Pipeline\\{closure}()
#47 /home4/ygmarket/ygxone.com/yg-home/vendor/laravel/framework/src/Illuminate/Bus/Dispatcher.php(130): Illuminate\\Pipeline\\Pipeline->then()
#48 /home4/ygmarket/ygxone.com/yg-home/vendor/laravel/framework/src/Illuminate/Queue/CallQueuedHandler.php(126): Illuminate\\Bus\\Dispatcher->dispatchNow()
#49 /home4/ygmarket/ygxone.com/yg-home/vendor/laravel/framework/src/Illuminate/Pipeline/Pipeline.php(170): Illuminate\\Queue\\CallQueuedHandler->Illuminate\\Queue\\{closure}()
#50 /home4/ygmarket/ygxone.com/yg-home/vendor/laravel/framework/src/Illuminate/Pipeline/Pipeline.php(127): Illuminate\\Pipeline\\Pipeline->Illuminate\\Pipeline\\{closure}()
#51 /home4/ygmarket/ygxone.com/yg-home/vendor/laravel/framework/src/Illuminate/Queue/CallQueuedHandler.php(121): Illuminate\\Pipeline\\Pipeline->then()
#52 /home4/ygmarket/ygxone.com/yg-home/vendor/laravel/framework/src/Illuminate/Queue/CallQueuedHandler.php(69): Illuminate\\Queue\\CallQueuedHandler->dispatchThroughMiddleware()
#53 /home4/ygmarket/ygxone.com/yg-home/vendor/laravel/framework/src/Illuminate/Queue/Jobs/Job.php(102): Illuminate\\Queue\\CallQueuedHandler->call()
#54 /home4/ygmarket/ygxone.com/yg-home/vendor/laravel/framework/src/Illuminate/Queue/SyncQueue.php(76): Illuminate\\Queue\\Jobs\\Job->fire()
#55 /home4/ygmarket/ygxone.com/yg-home/vendor/laravel/framework/src/Illuminate/Queue/SyncQueue.php(56): Illuminate\\Queue\\SyncQueue->executeJob()
#56 /home4/ygmarket/ygxone.com/yg-home/vendor/laravel/framework/src/Illuminate/Bus/Dispatcher.php(244): Illuminate\\Queue\\SyncQueue->push()
#57 /home4/ygmarket/ygxone.com/yg-home/vendor/laravel/framework/src/Illuminate/Bus/Dispatcher.php(228): Illuminate\\Bus\\Dispatcher->pushCommandToQueue()
#58 /home4/ygmarket/ygxone.com/yg-home/vendor/laravel/framework/src/Illuminate/Bus/Dispatcher.php(77): Illuminate\\Bus\\Dispatcher->dispatchToQueue()
#59 /home4/ygmarket/ygxone.com/yg-home/vendor/laravel/framework/src/Illuminate/Foundation/Bus/PendingDispatch.php(222): Illuminate\\Bus\\Dispatcher->dispatch()
#60 /home4/ygmarket/ygxone.com/yg-home/app/Services/UnifiedSearchService.php(69): Illuminate\\Foundation\\Bus\\PendingDispatch->__destruct()
#61 /home4/ygmarket/ygxone.com/yg-home/app/Services/UnifiedSearchService.php(22): App\\Services\\UnifiedSearchService->executeSearch()
#62 /home4/ygmarket/ygxone.com/yg-home/vendor/laravel/framework/src/Illuminate/Cache/Repository.php(427): App\\Services\\UnifiedSearchService->App\\Services\\{closure}()
#63 /home4/ygmarket/ygxone.com/yg-home/vendor/laravel/framework/src/Illuminate/Cache/CacheManager.php(453): Illuminate\\Cache\\Repository->remember()
#64 /home4/ygmarket/ygxone.com/yg-home/vendor/laravel/framework/src/Illuminate/Support/Facades/Facade.php(361): Illuminate\\Cache\\CacheManager->__call()
#65 /home4/ygmarket/ygxone.com/yg-home/app/Services/UnifiedSearchService.php(21): Illuminate\\Support\\Facades\\Facade::__callStatic()
#66 /home4/ygmarket/ygxone.com/yg-home/app/Http/Controllers/SearchController.php(40): App\\Services\\UnifiedSearchService->search()
#67 /home4/ygmarket/ygxone.com/yg-home/vendor/laravel/framework/src/Illuminate/Routing/ControllerDispatcher.php(47): App\\Http\\Controllers\\SearchController->index()
#68 /home4/ygmarket/ygxone.com/yg-home/vendor/laravel/framework/src/Illuminate/Routing/Route.php(266): Illuminate\\Routing\\ControllerDispatcher->dispatch()
#69 /home4/ygmarket/ygxone.com/yg-home/vendor/laravel/framework/src/Illuminate/Routing/Route.php(212): Illuminate\\Routing\\Route->runController()
#70 /home4/ygmarket/ygxone.com/yg-home/vendor/laravel/framework/src/Illuminate/Routing/Router.php(808): Illuminate\\Routing\\Route->run()
#71 /home4/ygmarket/ygxone.com/yg-home/vendor/laravel/framework/src/Illuminate/Pipeline/Pipeline.php(170): Illuminate\\Routing\\Router->Illuminate\\Routing\\{closure}()
#72 /home4/ygmarket/ygxone.com/yg-home/vendor/laravel/framework/src/Illuminate/Routing/Middleware/SubstituteBindings.php(51): Illuminate\\Pipeline\\Pipeline->Illuminate\\Pipeline\\{closure}()
#73 /home4/ygmarket/ygxone.com/yg-home/vendor/laravel/framework/src/Illuminate/Pipeline/Pipeline.php(209): Illuminate\\Routing\\Middleware\\SubstituteBindings->handle()
#74 /home4/ygmarket/ygxone.com/yg-home/vendor/laravel/framework/src/Illuminate/Foundation/Http/Middleware/VerifyCsrfToken.php(88): Illuminate\\Pipeline\\Pipeline->Illuminate\\Pipeline\\{closure}()
#75 /home4/ygmarket/ygxone.com/yg-home/vendor/laravel/framework/src/Illuminate/Pipeline/Pipeline.php(209): Illuminate\\Foundation\\Http\\Middleware\\VerifyCsrfToken->handle()
#76 /home4/ygmarket/ygxone.com/yg-home/vendor/laravel/framework/src/Illuminate/View/Middleware/ShareErrorsFromSession.php(49): Illuminate\\Pipeline\\Pipeline->Illuminate\\Pipeline\\{closure}()
#77 /home4/ygmarket/ygxone.com/yg-home/vendor/laravel/framework/src/Illuminate/Pipeline/Pipeline.php(209): Illuminate\\View\\Middleware\\ShareErrorsFromSession->handle()
#78 /home4/ygmarket/ygxone.com/yg-home/vendor/laravel/framework/src/Illuminate/Session/Middleware/StartSession.php(121): Illuminate\\Pipeline\\Pipeline->Illuminate\\Pipeline\\{closure}()
#79 /home4/ygmarket/ygxone.com/yg-home/vendor/laravel/framework/src/Illuminate/Session/Middleware/StartSession.php(64): Illuminate\\Session\\Middleware\\StartSession->handleStatefulRequest()
#80 /home4/ygmarket/ygxone.com/yg-home/vendor/laravel/framework/src/Illuminate/Pipeline/Pipeline.php(209): Illuminate\\Session\\Middleware\\StartSession->handle()
#81 /home4/ygmarket/ygxone.com/yg-home/vendor/laravel/framework/src/Illuminate/Cookie/Middleware/AddQueuedCookiesToResponse.php(37): Illuminate\\Pipeline\\Pipeline->Illuminate\\Pipeline\\{closure}()
#82 /home4/ygmarket/ygxone.com/yg-home/vendor/laravel/framework/src/Illuminate/Pipeline/Pipeline.php(209): Illuminate\\Cookie\\Middleware\\AddQueuedCookiesToResponse->handle()
#83 /home4/ygmarket/ygxone.com/yg-home/vendor/laravel/framework/src/Illuminate/Cookie/Middleware/EncryptCookies.php(75): Illuminate\\Pipeline\\Pipeline->Illuminate\\Pipeline\\{closure}()
#84 /home4/ygmarket/ygxone.com/yg-home/vendor/laravel/framework/src/Illuminate/Pipeline/Pipeline.php(209): Illuminate\\Cookie\\Middleware\\EncryptCookies->handle()
#85 /home4/ygmarket/ygxone.com/yg-home/vendor/laravel/framework/src/Illuminate/Pipeline/Pipeline.php(127): Illuminate\\Pipeline\\Pipeline->Illuminate\\Pipeline\\{closure}()
#86 /home4/ygmarket/ygxone.com/yg-home/vendor/laravel/framework/src/Illuminate/Routing/Router.php(807): Illuminate\\Pipeline\\Pipeline->then()
#87 /home4/ygmarket/ygxone.com/yg-home/vendor/laravel/framework/src/Illuminate/Routing/Router.php(786): Illuminate\\Routing\\Router->runRouteWithinStack()
#88 /home4/ygmarket/ygxone.com/yg-home/vendor/laravel/framework/src/Illuminate/Routing/Router.php(750): Illuminate\\Routing\\Router->runRoute()
#89 /home4/ygmarket/ygxone.com/yg-home/vendor/laravel/framework/src/Illuminate/Routing/Router.php(739): Illuminate\\Routing\\Router->dispatchToRoute()
#90 /home4/ygmarket/ygxone.com/yg-home/vendor/laravel/framework/src/Illuminate/Foundation/Http/Kernel.php(201): Illuminate\\Routing\\Router->dispatch()
#91 /home4/ygmarket/ygxone.com/yg-home/vendor/laravel/framework/src/Illuminate/Pipeline/Pipeline.php(170): Illuminate\\Foundation\\Http\\Kernel->Illuminate\\Foundation\\Http\\{closure}()
#92 /home4/ygmarket/ygxone.com/yg-home/app/Http/Middleware/RequestLogger.php(21): Illuminate\\Pipeline\\Pipeline->Illuminate\\Pipeline\\{closure}()
#93 /home4/ygmarket/ygxone.com/yg-home/vendor/laravel/framework/src/Illuminate/Pipeline/Pipeline.php(209): App\\Http\\Middleware\\RequestLogger->handle()
#94 /home4/ygmarket/ygxone.com/yg-home/vendor/laravel/framework/src/Illuminate/Foundation/Http/Middleware/TransformsRequest.php(21): Illuminate\\Pipeline\\Pipeline->Illuminate\\Pipeline\\{closure}()
#95 /home4/ygmarket/ygxone.com/yg-home/vendor/laravel/framework/src/Illuminate/Foundation/Http/Middleware/ConvertEmptyStringsToNull.php(31): Illuminate\\Foundation\\Http\\Middleware\\TransformsRequest->handle()
#96 /home4/ygmarket/ygxone.com/yg-home/vendor/laravel/framework/src/Illuminate/Pipeline/Pipeline.php(209): Illuminate\\Foundation\\Http\\Middleware\\ConvertEmptyStringsToNull->handle()
#97 /home4/ygmarket/ygxone.com/yg-home/vendor/laravel/framework/src/Illuminate/Foundation/Http/Middleware/TransformsRequest.php(21): Illuminate\\Pipeline\\Pipeline->Illuminate\\Pipeline\\{closure}()
#98 /home4/ygmarket/ygxone.com/yg-home/vendor/laravel/framework/src/Illuminate/Foundation/Http/Middleware/TrimStrings.php(51): Illuminate\\Foundation\\Http\\Middleware\\TransformsRequest->handle()
#99 /home4/ygmarket/ygxone.com/yg-home/vendor/laravel/framework/src/Illuminate/Pipeline/Pipeline.php(209): Illuminate\\Foundation\\Http\\Middleware\\TrimStrings->handle()
#100 /home4/ygmarket/ygxone.com/yg-home/vendor/laravel/framework/src/Illuminate/Http/Middleware/ValidatePostSize.php(27): Illuminate\\Pipeline\\Pipeline->Illuminate\\Pipeline\\{closure}()
#101 /home4/ygmarket/ygxone.com/yg-home/vendor/laravel/framework/src/Illuminate/Pipeline/Pipeline.php(209): Illuminate\\Http\\Middleware\\ValidatePostSize->handle()
#102 /home4/ygmarket/ygxone.com/yg-home/vendor/laravel/framework/src/Illuminate/Foundation/Http/Middleware/PreventRequestsDuringMaintenance.php(110): Illuminate\\Pipeline\\Pipeline->Illuminate\\Pipeline\\{closure}()
#103 /home4/ygmarket/ygxone.com/yg-home/vendor/laravel/framework/src/Illuminate/Pipeline/Pipeline.php(209): Illuminate\\Foundation\\Http\\Middleware\\PreventRequestsDuringMaintenance->handle()
#104 /home4/ygmarket/ygxone.com/yg-home/vendor/laravel/framework/src/Illuminate/Http/Middleware/HandleCors.php(49): Illuminate\\Pipeline\\Pipeline->Illuminate\\Pipeline\\{closure}()
#105 /home4/ygmarket/ygxone.com/yg-home/vendor/laravel/framework/src/Illuminate/Pipeline/Pipeline.php(209): Illuminate\\Http\\Middleware\\HandleCors->handle()
#106 /home4/ygmarket/ygxone.com/yg-home/vendor/laravel/framework/src/Illuminate/Http/Middleware/TrustProxies.php(58): Illuminate\\Pipeline\\Pipeline->Illuminate\\Pipeline\\{closure}()
#107 /home4/ygmarket/ygxone.com/yg-home/vendor/laravel/framework/src/Illuminate/Pipeline/Pipeline.php(209): Illuminate\\Http\\Middleware\\TrustProxies->handle()
#108 /home4/ygmarket/ygxone.com/yg-home/vendor/laravel/framework/src/Illuminate/Foundation/Http/Middleware/InvokeDeferredCallbacks.php(22): Illuminate\\Pipeline\\Pipeline->Illuminate\\Pipeline\\{closure}()
#109 /home4/ygmarket/ygxone.com/yg-home/vendor/laravel/framework/src/Illuminate/Pipeline/Pipeline.php(209): Illuminate\\Foundation\\Http\\Middleware\\InvokeDeferredCallbacks->handle()
#110 /home4/ygmarket/ygxone.com/yg-home/vendor/laravel/framework/src/Illuminate/Pipeline/Pipeline.php(127): Illuminate\\Pipeline\\Pipeline->Illuminate\\Pipeline\\{closure}()
#111 /home4/ygmarket/ygxone.com/yg-home/vendor/laravel/framework/src/Illuminate/Foundation/Http/Kernel.php(176): Illuminate\\Pipeline\\Pipeline->then()
#112 /home4/ygmarket/ygxone.com/yg-home/vendor/laravel/framework/src/Illuminate/Foundation/Http/Kernel.php(145): Illuminate\\Foundation\\Http\\Kernel->sendRequestThroughRouter()
#113 /home4/ygmarket/ygxone.com/yg-home/vendor/laravel/framework/src/Illuminate/Foundation/Application.php(1220): Illuminate\\Foundation\\Http\\Kernel->handle()
#114 /home4/ygmarket/ygxone.com/yg-home/public/index.php(17): Illuminate\\Foundation\\Application->handleRequest()
#115 {main}"} 
[2026-05-10 03:17:53] local.INFO: Incoming Request {"url":"https://www.ygxone.com","method":"GET","ip":"145.40.133.115","user_agent":"Mozilla/5.0 (Windows NT 10.0; Win64; x64) AppleWebKit/537.36 (KHTML, like Gecko) Chrome/147.0.0.0 Safari/537.36 Edg/147.0.0.0"} 
[2026-05-10 03:18:31] local.INFO: Incoming Request {"url":"https://www.ygxone.com/search?q=bill%20gates%20debug%20456","method":"GET","ip":"45.115.219.189","user_agent":"curl/7.76.1"} 
[2026-05-10 03:18:31] local.ERROR: AI suggestions failed {"error":"cURL error 2: getaddrinfo() thread failed to start (see https://curl.haxx.se/libcurl/c/libcurl-errors.html) for https://ai.ygxone.com/api/"} 
[2026-05-10 03:18:31] local.INFO: DDG Scraper started {"query":"bill gates debug 456"} 
[2026-05-10 03:18:31] local.ERROR: Ecosystem search failed {"error":"Method Laravel\\Scout\\Builder::limit does not exist."} 
[2026-05-10 03:18:31] local.INFO: Search execution summary {"query":"bill gates debug 456","web_count":0,"ecosystem_count":0,"total_meta":0} 
[2026-05-10 03:18:32] local.ERROR: Failed to log search training data {"error":"SQLSTATE[HY000]: General error: 1 no such table: main.users (Connection: sqlite, SQL: insert into \"search_training_data\" (\"query\", \"result_count\", \"had_clicks\", \"session_id\", \"user_id\", \"created_at\") values (bill gates debug 456, 7, 0, dgrTfN0kDIIwzHyr6TiPCi565sM1bmi1E0qzwoPZ, ?, 2026-05-10 03:18:32))"} 
[2026-05-10 03:18:32] local.ERROR: Search failed {"query":"bill gates debug 456","error":"Array to string conversion","trace":"#0 /home4/ygmarket/ygxone.com/yg-home/vendor/laravel/framework/src/Illuminate/Foundation/Bootstrap/HandleExceptions.php(258): Illuminate\\Foundation\\Bootstrap\\HandleExceptions->handleError()
#1 /home4/ygmarket/ygxone.com/yg-home/app/Services/UnifiedSearchService.php(423): Illuminate\\Foundation\\Bootstrap\\HandleExceptions->Illuminate\\Foundation\\Bootstrap\\{closure}()
#2 /home4/ygmarket/ygxone.com/yg-home/app/Services/UnifiedSearchService.php(394): App\\Services\\UnifiedSearchService->prepareTrainingText()
#3 laravel-serializable-closure://function () use ($query, $results) {
            $this->sendToYugaLLMTraining($query, $results);
        }(3): App\\Services\\UnifiedSearchService->sendToYugaLLMTraining()
#4 /home4/ygmarket/ygxone.com/yg-home/vendor/laravel/framework/src/Illuminate/Container/BoundMethod.php(36): App\\Services\\UnifiedSearchService->{closure}()
#5 /home4/ygmarket/ygxone.com/yg-home/vendor/laravel/framework/src/Illuminate/Container/Util.php(43): Illuminate\\Container\\BoundMethod::Illuminate\\Container\\{closure}()
#6 /home4/ygmarket/ygxone.com/yg-home/vendor/laravel/framework/src/Illuminate/Container/BoundMethod.php(83): Illuminate\\Container\\Util::unwrapIfClosure()
#7 /home4/ygmarket/ygxone.com/yg-home/vendor/laravel/framework/src/Illuminate/Container/BoundMethod.php(35): Illuminate\\Container\\BoundMethod::callBoundMethod()
#8 /home4/ygmarket/ygxone.com/yg-home/vendor/laravel/framework/src/Illuminate/Container/Container.php(696): Illuminate\\Container\\BoundMethod::call()
#9 /home4/ygmarket/ygxone.com/yg-home/vendor/laravel/framework/src/Illuminate/Queue/CallQueuedClosure.php(69): Illuminate\\Container\\Container->call()
#10 /home4/ygmarket/ygxone.com/yg-home/vendor/laravel/framework/src/Illuminate/Container/BoundMethod.php(36): Illuminate\\Queue\\CallQueuedClosure->handle()
#11 /home4/ygmarket/ygxone.com/yg-home/vendor/laravel/framework/src/Illuminate/Container/Util.php(43): Illuminate\\Container\\BoundMethod::Illuminate\\Container\\{closure}()
#12 /home4/ygmarket/ygxone.com/yg-home/vendor/laravel/framework/src/Illuminate/Container/BoundMethod.php(95): Illuminate\\Container\\Util::unwrapIfClosure()
#13 /home4/ygmarket/ygxone.com/yg-home/vendor/laravel/framework/src/Illuminate/Container/BoundMethod.php(35): Illuminate\\Container\\BoundMethod::callBoundMethod()
#14 /home4/ygmarket/ygxone.com/yg-home/vendor/laravel/framework/src/Illuminate/Container/Container.php(696): Illuminate\\Container\\BoundMethod::call()
#15 /home4/ygmarket/ygxone.com/yg-home/vendor/laravel/framework/src/Illuminate/Bus/Dispatcher.php(126): Illuminate\\Container\\Container->call()
#16 /home4/ygmarket/ygxone.com/yg-home/vendor/laravel/framework/src/Illuminate/Pipeline/Pipeline.php(170): Illuminate\\Bus\\Dispatcher->Illuminate\\Bus\\{closure}()
#17 /home4/ygmarket/ygxone.com/yg-home/vendor/laravel/framework/src/Illuminate/Pipeline/Pipeline.php(127): Illuminate\\Pipeline\\Pipeline->Illuminate\\Pipeline\\{closure}()
#18 /home4/ygmarket/ygxone.com/yg-home/vendor/laravel/framework/src/Illuminate/Bus/Dispatcher.php(130): Illuminate\\Pipeline\\Pipeline->then()
#19 /home4/ygmarket/ygxone.com/yg-home/vendor/laravel/framework/src/Illuminate/Queue/CallQueuedHandler.php(126): Illuminate\\Bus\\Dispatcher->dispatchNow()
#20 /home4/ygmarket/ygxone.com/yg-home/vendor/laravel/framework/src/Illuminate/Pipeline/Pipeline.php(170): Illuminate\\Queue\\CallQueuedHandler->Illuminate\\Queue\\{closure}()
#21 /home4/ygmarket/ygxone.com/yg-home/vendor/laravel/framework/src/Illuminate/Pipeline/Pipeline.php(127): Illuminate\\Pipeline\\Pipeline->Illuminate\\Pipeline\\{closure}()
#22 /home4/ygmarket/ygxone.com/yg-home/vendor/laravel/framework/src/Illuminate/Queue/CallQueuedHandler.php(121): Illuminate\\Pipeline\\Pipeline->then()
#23 /home4/ygmarket/ygxone.com/yg-home/vendor/laravel/framework/src/Illuminate/Queue/CallQueuedHandler.php(69): Illuminate\\Queue\\CallQueuedHandler->dispatchThroughMiddleware()
#24 /home4/ygmarket/ygxone.com/yg-home/vendor/laravel/framework/src/Illuminate/Queue/Jobs/Job.php(102): Illuminate\\Queue\\CallQueuedHandler->call()
#25 /home4/ygmarket/ygxone.com/yg-home/vendor/laravel/framework/src/Illuminate/Queue/SyncQueue.php(76): Illuminate\\Queue\\Jobs\\Job->fire()
#26 /home4/ygmarket/ygxone.com/yg-home/vendor/laravel/framework/src/Illuminate/Queue/SyncQueue.php(56): Illuminate\\Queue\\SyncQueue->executeJob()
#27 /home4/ygmarket/ygxone.com/yg-home/vendor/laravel/framework/src/Illuminate/Bus/Dispatcher.php(244): Illuminate\\Queue\\SyncQueue->push()
#28 /home4/ygmarket/ygxone.com/yg-home/vendor/laravel/framework/src/Illuminate/Bus/Dispatcher.php(228): Illuminate\\Bus\\Dispatcher->pushCommandToQueue()
#29 /home4/ygmarket/ygxone.com/yg-home/vendor/laravel/framework/src/Illuminate/Bus/Dispatcher.php(77): Illuminate\\Bus\\Dispatcher->dispatchToQueue()
#30 /home4/ygmarket/ygxone.com/yg-home/vendor/laravel/framework/src/Illuminate/Foundation/Bus/PendingDispatch.php(222): Illuminate\\Bus\\Dispatcher->dispatch()
#31 /home4/ygmarket/ygxone.com/yg-home/app/Services/UnifiedSearchService.php(378): Illuminate\\Foundation\\Bus\\PendingDispatch->__destruct()
#32 laravel-serializable-closure://function () use ($query, $results) {
            $this->trainAIWithSearchQuery($query, $results);
        }(3): App\\Services\\UnifiedSearchService->trainAIWithSearchQuery()
#33 /home4/ygmarket/ygxone.com/yg-home/vendor/laravel/framework/src/Illuminate/Container/BoundMethod.php(36): App\\Services\\UnifiedSearchService->{closure}()
#34 /home4/ygmarket/ygxone.com/yg-home/vendor/laravel/framework/src/Illuminate/Container/Util.php(43): Illuminate\\Container\\BoundMethod::Illuminate\\Container\\{closure}()
#35 /home4/ygmarket/ygxone.com/yg-home/vendor/laravel/framework/src/Illuminate/Container/BoundMethod.php(83): Illuminate\\Container\\Util::unwrapIfClosure()
#36 /home4/ygmarket/ygxone.com/yg-home/vendor/laravel/framework/src/Illuminate/Container/BoundMethod.php(35): Illuminate\\Container\\BoundMethod::callBoundMethod()
#37 /home4/ygmarket/ygxone.com/yg-home/vendor/laravel/framework/src/Illuminate/Container/Container.php(696): Illuminate\\Container\\BoundMethod::call()
#38 /home4/ygmarket/ygxone.com/yg-home/vendor/laravel/framework/src/Illuminate/Queue/CallQueuedClosure.php(69): Illuminate\\Container\\Container->call()
#39 /home4/ygmarket/ygxone.com/yg-home/vendor/laravel/framework/src/Illuminate/Container/BoundMethod.php(36): Illuminate\\Queue\\CallQueuedClosure->handle()
#40 /home4/ygmarket/ygxone.com/yg-home/vendor/laravel/framework/src/Illuminate/Container/Util.php(43): Illuminate\\Container\\BoundMethod::Illuminate\\Container\\{closure}()
#41 /home4/ygmarket/ygxone.com/yg-home/vendor/laravel/framework/src/Illuminate/Container/BoundMethod.php(95): Illuminate\\Container\\Util::unwrapIfClosure()
#42 /home4/ygmarket/ygxone.com/yg-home/vendor/laravel/framework/src/Illuminate/Container/BoundMethod.php(35): Illuminate\\Container\\BoundMethod::callBoundMethod()
#43 /home4/ygmarket/ygxone.com/yg-home/vendor/laravel/framework/src/Illuminate/Container/Container.php(696): Illuminate\\Container\\BoundMethod::call()
#44 /home4/ygmarket/ygxone.com/yg-home/vendor/laravel/framework/src/Illuminate/Bus/Dispatcher.php(126): Illuminate\\Container\\Container->call()
#45 /home4/ygmarket/ygxone.com/yg-home/vendor/laravel/framework/src/Illuminate/Pipeline/Pipeline.php(170): Illuminate\\Bus\\Dispatcher->Illuminate\\Bus\\{closure}()
#46 /home4/ygmarket/ygxone.com/yg-home/vendor/laravel/framework/src/Illuminate/Pipeline/Pipeline.php(127): Illuminate\\Pipeline\\Pipeline->Illuminate\\Pipeline\\{closure}()
#47 /home4/ygmarket/ygxone.com/yg-home/vendor/laravel/framework/src/Illuminate/Bus/Dispatcher.php(130): Illuminate\\Pipeline\\Pipeline->then()
#48 /home4/ygmarket/ygxone.com/yg-home/vendor/laravel/framework/src/Illuminate/Queue/CallQueuedHandler.php(126): Illuminate\\Bus\\Dispatcher->dispatchNow()
#49 /home4/ygmarket/ygxone.com/yg-home/vendor/laravel/framework/src/Illuminate/Pipeline/Pipeline.php(170): Illuminate\\Queue\\CallQueuedHandler->Illuminate\\Queue\\{closure}()
#50 /home4/ygmarket/ygxone.com/yg-home/vendor/laravel/framework/src/Illuminate/Pipeline/Pipeline.php(127): Illuminate\\Pipeline\\Pipeline->Illuminate\\Pipeline\\{closure}()
#51 /home4/ygmarket/ygxone.com/yg-home/vendor/laravel/framework/src/Illuminate/Queue/CallQueuedHandler.php(121): Illuminate\\Pipeline\\Pipeline->then()
#52 /home4/ygmarket/ygxone.com/yg-home/vendor/laravel/framework/src/Illuminate/Queue/CallQueuedHandler.php(69): Illuminate\\Queue\\CallQueuedHandler->dispatchThroughMiddleware()
#53 /home4/ygmarket/ygxone.com/yg-home/vendor/laravel/framework/src/Illuminate/Queue/Jobs/Job.php(102): Illuminate\\Queue\\CallQueuedHandler->call()
#54 /home4/ygmarket/ygxone.com/yg-home/vendor/laravel/framework/src/Illuminate/Queue/SyncQueue.php(76): Illuminate\\Queue\\Jobs\\Job->fire()
#55 /home4/ygmarket/ygxone.com/yg-home/vendor/laravel/framework/src/Illuminate/Queue/SyncQueue.php(56): Illuminate\\Queue\\SyncQueue->executeJob()
#56 /home4/ygmarket/ygxone.com/yg-home/vendor/laravel/framework/src/Illuminate/Bus/Dispatcher.php(244): Illuminate\\Queue\\SyncQueue->push()
#57 /home4/ygmarket/ygxone.com/yg-home/vendor/laravel/framework/src/Illuminate/Bus/Dispatcher.php(228): Illuminate\\Bus\\Dispatcher->pushCommandToQueue()
#58 /home4/ygmarket/ygxone.com/yg-home/vendor/laravel/framework/src/Illuminate/Bus/Dispatcher.php(77): Illuminate\\Bus\\Dispatcher->dispatchToQueue()
#59 /home4/ygmarket/ygxone.com/yg-home/vendor/laravel/framework/src/Illuminate/Foundation/Bus/PendingDispatch.php(222): Illuminate\\Bus\\Dispatcher->dispatch()
#60 /home4/ygmarket/ygxone.com/yg-home/app/Services/UnifiedSearchService.php(76): Illuminate\\Foundation\\Bus\\PendingDispatch->__destruct()
#61 /home4/ygmarket/ygxone.com/yg-home/app/Services/UnifiedSearchService.php(22): App\\Services\\UnifiedSearchService->executeSearch()
#62 /home4/ygmarket/ygxone.com/yg-home/vendor/laravel/framework/src/Illuminate/Cache/Repository.php(427): App\\Services\\UnifiedSearchService->App\\Services\\{closure}()
#63 /home4/ygmarket/ygxone.com/yg-home/vendor/laravel/framework/src/Illuminate/Cache/CacheManager.php(453): Illuminate\\Cache\\Repository->remember()
#64 /home4/ygmarket/ygxone.com/yg-home/vendor/laravel/framework/src/Illuminate/Support/Facades/Facade.php(361): Illuminate\\Cache\\CacheManager->__call()
#65 /home4/ygmarket/ygxone.com/yg-home/app/Services/UnifiedSearchService.php(21): Illuminate\\Support\\Facades\\Facade::__callStatic()
#66 /home4/ygmarket/ygxone.com/yg-home/app/Http/Controllers/SearchController.php(40): App\\Services\\UnifiedSearchService->search()
#67 /home4/ygmarket/ygxone.com/yg-home/vendor/laravel/framework/src/Illuminate/Routing/ControllerDispatcher.php(47): App\\Http\\Controllers\\SearchController->index()
#68 /home4/ygmarket/ygxone.com/yg-home/vendor/laravel/framework/src/Illuminate/Routing/Route.php(266): Illuminate\\Routing\\ControllerDispatcher->dispatch()
#69 /home4/ygmarket/ygxone.com/yg-home/vendor/laravel/framework/src/Illuminate/Routing/Route.php(212): Illuminate\\Routing\\Route->runController()
#70 /home4/ygmarket/ygxone.com/yg-home/vendor/laravel/framework/src/Illuminate/Routing/Router.php(808): Illuminate\\Routing\\Route->run()
#71 /home4/ygmarket/ygxone.com/yg-home/vendor/laravel/framework/src/Illuminate/Pipeline/Pipeline.php(170): Illuminate\\Routing\\Router->Illuminate\\Routing\\{closure}()
#72 /home4/ygmarket/ygxone.com/yg-home/vendor/laravel/framework/src/Illuminate/Routing/Middleware/SubstituteBindings.php(51): Illuminate\\Pipeline\\Pipeline->Illuminate\\Pipeline\\{closure}()
#73 /home4/ygmarket/ygxone.com/yg-home/vendor/laravel/framework/src/Illuminate/Pipeline/Pipeline.php(209): Illuminate\\Routing\\Middleware\\SubstituteBindings->handle()
#74 /home4/ygmarket/ygxone.com/yg-home/vendor/laravel/framework/src/Illuminate/Foundation/Http/Middleware/VerifyCsrfToken.php(88): Illuminate\\Pipeline\\Pipeline->Illuminate\\Pipeline\\{closure}()
#75 /home4/ygmarket/ygxone.com/yg-home/vendor/laravel/framework/src/Illuminate/Pipeline/Pipeline.php(209): Illuminate\\Foundation\\Http\\Middleware\\VerifyCsrfToken->handle()
#76 /home4/ygmarket/ygxone.com/yg-home/vendor/laravel/framework/src/Illuminate/View/Middleware/ShareErrorsFromSession.php(49): Illuminate\\Pipeline\\Pipeline->Illuminate\\Pipeline\\{closure}()
#77 /home4/ygmarket/ygxone.com/yg-home/vendor/laravel/framework/src/Illuminate/Pipeline/Pipeline.php(209): Illuminate\\View\\Middleware\\ShareErrorsFromSession->handle()
#78 /home4/ygmarket/ygxone.com/yg-home/vendor/laravel/framework/src/Illuminate/Session/Middleware/StartSession.php(121): Illuminate\\Pipeline\\Pipeline->Illuminate\\Pipeline\\{closure}()
#79 /home4/ygmarket/ygxone.com/yg-home/vendor/laravel/framework/src/Illuminate/Session/Middleware/StartSession.php(64): Illuminate\\Session\\Middleware\\StartSession->handleStatefulRequest()
#80 /home4/ygmarket/ygxone.com/yg-home/vendor/laravel/framework/src/Illuminate/Pipeline/Pipeline.php(209): Illuminate\\Session\\Middleware\\StartSession->handle()
#81 /home4/ygmarket/ygxone.com/yg-home/vendor/laravel/framework/src/Illuminate/Cookie/Middleware/AddQueuedCookiesToResponse.php(37): Illuminate\\Pipeline\\Pipeline->Illuminate\\Pipeline\\{closure}()
#82 /home4/ygmarket/ygxone.com/yg-home/vendor/laravel/framework/src/Illuminate/Pipeline/Pipeline.php(209): Illuminate\\Cookie\\Middleware\\AddQueuedCookiesToResponse->handle()
#83 /home4/ygmarket/ygxone.com/yg-home/vendor/laravel/framework/src/Illuminate/Cookie/Middleware/EncryptCookies.php(75): Illuminate\\Pipeline\\Pipeline->Illuminate\\Pipeline\\{closure}()
#84 /home4/ygmarket/ygxone.com/yg-home/vendor/laravel/framework/src/Illuminate/Pipeline/Pipeline.php(209): Illuminate\\Cookie\\Middleware\\EncryptCookies->handle()
#85 /home4/ygmarket/ygxone.com/yg-home/vendor/laravel/framework/src/Illuminate/Pipeline/Pipeline.php(127): Illuminate\\Pipeline\\Pipeline->Illuminate\\Pipeline\\{closure}()
#86 /home4/ygmarket/ygxone.com/yg-home/vendor/laravel/framework/src/Illuminate/Routing/Router.php(807): Illuminate\\Pipeline\\Pipeline->then()
#87 /home4/ygmarket/ygxone.com/yg-home/vendor/laravel/framework/src/Illuminate/Routing/Router.php(786): Illuminate\\Routing\\Router->runRouteWithinStack()
#88 /home4/ygmarket/ygxone.com/yg-home/vendor/laravel/framework/src/Illuminate/Routing/Router.php(750): Illuminate\\Routing\\Router->runRoute()
#89 /home4/ygmarket/ygxone.com/yg-home/vendor/laravel/framework/src/Illuminate/Routing/Router.php(739): Illuminate\\Routing\\Router->dispatchToRoute()
#90 /home4/ygmarket/ygxone.com/yg-home/vendor/laravel/framework/src/Illuminate/Foundation/Http/Kernel.php(201): Illuminate\\Routing\\Router->dispatch()
#91 /home4/ygmarket/ygxone.com/yg-home/vendor/laravel/framework/src/Illuminate/Pipeline/Pipeline.php(170): Illuminate\\Foundation\\Http\\Kernel->Illuminate\\Foundation\\Http\\{closure}()
#92 /home4/ygmarket/ygxone.com/yg-home/app/Http/Middleware/RequestLogger.php(21): Illuminate\\Pipeline\\Pipeline->Illuminate\\Pipeline\\{closure}()
#93 /home4/ygmarket/ygxone.com/yg-home/vendor/laravel/framework/src/Illuminate/Pipeline/Pipeline.php(209): App\\Http\\Middleware\\RequestLogger->handle()
#94 /home4/ygmarket/ygxone.com/yg-home/vendor/laravel/framework/src/Illuminate/Foundation/Http/Middleware/TransformsRequest.php(21): Illuminate\\Pipeline\\Pipeline->Illuminate\\Pipeline\\{closure}()
#95 /home4/ygmarket/ygxone.com/yg-home/vendor/laravel/framework/src/Illuminate/Foundation/Http/Middleware/ConvertEmptyStringsToNull.php(31): Illuminate\\Foundation\\Http\\Middleware\\TransformsRequest->handle()
#96 /home4/ygmarket/ygxone.com/yg-home/vendor/laravel/framework/src/Illuminate/Pipeline/Pipeline.php(209): Illuminate\\Foundation\\Http\\Middleware\\ConvertEmptyStringsToNull->handle()
#97 /home4/ygmarket/ygxone.com/yg-home/vendor/laravel/framework/src/Illuminate/Foundation/Http/Middleware/TransformsRequest.php(21): Illuminate\\Pipeline\\Pipeline->Illuminate\\Pipeline\\{closure}()
#98 /home4/ygmarket/ygxone.com/yg-home/vendor/laravel/framework/src/Illuminate/Foundation/Http/Middleware/TrimStrings.php(51): Illuminate\\Foundation\\Http\\Middleware\\TransformsRequest->handle()
#99 /home4/ygmarket/ygxone.com/yg-home/vendor/laravel/framework/src/Illuminate/Pipeline/Pipeline.php(209): Illuminate\\Foundation\\Http\\Middleware\\TrimStrings->handle()
#100 /home4/ygmarket/ygxone.com/yg-home/vendor/laravel/framework/src/Illuminate/Http/Middleware/ValidatePostSize.php(27): Illuminate\\Pipeline\\Pipeline->Illuminate\\Pipeline\\{closure}()
#101 /home4/ygmarket/ygxone.com/yg-home/vendor/laravel/framework/src/Illuminate/Pipeline/Pipeline.php(209): Illuminate\\Http\\Middleware\\ValidatePostSize->handle()
#102 /home4/ygmarket/ygxone.com/yg-home/vendor/laravel/framework/src/Illuminate/Foundation/Http/Middleware/PreventRequestsDuringMaintenance.php(110): Illuminate\\Pipeline\\Pipeline->Illuminate\\Pipeline\\{closure}()
#103 /home4/ygmarket/ygxone.com/yg-home/vendor/laravel/framework/src/Illuminate/Pipeline/Pipeline.php(209): Illuminate\\Foundation\\Http\\Middleware\\PreventRequestsDuringMaintenance->handle()
#104 /home4/ygmarket/ygxone.com/yg-home/vendor/laravel/framework/src/Illuminate/Http/Middleware/HandleCors.php(49): Illuminate\\Pipeline\\Pipeline->Illuminate\\Pipeline\\{closure}()
#105 /home4/ygmarket/ygxone.com/yg-home/vendor/laravel/framework/src/Illuminate/Pipeline/Pipeline.php(209): Illuminate\\Http\\Middleware\\HandleCors->handle()
#106 /home4/ygmarket/ygxone.com/yg-home/vendor/laravel/framework/src/Illuminate/Http/Middleware/TrustProxies.php(58): Illuminate\\Pipeline\\Pipeline->Illuminate\\Pipeline\\{closure}()
#107 /home4/ygmarket/ygxone.com/yg-home/vendor/laravel/framework/src/Illuminate/Pipeline/Pipeline.php(209): Illuminate\\Http\\Middleware\\TrustProxies->handle()
#108 /home4/ygmarket/ygxone.com/yg-home/vendor/laravel/framework/src/Illuminate/Foundation/Http/Middleware/InvokeDeferredCallbacks.php(22): Illuminate\\Pipeline\\Pipeline->Illuminate\\Pipeline\\{closure}()
#109 /home4/ygmarket/ygxone.com/yg-home/vendor/laravel/framework/src/Illuminate/Pipeline/Pipeline.php(209): Illuminate\\Foundation\\Http\\Middleware\\InvokeDeferredCallbacks->handle()
#110 /home4/ygmarket/ygxone.com/yg-home/vendor/laravel/framework/src/Illuminate/Pipeline/Pipeline.php(127): Illuminate\\Pipeline\\Pipeline->Illuminate\\Pipeline\\{closure}()
#111 /home4/ygmarket/ygxone.com/yg-home/vendor/laravel/framework/src/Illuminate/Foundation/Http/Kernel.php(176): Illuminate\\Pipeline\\Pipeline->then()
#112 /home4/ygmarket/ygxone.com/yg-home/vendor/laravel/framework/src/Illuminate/Foundation/Http/Kernel.php(145): Illuminate\\Foundation\\Http\\Kernel->sendRequestThroughRouter()
#113 /home4/ygmarket/ygxone.com/yg-home/vendor/laravel/framework/src/Illuminate/Foundation/Application.php(1220): Illuminate\\Foundation\\Http\\Kernel->handle()
#114 /home4/ygmarket/ygxone.com/yg-home/public/index.php(17): Illuminate\\Foundation\\Application->handleRequest()
#115 {main}"} 
[2026-05-10 03:20:37] local.INFO: Incoming Request {"url":"https://ygxone.com","method":"GET","ip":"170.106.180.246","user_agent":"Mozilla/5.0 (iPhone; CPU iPhone OS 13_2_3 like Mac OS X) AppleWebKit/605.1.15 (KHTML, like Gecko) Version/13.0.3 Mobile/15E148 Safari/604.1"} 
[2026-05-10 03:20:44] local.INFO: Incoming Request {"url":"https://www.ygxone.com","method":"GET","ip":"145.40.133.115","user_agent":"Mozilla/5.0 (Windows NT 10.0; Win64; x64) AppleWebKit/537.36 (KHTML, like Gecko) Chrome/147.0.0.0 Safari/537.36 Edg/147.0.0.0"} 
[2026-05-10 03:20:51] local.INFO: Incoming Request {"url":"https://ygxone.com","method":"GET","ip":"93.158.90.71","user_agent":"Mozilla/5.0 (iPhone; CPU iPhone OS 16_3 like Mac OS X) AppleWebKit/605.1.15 (KHTML, like Gecko) CriOS/122.0.6261.89 Mobile/15E148 Safari/604"} 
[2026-05-10 03:21:24] local.INFO: Incoming Request {"url":"https://www.ygxone.com/search?q=elon%20musk","method":"GET","ip":"145.40.133.115","user_agent":"Mozilla/5.0 (Windows NT 10.0; Win64; x64) AppleWebKit/537.36 (KHTML, like Gecko) Chrome/147.0.0.0 Safari/537.36 Edg/147.0.0.0"} 
[2026-05-10 03:21:24] local.ERROR: AI suggestions failed {"error":"cURL error 6: Could not resolve host: ai.ygxone.com (see https://curl.haxx.se/libcurl/c/libcurl-errors.html) for https://ai.ygxone.com/api/"} 
[2026-05-10 03:21:24] local.INFO: DDG Scraper started {"query":"elon musk"} 
[2026-05-10 03:21:25] local.INFO: DDG Scraper response received {"html_length":22745} 
[2026-05-10 03:21:25] local.INFO: DDG Scraper matches found {"count":10} 
[2026-05-10 03:21:26] local.ERROR: Ecosystem search failed {"error":"Method Laravel\\Scout\\Builder::limit does not exist."} 
[2026-05-10 03:21:26] local.INFO: Search execution summary {"query":"elon musk","web_count":10,"ecosystem_count":0,"total_meta":100} 
[2026-05-10 03:21:26] local.ERROR: YugaLLM training failed {"error":"cURL error 6: Could not resolve host: ai.ygxone.com (see https://curl.haxx.se/libcurl/c/libcurl-errors.html) for https://ai.ygxone.com/api/"} 
[2026-05-10 03:31:08] local.INFO: Incoming Request {"url":"https://www.ygxone.com","method":"GET","ip":"157.55.39.60","user_agent":"Mozilla/5.0 AppleWebKit/537.36 (KHTML, like Gecko; compatible; bingbot/2.0; +http://www.bing.com/bingbot.htm) Chrome/116.0.1938.76 Safari/537.36"} 
[2026-05-10 03:31:41] local.INFO: Incoming Request {"url":"https://www.ygxone.com","method":"GET","ip":"145.40.133.115","user_agent":"Mozilla/5.0 (Windows NT 10.0; Win64; x64) AppleWebKit/537.36 (KHTML, like Gecko) Chrome/147.0.0.0 Safari/537.36 Edg/147.0.0.0"} 
[2026-05-10 03:31:50] local.INFO: Incoming Request {"url":"https://www.ygxone.com/search?q=Elon%20musk","method":"GET","ip":"145.40.133.115","user_agent":"Mozilla/5.0 (Windows NT 10.0; Win64; x64) AppleWebKit/537.36 (KHTML, like Gecko) Chrome/147.0.0.0 Safari/537.36 Edg/147.0.0.0"} 
[2026-05-10 03:31:50] local.ERROR: AI suggestions failed {"error":"cURL error 6: Could not resolve host: ai.ygxone.com (see https://curl.haxx.se/libcurl/c/libcurl-errors.html) for https://ai.ygxone.com/api/"} 
[2026-05-10 03:31:50] local.INFO: DDG Scraper started {"query":"Elon musk"} 
[2026-05-10 03:31:52] local.INFO: DDG Scraper response received {"html_length":22754} 
[2026-05-10 03:31:52] local.INFO: DDG Scraper matches found {"count":10} 
[2026-05-10 03:31:52] local.ERROR: Ecosystem search failed {"error":"Method Laravel\\Scout\\Builder::limit does not exist."} 
[2026-05-10 03:31:52] local.INFO: Search execution summary {"query":"Elon musk","web_count":10,"ecosystem_count":0,"total_meta":100} 
[2026-05-10 03:31:52] local.ERROR: YugaLLM training failed {"error":"cURL error 6: Could not resolve host: ai.ygxone.com (see https://curl.haxx.se/libcurl/c/libcurl-errors.html) for https://ai.ygxone.com/api/"} 
[2026-05-10 03:31:52] local.ERROR: syntax error, unexpected token "endif", expecting end of file (View: /home4/ygmarket/ygxone.com/yg-home/resources/views/search/results.blade.php) {"exception":"[object] (Illuminate\\View\\ViewException(code: 0): syntax error, unexpected token \"endif\", expecting end of file (View: /home4/ygmarket/ygxone.com/yg-home/resources/views/search/results.blade.php) at /home4/ygmarket/ygxone.com/yg-home/storage/framework/views/1b348a9bc23751efd96cd58c86de4ea9.php:249)
[stacktrace]
#0 /home4/ygmarket/ygxone.com/yg-home/vendor/laravel/framework/src/Illuminate/View/Engines/PhpEngine.php(60): Illuminate\\View\\Engines\\CompilerEngine->handleViewException()
#1 /home4/ygmarket/ygxone.com/yg-home/vendor/laravel/framework/src/Illuminate/View/Engines/CompilerEngine.php(75): Illuminate\\View\\Engines\\PhpEngine->evaluatePath()
#2 /home4/ygmarket/ygxone.com/yg-home/vendor/laravel/framework/src/Illuminate/View/View.php(209): Illuminate\\View\\Engines\\CompilerEngine->get()
#3 /home4/ygmarket/ygxone.com/yg-home/vendor/laravel/framework/src/Illuminate/View/View.php(192): Illuminate\\View\\View->getContents()
#4 /home4/ygmarket/ygxone.com/yg-home/vendor/laravel/framework/src/Illuminate/View/View.php(161): Illuminate\\View\\View->renderContents()
#5 /home4/ygmarket/ygxone.com/yg-home/vendor/laravel/framework/src/Illuminate/Http/Response.php(79): Illuminate\\View\\View->render()
#6 /home4/ygmarket/ygxone.com/yg-home/vendor/laravel/framework/src/Illuminate/Http/Response.php(35): Illuminate\\Http\\Response->setContent()
#7 /home4/ygmarket/ygxone.com/yg-home/vendor/laravel/framework/src/Illuminate/Routing/Router.php(920): Illuminate\\Http\\Response->__construct()
#8 /home4/ygmarket/ygxone.com/yg-home/vendor/laravel/framework/src/Illuminate/Routing/Router.php(887): Illuminate\\Routing\\Router::toResponse()
#9 /home4/ygmarket/ygxone.com/yg-home/vendor/laravel/framework/src/Illuminate/Routing/Router.php(807): Illuminate\\Routing\\Router->prepareResponse()
#10 /home4/ygmarket/ygxone.com/yg-home/vendor/laravel/framework/src/Illuminate/Pipeline/Pipeline.php(170): Illuminate\\Routing\\Router->Illuminate\\Routing\\{closure}()
#11 /home4/ygmarket/ygxone.com/yg-home/vendor/laravel/framework/src/Illuminate/Routing/Middleware/SubstituteBindings.php(51): Illuminate\\Pipeline\\Pipeline->Illuminate\\Pipeline\\{closure}()
#12 /home4/ygmarket/ygxone.com/yg-home/vendor/laravel/framework/src/Illuminate/Pipeline/Pipeline.php(209): Illuminate\\Routing\\Middleware\\SubstituteBindings->handle()
#13 /home4/ygmarket/ygxone.com/yg-home/vendor/laravel/framework/src/Illuminate/Foundation/Http/Middleware/VerifyCsrfToken.php(88): Illuminate\\Pipeline\\Pipeline->Illuminate\\Pipeline\\{closure}()
#14 /home4/ygmarket/ygxone.com/yg-home/vendor/laravel/framework/src/Illuminate/Pipeline/Pipeline.php(209): Illuminate\\Foundation\\Http\\Middleware\\VerifyCsrfToken->handle()
#15 /home4/ygmarket/ygxone.com/yg-home/vendor/laravel/framework/src/Illuminate/View/Middleware/ShareErrorsFromSession.php(49): Illuminate\\Pipeline\\Pipeline->Illuminate\\Pipeline\\{closure}()
#16 /home4/ygmarket/ygxone.com/yg-home/vendor/laravel/framework/src/Illuminate/Pipeline/Pipeline.php(209): Illuminate\\View\\Middleware\\ShareErrorsFromSession->handle()
#17 /home4/ygmarket/ygxone.com/yg-home/vendor/laravel/framework/src/Illuminate/Session/Middleware/StartSession.php(121): Illuminate\\Pipeline\\Pipeline->Illuminate\\Pipeline\\{closure}()
#18 /home4/ygmarket/ygxone.com/yg-home/vendor/laravel/framework/src/Illuminate/Session/Middleware/StartSession.php(64): Illuminate\\Session\\Middleware\\StartSession->handleStatefulRequest()
#19 /home4/ygmarket/ygxone.com/yg-home/vendor/laravel/framework/src/Illuminate/Pipeline/Pipeline.php(209): Illuminate\\Session\\Middleware\\StartSession->handle()
#20 /home4/ygmarket/ygxone.com/yg-home/vendor/laravel/framework/src/Illuminate/Cookie/Middleware/AddQueuedCookiesToResponse.php(37): Illuminate\\Pipeline\\Pipeline->Illuminate\\Pipeline\\{closure}()
#21 /home4/ygmarket/ygxone.com/yg-home/vendor/laravel/framework/src/Illuminate/Pipeline/Pipeline.php(209): Illuminate\\Cookie\\Middleware\\AddQueuedCookiesToResponse->handle()
#22 /home4/ygmarket/ygxone.com/yg-home/vendor/laravel/framework/src/Illuminate/Cookie/Middleware/EncryptCookies.php(75): Illuminate\\Pipeline\\Pipeline->Illuminate\\Pipeline\\{closure}()
#23 /home4/ygmarket/ygxone.com/yg-home/vendor/laravel/framework/src/Illuminate/Pipeline/Pipeline.php(209): Illuminate\\Cookie\\Middleware\\EncryptCookies->handle()
#24 /home4/ygmarket/ygxone.com/yg-home/vendor/laravel/framework/src/Illuminate/Pipeline/Pipeline.php(127): Illuminate\\Pipeline\\Pipeline->Illuminate\\Pipeline\\{closure}()
#25 /home4/ygmarket/ygxone.com/yg-home/vendor/laravel/framework/src/Illuminate/Routing/Router.php(807): Illuminate\\Pipeline\\Pipeline->then()
#26 /home4/ygmarket/ygxone.com/yg-home/vendor/laravel/framework/src/Illuminate/Routing/Router.php(786): Illuminate\\Routing\\Router->runRouteWithinStack()
#27 /home4/ygmarket/ygxone.com/yg-home/vendor/laravel/framework/src/Illuminate/Routing/Router.php(750): Illuminate\\Routing\\Router->runRoute()
#28 /home4/ygmarket/ygxone.com/yg-home/vendor/laravel/framework/src/Illuminate/Routing/Router.php(739): Illuminate\\Routing\\Router->dispatchToRoute()
#29 /home4/ygmarket/ygxone.com/yg-home/vendor/laravel/framework/src/Illuminate/Foundation/Http/Kernel.php(201): Illuminate\\Routing\\Router->dispatch()
#30 /home4/ygmarket/ygxone.com/yg-home/vendor/laravel/framework/src/Illuminate/Pipeline/Pipeline.php(170): Illuminate\\Foundation\\Http\\Kernel->Illuminate\\Foundation\\Http\\{closure}()
#31 /home4/ygmarket/ygxone.com/yg-home/app/Http/Middleware/RequestLogger.php(21): Illuminate\\Pipeline\\Pipeline->Illuminate\\Pipeline\\{closure}()
#32 /home4/ygmarket/ygxone.com/yg-home/vendor/laravel/framework/src/Illuminate/Pipeline/Pipeline.php(209): App\\Http\\Middleware\\RequestLogger->handle()
#33 /home4/ygmarket/ygxone.com/yg-home/vendor/laravel/framework/src/Illuminate/Foundation/Http/Middleware/TransformsRequest.php(21): Illuminate\\Pipeline\\Pipeline->Illuminate\\Pipeline\\{closure}()
#34 /home4/ygmarket/ygxone.com/yg-home/vendor/laravel/framework/src/Illuminate/Foundation/Http/Middleware/ConvertEmptyStringsToNull.php(31): Illuminate\\Foundation\\Http\\Middleware\\TransformsRequest->handle()
#35 /home4/ygmarket/ygxone.com/yg-home/vendor/laravel/framework/src/Illuminate/Pipeline/Pipeline.php(209): Illuminate\\Foundation\\Http\\Middleware\\ConvertEmptyStringsToNull->handle()
#36 /home4/ygmarket/ygxone.com/yg-home/vendor/laravel/framework/src/Illuminate/Foundation/Http/Middleware/TransformsRequest.php(21): Illuminate\\Pipeline\\Pipeline->Illuminate\\Pipeline\\{closure}()
#37 /home4/ygmarket/ygxone.com/yg-home/vendor/laravel/framework/src/Illuminate/Foundation/Http/Middleware/TrimStrings.php(51): Illuminate\\Foundation\\Http\\Middleware\\TransformsRequest->handle()
#38 /home4/ygmarket/ygxone.com/yg-home/vendor/laravel/framework/src/Illuminate/Pipeline/Pipeline.php(209): Illuminate\\Foundation\\Http\\Middleware\\TrimStrings->handle()
#39 /home4/ygmarket/ygxone.com/yg-home/vendor/laravel/framework/src/Illuminate/Http/Middleware/ValidatePostSize.php(27): Illuminate\\Pipeline\\Pipeline->Illuminate\\Pipeline\\{closure}()
#40 /home4/ygmarket/ygxone.com/yg-home/vendor/laravel/framework/src/Illuminate/Pipeline/Pipeline.php(209): Illuminate\\Http\\Middleware\\ValidatePostSize->handle()
#41 /home4/ygmarket/ygxone.com/yg-home/vendor/laravel/framework/src/Illuminate/Foundation/Http/Middleware/PreventRequestsDuringMaintenance.php(110): Illuminate\\Pipeline\\Pipeline->Illuminate\\Pipeline\\{closure}()
#42 /home4/ygmarket/ygxone.com/yg-home/vendor/laravel/framework/src/Illuminate/Pipeline/Pipeline.php(209): Illuminate\\Foundation\\Http\\Middleware\\PreventRequestsDuringMaintenance->handle()
#43 /home4/ygmarket/ygxone.com/yg-home/vendor/laravel/framework/src/Illuminate/Http/Middleware/HandleCors.php(49): Illuminate\\Pipeline\\Pipeline->Illuminate\\Pipeline\\{closure}()
#44 /home4/ygmarket/ygxone.com/yg-home/vendor/laravel/framework/src/Illuminate/Pipeline/Pipeline.php(209): Illuminate\\Http\\Middleware\\HandleCors->handle()
#45 /home4/ygmarket/ygxone.com/yg-home/vendor/laravel/framework/src/Illuminate/Http/Middleware/TrustProxies.php(58): Illuminate\\Pipeline\\Pipeline->Illuminate\\Pipeline\\{closure}()
#46 /home4/ygmarket/ygxone.com/yg-home/vendor/laravel/framework/src/Illuminate/Pipeline/Pipeline.php(209): Illuminate\\Http\\Middleware\\TrustProxies->handle()
#47 /home4/ygmarket/ygxone.com/yg-home/vendor/laravel/framework/src/Illuminate/Foundation/Http/Middleware/InvokeDeferredCallbacks.php(22): Illuminate\\Pipeline\\Pipeline->Illuminate\\Pipeline\\{closure}()
#48 /home4/ygmarket/ygxone.com/yg-home/vendor/laravel/framework/src/Illuminate/Pipeline/Pipeline.php(209): Illuminate\\Foundation\\Http\\Middleware\\InvokeDeferredCallbacks->handle()
#49 /home4/ygmarket/ygxone.com/yg-home/vendor/laravel/framework/src/Illuminate/Pipeline/Pipeline.php(127): Illuminate\\Pipeline\\Pipeline->Illuminate\\Pipeline\\{closure}()
#50 /home4/ygmarket/ygxone.com/yg-home/vendor/laravel/framework/src/Illuminate/Foundation/Http/Kernel.php(176): Illuminate\\Pipeline\\Pipeline->then()
#51 /home4/ygmarket/ygxone.com/yg-home/vendor/laravel/framework/src/Illuminate/Foundation/Http/Kernel.php(145): Illuminate\\Foundation\\Http\\Kernel->sendRequestThroughRouter()
#52 /home4/ygmarket/ygxone.com/yg-home/vendor/laravel/framework/src/Illuminate/Foundation/Application.php(1220): Illuminate\\Foundation\\Http\\Kernel->handle()
#53 /home4/ygmarket/ygxone.com/yg-home/public/index.php(17): Illuminate\\Foundation\\Application->handleRequest()
#54 {main}

[previous exception] [object] (ParseError(code: 0): syntax error, unexpected token \"endif\", expecting end of file at /home4/ygmarket/ygxone.com/yg-home/storage/framework/views/1b348a9bc23751efd96cd58c86de4ea9.php:249)
[stacktrace]
#0 /home4/ygmarket/ygxone.com/yg-home/vendor/laravel/framework/src/Illuminate/Filesystem/Filesystem.php(124): Illuminate\\Filesystem\\Filesystem::Illuminate\\Filesystem\\{closure}()
#1 /home4/ygmarket/ygxone.com/yg-home/vendor/laravel/framework/src/Illuminate/View/Engines/PhpEngine.php(58): Illuminate\\Filesystem\\Filesystem->getRequire()
#2 /home4/ygmarket/ygxone.com/yg-home/vendor/laravel/framework/src/Illuminate/View/Engines/CompilerEngine.php(75): Illuminate\\View\\Engines\\PhpEngine->evaluatePath()
#3 /home4/ygmarket/ygxone.com/yg-home/vendor/laravel/framework/src/Illuminate/View/View.php(209): Illuminate\\View\\Engines\\CompilerEngine->get()
#4 /home4/ygmarket/ygxone.com/yg-home/vendor/laravel/framework/src/Illuminate/View/View.php(192): Illuminate\\View\\View->getContents()
#5 /home4/ygmarket/ygxone.com/yg-home/vendor/laravel/framework/src/Illuminate/View/View.php(161): Illuminate\\View\\View->renderContents()
#6 /home4/ygmarket/ygxone.com/yg-home/vendor/laravel/framework/src/Illuminate/Http/Response.php(79): Illuminate\\View\\View->render()
#7 /home4/ygmarket/ygxone.com/yg-home/vendor/laravel/framework/src/Illuminate/Http/Response.php(35): Illuminate\\Http\\Response->setContent()
#8 /home4/ygmarket/ygxone.com/yg-home/vendor/laravel/framework/src/Illuminate/Routing/Router.php(920): Illuminate\\Http\\Response->__construct()
#9 /home4/ygmarket/ygxone.com/yg-home/vendor/laravel/framework/src/Illuminate/Routing/Router.php(887): Illuminate\\Routing\\Router::toResponse()
#10 /home4/ygmarket/ygxone.com/yg-home/vendor/laravel/framework/src/Illuminate/Routing/Router.php(807): Illuminate\\Routing\\Router->prepareResponse()
#11 /home4/ygmarket/ygxone.com/yg-home/vendor/laravel/framework/src/Illuminate/Pipeline/Pipeline.php(170): Illuminate\\Routing\\Router->Illuminate\\Routing\\{closure}()
#12 /home4/ygmarket/ygxone.com/yg-home/vendor/laravel/framework/src/Illuminate/Routing/Middleware/SubstituteBindings.php(51): Illuminate\\Pipeline\\Pipeline->Illuminate\\Pipeline\\{closure}()
#13 /home4/ygmarket/ygxone.com/yg-home/vendor/laravel/framework/src/Illuminate/Pipeline/Pipeline.php(209): Illuminate\\Routing\\Middleware\\SubstituteBindings->handle()
#14 /home4/ygmarket/ygxone.com/yg-home/vendor/laravel/framework/src/Illuminate/Foundation/Http/Middleware/VerifyCsrfToken.php(88): Illuminate\\Pipeline\\Pipeline->Illuminate\\Pipeline\\{closure}()
#15 /home4/ygmarket/ygxone.com/yg-home/vendor/laravel/framework/src/Illuminate/Pipeline/Pipeline.php(209): Illuminate\\Foundation\\Http\\Middleware\\VerifyCsrfToken->handle()
#16 /home4/ygmarket/ygxone.com/yg-home/vendor/laravel/framework/src/Illuminate/View/Middleware/ShareErrorsFromSession.php(49): Illuminate\\Pipeline\\Pipeline->Illuminate\\Pipeline\\{closure}()
#17 /home4/ygmarket/ygxone.com/yg-home/vendor/laravel/framework/src/Illuminate/Pipeline/Pipeline.php(209): Illuminate\\View\\Middleware\\ShareErrorsFromSession->handle()
#18 /home4/ygmarket/ygxone.com/yg-home/vendor/laravel/framework/src/Illuminate/Session/Middleware/StartSession.php(121): Illuminate\\Pipeline\\Pipeline->Illuminate\\Pipeline\\{closure}()
#19 /home4/ygmarket/ygxone.com/yg-home/vendor/laravel/framework/src/Illuminate/Session/Middleware/StartSession.php(64): Illuminate\\Session\\Middleware\\StartSession->handleStatefulRequest()
#20 /home4/ygmarket/ygxone.com/yg-home/vendor/laravel/framework/src/Illuminate/Pipeline/Pipeline.php(209): Illuminate\\Session\\Middleware\\StartSession->handle()
#21 /home4/ygmarket/ygxone.com/yg-home/vendor/laravel/framework/src/Illuminate/Cookie/Middleware/AddQueuedCookiesToResponse.php(37): Illuminate\\Pipeline\\Pipeline->Illuminate\\Pipeline\\{closure}()
#22 /home4/ygmarket/ygxone.com/yg-home/vendor/laravel/framework/src/Illuminate/Pipeline/Pipeline.php(209): Illuminate\\Cookie\\Middleware\\AddQueuedCookiesToResponse->handle()
#23 /home4/ygmarket/ygxone.com/yg-home/vendor/laravel/framework/src/Illuminate/Cookie/Middleware/EncryptCookies.php(75): Illuminate\\Pipeline\\Pipeline->Illuminate\\Pipeline\\{closure}()
#24 /home4/ygmarket/ygxone.com/yg-home/vendor/laravel/framework/src/Illuminate/Pipeline/Pipeline.php(209): Illuminate\\Cookie\\Middleware\\EncryptCookies->handle()
#25 /home4/ygmarket/ygxone.com/yg-home/vendor/laravel/framework/src/Illuminate/Pipeline/Pipeline.php(127): Illuminate\\Pipeline\\Pipeline->Illuminate\\Pipeline\\{closure}()
#26 /home4/ygmarket/ygxone.com/yg-home/vendor/laravel/framework/src/Illuminate/Routing/Router.php(807): Illuminate\\Pipeline\\Pipeline->then()
#27 /home4/ygmarket/ygxone.com/yg-home/vendor/laravel/framework/src/Illuminate/Routing/Router.php(786): Illuminate\\Routing\\Router->runRouteWithinStack()
#28 /home4/ygmarket/ygxone.com/yg-home/vendor/laravel/framework/src/Illuminate/Routing/Router.php(750): Illuminate\\Routing\\Router->runRoute()
#29 /home4/ygmarket/ygxone.com/yg-home/vendor/laravel/framework/src/Illuminate/Routing/Router.php(739): Illuminate\\Routing\\Router->dispatchToRoute()
#30 /home4/ygmarket/ygxone.com/yg-home/vendor/laravel/framework/src/Illuminate/Foundation/Http/Kernel.php(201): Illuminate\\Routing\\Router->dispatch()
#31 /home4/ygmarket/ygxone.com/yg-home/vendor/laravel/framework/src/Illuminate/Pipeline/Pipeline.php(170): Illuminate\\Foundation\\Http\\Kernel->Illuminate\\Foundation\\Http\\{closure}()
#32 /home4/ygmarket/ygxone.com/yg-home/app/Http/Middleware/RequestLogger.php(21): Illuminate\\Pipeline\\Pipeline->Illuminate\\Pipeline\\{closure}()
#33 /home4/ygmarket/ygxone.com/yg-home/vendor/laravel/framework/src/Illuminate/Pipeline/Pipeline.php(209): App\\Http\\Middleware\\RequestLogger->handle()
#34 /home4/ygmarket/ygxone.com/yg-home/vendor/laravel/framework/src/Illuminate/Foundation/Http/Middleware/TransformsRequest.php(21): Illuminate\\Pipeline\\Pipeline->Illuminate\\Pipeline\\{closure}()
#35 /home4/ygmarket/ygxone.com/yg-home/vendor/laravel/framework/src/Illuminate/Foundation/Http/Middleware/ConvertEmptyStringsToNull.php(31): Illuminate\\Foundation\\Http\\Middleware\\TransformsRequest->handle()
#36 /home4/ygmarket/ygxone.com/yg-home/vendor/laravel/framework/src/Illuminate/Pipeline/Pipeline.php(209): Illuminate\\Foundation\\Http\\Middleware\\ConvertEmptyStringsToNull->handle()
#37 /home4/ygmarket/ygxone.com/yg-home/vendor/laravel/framework/src/Illuminate/Foundation/Http/Middleware/TransformsRequest.php(21): Illuminate\\Pipeline\\Pipeline->Illuminate\\Pipeline\\{closure}()
#38 /home4/ygmarket/ygxone.com/yg-home/vendor/laravel/framework/src/Illuminate/Foundation/Http/Middleware/TrimStrings.php(51): Illuminate\\Foundation\\Http\\Middleware\\TransformsRequest->handle()
#39 /home4/ygmarket/ygxone.com/yg-home/vendor/laravel/framework/src/Illuminate/Pipeline/Pipeline.php(209): Illuminate\\Foundation\\Http\\Middleware\\TrimStrings->handle()
#40 /home4/ygmarket/ygxone.com/yg-home/vendor/laravel/framework/src/Illuminate/Http/Middleware/ValidatePostSize.php(27): Illuminate\\Pipeline\\Pipeline->Illuminate\\Pipeline\\{closure}()
#41 /home4/ygmarket/ygxone.com/yg-home/vendor/laravel/framework/src/Illuminate/Pipeline/Pipeline.php(209): Illuminate\\Http\\Middleware\\ValidatePostSize->handle()
#42 /home4/ygmarket/ygxone.com/yg-home/vendor/laravel/framework/src/Illuminate/Foundation/Http/Middleware/PreventRequestsDuringMaintenance.php(110): Illuminate\\Pipeline\\Pipeline->Illuminate\\Pipeline\\{closure}()
#43 /home4/ygmarket/ygxone.com/yg-home/vendor/laravel/framework/src/Illuminate/Pipeline/Pipeline.php(209): Illuminate\\Foundation\\Http\\Middleware\\PreventRequestsDuringMaintenance->handle()
#44 /home4/ygmarket/ygxone.com/yg-home/vendor/laravel/framework/src/Illuminate/Http/Middleware/HandleCors.php(49): Illuminate\\Pipeline\\Pipeline->Illuminate\\Pipeline\\{closure}()
#45 /home4/ygmarket/ygxone.com/yg-home/vendor/laravel/framework/src/Illuminate/Pipeline/Pipeline.php(209): Illuminate\\Http\\Middleware\\HandleCors->handle()
#46 /home4/ygmarket/ygxone.com/yg-home/vendor/laravel/framework/src/Illuminate/Http/Middleware/TrustProxies.php(58): Illuminate\\Pipeline\\Pipeline->Illuminate\\Pipeline\\{closure}()
#47 /home4/ygmarket/ygxone.com/yg-home/vendor/laravel/framework/src/Illuminate/Pipeline/Pipeline.php(209): Illuminate\\Http\\Middleware\\TrustProxies->handle()
#48 /home4/ygmarket/ygxone.com/yg-home/vendor/laravel/framework/src/Illuminate/Foundation/Http/Middleware/InvokeDeferredCallbacks.php(22): Illuminate\\Pipeline\\Pipeline->Illuminate\\Pipeline\\{closure}()
#49 /home4/ygmarket/ygxone.com/yg-home/vendor/laravel/framework/src/Illuminate/Pipeline/Pipeline.php(209): Illuminate\\Foundation\\Http\\Middleware\\InvokeDeferredCallbacks->handle()
#50 /home4/ygmarket/ygxone.com/yg-home/vendor/laravel/framework/src/Illuminate/Pipeline/Pipeline.php(127): Illuminate\\Pipeline\\Pipeline->Illuminate\\Pipeline\\{closure}()
#51 /home4/ygmarket/ygxone.com/yg-home/vendor/laravel/framework/src/Illuminate/Foundation/Http/Kernel.php(176): Illuminate\\Pipeline\\Pipeline->then()
#52 /home4/ygmarket/ygxone.com/yg-home/vendor/laravel/framework/src/Illuminate/Foundation/Http/Kernel.php(145): Illuminate\\Foundation\\Http\\Kernel->sendRequestThroughRouter()
#53 /home4/ygmarket/ygxone.com/yg-home/vendor/laravel/framework/src/Illuminate/Foundation/Application.php(1220): Illuminate\\Foundation\\Http\\Kernel->handle()
#54 /home4/ygmarket/ygxone.com/yg-home/public/index.php(17): Illuminate\\Foundation\\Application->handleRequest()
#55 {main}
"} 
[2026-05-10 03:34:14] local.INFO: Incoming Request {"url":"https://www.ygxone.com/search?q=Elon%20musk","method":"GET","ip":"145.40.133.115","user_agent":"Mozilla/5.0 (Windows NT 10.0; Win64; x64) AppleWebKit/537.36 (KHTML, like Gecko) Chrome/147.0.0.0 Safari/537.36 Edg/147.0.0.0"} 
[2026-05-10 03:34:23] local.INFO: Incoming Request {"url":"https://www.ygxone.com/search?q=Elon%20musk","method":"GET","ip":"145.40.133.115","user_agent":"Mozilla/5.0 (Windows NT 10.0; Win64; x64) AppleWebKit/537.36 (KHTML, like Gecko) Chrome/147.0.0.0 Safari/537.36 Edg/147.0.0.0"} 
[2026-05-10 03:36:28] local.INFO: Incoming Request {"url":"https://ygxone.com/wp-admin/install.php?step=1","method":"GET","ip":"172.68.10.114","user_agent":"http://ygxone.com/wp-admin/install.php?step=1"} 
[2026-05-10 03:43:27] local.INFO: Incoming Request {"url":"https://www.ygxone.com/search?q=Elon%20musk","method":"GET","ip":"145.40.133.115","user_agent":"Mozilla/5.0 (Windows NT 10.0; Win64; x64) AppleWebKit/537.36 (KHTML, like Gecko) Chrome/147.0.0.0 Safari/537.36 Edg/147.0.0.0"} 
[2026-05-10 03:43:29] local.ERROR: AI suggestions failed {"error":"cURL error 6: Could not resolve host: ai.ygxone.com (see https://curl.haxx.se/libcurl/c/libcurl-errors.html) for https://ai.ygxone.com/api/"} 
[2026-05-10 03:43:29] local.INFO: DDG Scraper started {"query":"Elon musk"} 
[2026-05-10 03:43:30] local.INFO: DDG Scraper response received {"html_length":22713} 
[2026-05-10 03:43:30] local.INFO: DDG Scraper matches found {"count":10} 
[2026-05-10 03:43:30] local.ERROR: Ecosystem search failed {"error":"Method Laravel\\Scout\\Builder::limit does not exist."} 
[2026-05-10 03:43:30] local.INFO: Search execution summary {"query":"Elon musk","web_count":10,"ecosystem_count":0,"total_meta":100} 
[2026-05-10 03:43:30] local.ERROR: AI answer generation failed {"error":"cURL error 6: Could not resolve host: ai.ygxone.com (see https://curl.haxx.se/libcurl/c/libcurl-errors.html) for https://ai.ygxone.com/api/"} 
[2026-05-10 03:43:30] local.ERROR: YugaLLM training failed {"error":"cURL error 6: Could not resolve host: ai.ygxone.com (see https://curl.haxx.se/libcurl/c/libcurl-errors.html) for https://ai.ygxone.com/api/"} 
[2026-05-10 03:45:30] local.INFO: Incoming Request {"url":"https://www.ygxone.com/search?q=Elon%20musk","method":"GET","ip":"145.40.133.115","user_agent":"Mozilla/5.0 (Windows NT 10.0; Win64; x64) AppleWebKit/537.36 (KHTML, like Gecko) Chrome/147.0.0.0 Safari/537.36 Edg/147.0.0.0"} 
[2026-05-10 03:47:06] local.INFO: Incoming Request {"url":"https://www.ygxone.com/search?q=Elon%20musk","method":"GET","ip":"145.40.133.115","user_agent":"Mozilla/5.0 (Windows NT 10.0; Win64; x64) AppleWebKit/537.36 (KHTML, like Gecko) Chrome/147.0.0.0 Safari/537.36 Edg/147.0.0.0"} 
[2026-05-10 03:48:00] local.INFO: Incoming Request {"url":"https://www.ygxone.com/search?q=Elon%20musk","method":"GET","ip":"145.40.133.115","user_agent":"Mozilla/5.0 (Windows NT 10.0; Win64; x64) AppleWebKit/537.36 (KHTML, like Gecko) Chrome/147.0.0.0 Safari/537.36 Edg/147.0.0.0"} 
[2026-05-10 03:49:03] local.INFO: Incoming Request {"url":"https://www.ygxone.com/search?q=Elon%20musk","method":"GET","ip":"145.40.133.115","user_agent":"Mozilla/5.0 (Windows NT 10.0; Win64; x64) AppleWebKit/537.36 (KHTML, like Gecko) Chrome/147.0.0.0 Safari/537.36 Edg/147.0.0.0"} 
[2026-05-10 03:49:03] local.ERROR: AI suggestions failed {"error":"cURL error 6: Could not resolve host: ai.ygxone.com (see https://curl.haxx.se/libcurl/c/libcurl-errors.html) for https://ai.ygxone.com/api/"} 
[2026-05-10 03:49:03] local.INFO: DDG Scraper started {"query":"Elon musk"} 
[2026-05-10 03:49:04] local.INFO: DDG Scraper response received {"html_length":22754} 
[2026-05-10 03:49:04] local.INFO: DDG Scraper matches found {"count":10} 
[2026-05-10 03:49:04] local.ERROR: Ecosystem search failed {"error":"Method Laravel\\Scout\\Builder::limit does not exist."} 
[2026-05-10 03:49:04] local.INFO: Search execution summary {"query":"Elon musk","web_count":10,"ecosystem_count":0,"total_meta":100} 
[2026-05-10 03:49:04] local.ERROR: AI answer generation failed {"error":"cURL error 6: Could not resolve host: ai.ygxone.com (see https://curl.haxx.se/libcurl/c/libcurl-errors.html) for https://ai.ygxone.com/api/"} 
[2026-05-10 03:49:04] local.ERROR: YugaLLM training failed {"error":"cURL error 6: Could not resolve host: ai.ygxone.com (see https://curl.haxx.se/libcurl/c/libcurl-errors.html) for https://ai.ygxone.com/api/"} 
[2026-05-10 03:51:11] local.INFO: Incoming Request {"url":"https://www.ygxone.com","method":"GET","ip":"145.40.133.115","user_agent":"Mozilla/5.0 (Windows NT 10.0; Win64; x64) AppleWebKit/537.36 (KHTML, like Gecko) Chrome/147.0.0.0 Safari/537.36 Edg/147.0.0.0"} 
[2026-05-10 03:51:18] local.INFO: Incoming Request {"url":"https://www.ygxone.com/search?q=ygxone","method":"GET","ip":"145.40.133.115","user_agent":"Mozilla/5.0 (Windows NT 10.0; Win64; x64) AppleWebKit/537.36 (KHTML, like Gecko) Chrome/147.0.0.0 Safari/537.36 Edg/147.0.0.0"} 
[2026-05-10 03:51:18] local.ERROR: AI suggestions failed {"error":"cURL error 6: Could not resolve host: ai.ygxone.com (see https://curl.haxx.se/libcurl/c/libcurl-errors.html) for https://ai.ygxone.com/api/"} 
[2026-05-10 03:51:18] local.INFO: DDG Scraper started {"query":"ygxone"} 
[2026-05-10 03:51:19] local.INFO: DDG Scraper response received {"html_length":21983} 
[2026-05-10 03:51:19] local.INFO: DDG Scraper matches found {"count":10} 
[2026-05-10 03:51:19] local.ERROR: Ecosystem search failed {"error":"Method Laravel\\Scout\\Builder::limit does not exist."} 
[2026-05-10 03:51:19] local.INFO: Search execution summary {"query":"ygxone","web_count":10,"ecosystem_count":0,"total_meta":100} 
[2026-05-10 03:51:19] local.ERROR: AI answer generation failed {"error":"cURL error 6: Could not resolve host: ai.ygxone.com (see https://curl.haxx.se/libcurl/c/libcurl-errors.html) for https://ai.ygxone.com/api/"} 
[2026-05-10 03:51:19] local.ERROR: YugaLLM training failed {"error":"cURL error 6: Could not resolve host: ai.ygxone.com (see https://curl.haxx.se/libcurl/c/libcurl-errors.html) for https://ai.ygxone.com/api/"} 
[2026-05-10 03:51:24] local.INFO: Incoming Request {"url":"https://www.ygxone.com/robots.txt","method":"GET","ip":"66.249.65.201","user_agent":"Mozilla/5.0 (compatible; Googlebot/2.1; +http://www.google.com/bot.html)"} 
[2026-05-10 03:51:32] local.INFO: Incoming Request {"url":"https://www.ygxone.com","method":"GET","ip":"66.249.65.202","user_agent":"Mozilla/5.0 (compatible; Googlebot/2.1; +http://www.google.com/bot.html)"} 
[2026-05-10 03:51:36] local.INFO: Incoming Request {"url":"https://www.ygxone.com","method":"GET","ip":"66.249.65.201","user_agent":"Mozilla/5.0 (Linux; Android 6.0.1; Nexus 5X Build/MMB29P) AppleWebKit/537.36 (KHTML, like Gecko) Chrome/99.0.4844.84 Mobile Safari/537.36 (compatible; Googlebot/2.1; +http://www.google.com/bot.html)"} 
[2026-05-10 03:51:40] local.INFO: Incoming Request {"url":"https://www.ygxone.com/favicon.ico","method":"GET","ip":"66.249.65.201","user_agent":"Googlebot-Image/1.0"} 
[2026-05-10 03:52:11] local.INFO: Incoming Request {"url":"https://www.ygxone.com","method":"GET","ip":"145.40.133.115","user_agent":"Mozilla/5.0 (Windows NT 10.0; Win64; x64) AppleWebKit/537.36 (KHTML, like Gecko) Chrome/147.0.0.0 Safari/537.36 Edg/147.0.0.0"} 
[2026-05-10 03:52:18] local.INFO: Incoming Request {"url":"https://www.ygxone.com/search?q=jeff%20bezos","method":"GET","ip":"145.40.133.115","user_agent":"Mozilla/5.0 (Windows NT 10.0; Win64; x64) AppleWebKit/537.36 (KHTML, like Gecko) Chrome/147.0.0.0 Safari/537.36 Edg/147.0.0.0"} 
[2026-05-10 03:52:19] local.ERROR: AI suggestions failed {"error":"cURL error 6: Could not resolve host: ai.ygxone.com (see https://curl.haxx.se/libcurl/c/libcurl-errors.html) for https://ai.ygxone.com/api/"} 
[2026-05-10 03:52:19] local.INFO: DDG Scraper started {"query":"jeff bezos"} 
[2026-05-10 03:52:20] local.INFO: DDG Scraper response received {"html_length":24613} 
[2026-05-10 03:52:20] local.INFO: DDG Scraper matches found {"count":10} 
[2026-05-10 03:52:20] local.ERROR: Ecosystem search failed {"error":"Method Laravel\\Scout\\Builder::limit does not exist."} 
[2026-05-10 03:52:20] local.INFO: Search execution summary {"query":"jeff bezos","web_count":10,"ecosystem_count":0,"total_meta":100} 
[2026-05-10 03:52:20] local.ERROR: AI answer generation failed {"error":"cURL error 6: Could not resolve host: ai.ygxone.com (see https://curl.haxx.se/libcurl/c/libcurl-errors.html) for https://ai.ygxone.com/api/"} 
[2026-05-10 03:52:20] local.ERROR: YugaLLM training failed {"error":"cURL error 6: Could not resolve host: ai.ygxone.com (see https://curl.haxx.se/libcurl/c/libcurl-errors.html) for https://ai.ygxone.com/api/"} 
[2026-05-10 03:53:20] local.INFO: Incoming Request {"url":"https://www.ygxone.com/search?q=jeff%20bezos","method":"GET","ip":"145.40.133.115","user_agent":"Mozilla/5.0 (Windows NT 10.0; Win64; x64) AppleWebKit/537.36 (KHTML, like Gecko) Chrome/147.0.0.0 Safari/537.36 Edg/147.0.0.0"} 
[2026-05-10 03:54:45] local.INFO: Incoming Request {"url":"https://www.ygxone.com/search?q=ygxone","method":"GET","ip":"145.40.133.115","user_agent":"Mozilla/5.0 (Windows NT 10.0; Win64; x64) AppleWebKit/537.36 (KHTML, like Gecko) Chrome/147.0.0.0 Safari/537.36 Edg/147.0.0.0"} 
[2026-05-10 03:54:47] local.INFO: Incoming Request {"url":"https://www.ygxone.com/search?q=ygxone&type=ai","method":"GET","ip":"145.40.133.115","user_agent":"Mozilla/5.0 (Windows NT 10.0; Win64; x64) AppleWebKit/537.36 (KHTML, like Gecko) Chrome/147.0.0.0 Safari/537.36 Edg/147.0.0.0"} 
[2026-05-10 03:54:49] local.INFO: Incoming Request {"url":"https://www.ygxone.com/search?q=ygxone&type=ai","method":"GET","ip":"145.40.133.115","user_agent":"Mozilla/5.0 (Windows NT 10.0; Win64; x64) AppleWebKit/537.36 (KHTML, like Gecko) Chrome/147.0.0.0 Safari/537.36 Edg/147.0.0.0"} 
[2026-05-10 03:54:51] local.INFO: Incoming Request {"url":"https://www.ygxone.com/search?q=ygxone&type=images","method":"GET","ip":"145.40.133.115","user_agent":"Mozilla/5.0 (Windows NT 10.0; Win64; x64) AppleWebKit/537.36 (KHTML, like Gecko) Chrome/147.0.0.0 Safari/537.36 Edg/147.0.0.0"} 
[2026-05-10 03:54:53] local.INFO: Incoming Request {"url":"https://www.ygxone.com/search?q=ygxone&type=news","method":"GET","ip":"145.40.133.115","user_agent":"Mozilla/5.0 (Windows NT 10.0; Win64; x64) AppleWebKit/537.36 (KHTML, like Gecko) Chrome/147.0.0.0 Safari/537.36 Edg/147.0.0.0"} 
[2026-05-10 03:54:54] local.INFO: Incoming Request {"url":"https://www.ygxone.com/search?q=ygxone&type=videos","method":"GET","ip":"145.40.133.115","user_agent":"Mozilla/5.0 (Windows NT 10.0; Win64; x64) AppleWebKit/537.36 (KHTML, like Gecko) Chrome/147.0.0.0 Safari/537.36 Edg/147.0.0.0"} 
[2026-05-10 03:54:56] local.INFO: Incoming Request {"url":"https://www.ygxone.com/search?q=ygxone&type=shopping","method":"GET","ip":"145.40.133.115","user_agent":"Mozilla/5.0 (Windows NT 10.0; Win64; x64) AppleWebKit/537.36 (KHTML, like Gecko) Chrome/147.0.0.0 Safari/537.36 Edg/147.0.0.0"} 
[2026-05-10 03:57:21] local.INFO: Incoming Request {"url":"https://www.ygxone.com/search?q=elon%20musk","method":"GET","ip":"145.40.133.115","user_agent":"Mozilla/5.0 (Windows NT 10.0; Win64; x64) AppleWebKit/537.36 (KHTML, like Gecko) Chrome/147.0.0.0 Safari/537.36 Edg/147.0.0.0"} 
[2026-05-10 03:57:21] local.ERROR: AI suggestions failed {"error":"cURL error 6: Could not resolve host: ai.ygxone.com (see https://curl.haxx.se/libcurl/c/libcurl-errors.html) for https://ai.ygxone.com/api/"} 
[2026-05-10 03:57:21] local.INFO: DDG Scraper started {"query":"elon musk"} 
[2026-05-10 03:57:22] local.INFO: DDG Scraper response received {"html_length":22672} 
[2026-05-10 03:57:22] local.INFO: DDG Scraper matches found {"count":10} 
[2026-05-10 03:57:22] local.ERROR: Ecosystem search failed {"error":"Method Laravel\\Scout\\Builder::limit does not exist."} 
[2026-05-10 03:57:22] local.INFO: Search execution summary {"query":"elon musk","web_count":0,"ecosystem_count":0,"total_meta":0} 
[2026-05-10 03:57:22] local.ERROR: AI answer generation failed {"error":"cURL error 6: Could not resolve host: ai.ygxone.com (see https://curl.haxx.se/libcurl/c/libcurl-errors.html) for https://ai.ygxone.com/api/"} 
[2026-05-10 03:57:22] local.ERROR: YugaLLM training failed {"error":"cURL error 6: Could not resolve host: ai.ygxone.com (see https://curl.haxx.se/libcurl/c/libcurl-errors.html) for https://ai.ygxone.com/api/"} 
[2026-05-10 03:57:29] local.INFO: Incoming Request {"url":"https://www.ygxone.com/search?q=Elon%20musk","method":"GET","ip":"145.40.133.115","user_agent":"Mozilla/5.0 (Windows NT 10.0; Win64; x64) AppleWebKit/537.36 (KHTML, like Gecko) Chrome/147.0.0.0 Safari/537.36 Edg/147.0.0.0"} 
[2026-05-10 03:57:29] local.ERROR: AI suggestions failed {"error":"cURL error 6: Could not resolve host: ai.ygxone.com (see https://curl.haxx.se/libcurl/c/libcurl-errors.html) for https://ai.ygxone.com/api/"} 
[2026-05-10 03:57:29] local.INFO: DDG Scraper started {"query":"Elon musk"} 
[2026-05-10 03:57:29] local.INFO: DDG Scraper response received {"html_length":14182} 
[2026-05-10 03:57:29] local.INFO: DDG Scraper matches found {"count":0} 
[2026-05-10 03:57:29] local.ERROR: Ecosystem search failed {"error":"Method Laravel\\Scout\\Builder::limit does not exist."} 
[2026-05-10 03:57:29] local.INFO: Search execution summary {"query":"Elon musk","web_count":0,"ecosystem_count":0,"total_meta":0} 
[2026-05-10 03:57:29] local.ERROR: AI answer generation failed {"error":"cURL error 6: Could not resolve host: ai.ygxone.com (see https://curl.haxx.se/libcurl/c/libcurl-errors.html) for https://ai.ygxone.com/api/"} 
[2026-05-10 03:57:29] local.ERROR: YugaLLM training failed {"error":"cURL error 6: Could not resolve host: ai.ygxone.com (see https://curl.haxx.se/libcurl/c/libcurl-errors.html) for https://ai.ygxone.com/api/"} 
[2026-05-10 03:57:37] local.INFO: Incoming Request {"url":"https://www.ygxone.com","method":"GET","ip":"145.40.133.115","user_agent":"Mozilla/5.0 (Windows NT 10.0; Win64; x64) AppleWebKit/537.36 (KHTML, like Gecko) Chrome/147.0.0.0 Safari/537.36 Edg/147.0.0.0"} 
[2026-05-10 03:57:46] local.INFO: Incoming Request {"url":"https://www.ygxone.com/search?q=elon%20musk","method":"GET","ip":"145.40.133.115","user_agent":"Mozilla/5.0 (Windows NT 10.0; Win64; x64) AppleWebKit/537.36 (KHTML, like Gecko) Chrome/147.0.0.0 Safari/537.36 Edg/147.0.0.0"} 
[2026-05-10 03:59:46] local.INFO: Incoming Request {"url":"https://www.ygxone.com","method":"GET","ip":"145.40.133.115","user_agent":"Mozilla/5.0 (Windows NT 10.0; Win64; x64) AppleWebKit/537.36 (KHTML, like Gecko) Chrome/147.0.0.0 Safari/537.36 Edg/147.0.0.0"} 
[2026-05-10 04:01:36] local.INFO: Incoming Request {"url":"https://www.ygxone.com/search?q=elon%20musk","method":"GET","ip":"145.40.133.115","user_agent":"Mozilla/5.0 (Windows NT 10.0; Win64; x64) AppleWebKit/537.36 (KHTML, like Gecko) Chrome/147.0.0.0 Safari/537.36 Edg/147.0.0.0"} 
[2026-05-10 04:01:42] local.INFO: Incoming Request {"url":"https://www.ygxone.com","method":"GET","ip":"145.40.133.115","user_agent":"Mozilla/5.0 (Windows NT 10.0; Win64; x64) AppleWebKit/537.36 (KHTML, like Gecko) Chrome/147.0.0.0 Safari/537.36 Edg/147.0.0.0"} 
[2026-05-10 04:01:44] local.INFO: Incoming Request {"url":"https://www.ygxone.com","method":"GET","ip":"145.40.133.115","user_agent":"Mozilla/5.0 (Windows NT 10.0; Win64; x64) AppleWebKit/537.36 (KHTML, like Gecko) Chrome/147.0.0.0 Safari/537.36 Edg/147.0.0.0"} 
[2026-05-10 04:01:50] local.INFO: Incoming Request {"url":"https://www.ygxone.com/search?q=elon%20musk","method":"GET","ip":"145.40.133.115","user_agent":"Mozilla/5.0 (Windows NT 10.0; Win64; x64) AppleWebKit/537.36 (KHTML, like Gecko) Chrome/147.0.0.0 Safari/537.36 Edg/147.0.0.0"} 
[2026-05-10 04:01:55] local.INFO: Incoming Request {"url":"https://www.ygxone.com/search?q=elon%20musk&type=images","method":"GET","ip":"145.40.133.115","user_agent":"Mozilla/5.0 (Windows NT 10.0; Win64; x64) AppleWebKit/537.36 (KHTML, like Gecko) Chrome/147.0.0.0 Safari/537.36 Edg/147.0.0.0"} 
[2026-05-10 04:01:58] local.INFO: Incoming Request {"url":"https://www.ygxone.com/search?q=elon%20musk&type=news","method":"GET","ip":"145.40.133.115","user_agent":"Mozilla/5.0 (Windows NT 10.0; Win64; x64) AppleWebKit/537.36 (KHTML, like Gecko) Chrome/147.0.0.0 Safari/537.36 Edg/147.0.0.0"} 
[2026-05-10 04:02:00] local.INFO: Incoming Request {"url":"https://www.ygxone.com/search?q=elon%20musk&type=videos","method":"GET","ip":"145.40.133.115","user_agent":"Mozilla/5.0 (Windows NT 10.0; Win64; x64) AppleWebKit/537.36 (KHTML, like Gecko) Chrome/147.0.0.0 Safari/537.36 Edg/147.0.0.0"} 
[2026-05-10 04:02:01] local.INFO: Incoming Request {"url":"https://www.ygxone.com/search?q=elon%20musk&type=shopping","method":"GET","ip":"145.40.133.115","user_agent":"Mozilla/5.0 (Windows NT 10.0; Win64; x64) AppleWebKit/537.36 (KHTML, like Gecko) Chrome/147.0.0.0 Safari/537.36 Edg/147.0.0.0"} 
[2026-05-10 04:02:12] local.INFO: Incoming Request {"url":"https://www.ygxone.com","method":"GET","ip":"145.40.133.115","user_agent":"Mozilla/5.0 (Windows NT 10.0; Win64; x64) AppleWebKit/537.36 (KHTML, like Gecko) Chrome/147.0.0.0 Safari/537.36 Edg/147.0.0.0"} 
[2026-05-10 04:02:18] local.INFO: Incoming Request {"url":"https://www.ygxone.com/search?q=jwffff%20zoa","method":"GET","ip":"145.40.133.115","user_agent":"Mozilla/5.0 (Windows NT 10.0; Win64; x64) AppleWebKit/537.36 (KHTML, like Gecko) Chrome/147.0.0.0 Safari/537.36 Edg/147.0.0.0"} 
[2026-05-10 04:02:18] local.ERROR: AI suggestions failed {"error":"cURL error 6: Could not resolve host: ai.ygxone.com (see https://curl.haxx.se/libcurl/c/libcurl-errors.html) for https://ai.ygxone.com/api/"} 
[2026-05-10 04:02:18] local.INFO: DDG Scraper matches found {"count":0} 
[2026-05-10 04:02:19] local.ERROR: Ecosystem search failed {"error":"Method Laravel\\Scout\\Builder::limit does not exist."} 
[2026-05-10 04:02:19] local.INFO: Search execution summary {"query":"jwffff zoa","web_count":0,"ecosystem_count":0,"total_meta":0} 
[2026-05-10 04:02:19] local.ERROR: AI answer generation failed {"error":"cURL error 6: Could not resolve host: ai.ygxone.com (see https://curl.haxx.se/libcurl/c/libcurl-errors.html) for https://ai.ygxone.com/api/"} 
[2026-05-10 04:02:19] local.ERROR: YugaLLM training failed {"error":"cURL error 6: Could not resolve host: ai.ygxone.com (see https://curl.haxx.se/libcurl/c/libcurl-errors.html) for https://ai.ygxone.com/api/"} 
[2026-05-10 04:02:35] local.INFO: Incoming Request {"url":"https://www.ygxone.com/search?q=jeff%20bezos","method":"GET","ip":"145.40.133.115","user_agent":"Mozilla/5.0 (Windows NT 10.0; Win64; x64) AppleWebKit/537.36 (KHTML, like Gecko) Chrome/147.0.0.0 Safari/537.36 Edg/147.0.0.0"} 
[2026-05-10 04:02:35] local.ERROR: AI suggestions failed {"error":"cURL error 6: Could not resolve host: ai.ygxone.com (see https://curl.haxx.se/libcurl/c/libcurl-errors.html) for https://ai.ygxone.com/api/"} 
[2026-05-10 04:02:35] local.INFO: DDG Scraper matches found {"count":0} 
[2026-05-10 04:02:35] local.ERROR: Ecosystem search failed {"error":"Method Laravel\\Scout\\Builder::limit does not exist."} 
[2026-05-10 04:02:35] local.INFO: Search execution summary {"query":"jeff bezos","web_count":0,"ecosystem_count":0,"total_meta":0} 
[2026-05-10 04:02:35] local.ERROR: AI answer generation failed {"error":"cURL error 6: Could not resolve host: ai.ygxone.com (see https://curl.haxx.se/libcurl/c/libcurl-errors.html) for https://ai.ygxone.com/api/"} 
[2026-05-10 04:02:35] local.ERROR: YugaLLM training failed {"error":"cURL error 6: Could not resolve host: ai.ygxone.com (see https://curl.haxx.se/libcurl/c/libcurl-errors.html) for https://ai.ygxone.com/api/"} 
[2026-05-10 04:02:53] local.INFO: Incoming Request {"url":"https://www.ygxone.com","method":"GET","ip":"145.40.133.115","user_agent":"Mozilla/5.0 (Windows NT 10.0; Win64; x64) AppleWebKit/537.36 (KHTML, like Gecko) Chrome/147.0.0.0 Safari/537.36 Edg/147.0.0.0"} 
[2026-05-10 04:04:17] local.ERROR: Command "tinker" is not defined. {"exception":"[object] (Symfony\\Component\\Console\\Exception\\CommandNotFoundException(code: 0): Command \"tinker\" is not defined. at /home4/ygmarket/ygxone.com/yg-home/vendor/symfony/console/Application.php:759)
[stacktrace]
#0 /home4/ygmarket/ygxone.com/yg-home/vendor/symfony/console/Application.php(298): Symfony\\Component\\Console\\Application->find()
#1 /home4/ygmarket/ygxone.com/yg-home/vendor/symfony/console/Application.php(195): Symfony\\Component\\Console\\Application->doRun()
#2 /home4/ygmarket/ygxone.com/yg-home/vendor/laravel/framework/src/Illuminate/Foundation/Console/Kernel.php(198): Symfony\\Component\\Console\\Application->run()
#3 /home4/ygmarket/ygxone.com/yg-home/artisan(24): Illuminate\\Foundation\\Console\\Kernel->handle()
#4 {main}
"} 
[2026-05-10 04:05:33] local.INFO: Incoming Request {"url":"https://www.ygxone.com/search?q=bill%20gates","method":"GET","ip":"145.40.133.115","user_agent":"Mozilla/5.0 (Windows NT 10.0; Win64; x64) AppleWebKit/537.36 (KHTML, like Gecko) Chrome/147.0.0.0 Safari/537.36 Edg/147.0.0.0"} 
[2026-05-10 04:05:34] local.ERROR: AI suggestions failed {"error":"cURL error 6: Could not resolve host: ai.ygxone.com (see https://curl.haxx.se/libcurl/c/libcurl-errors.html) for https://ai.ygxone.com/api/"} 
[2026-05-10 04:05:34] local.INFO: DDG Scraper HTML received {"length":14172} 
[2026-05-10 04:05:34] local.WARNING: DDG Scraper: No primary matches, trying fallback regex  
[2026-05-10 04:05:34] local.ERROR: DDG Scraper: All regex failed to match HTML  
[2026-05-10 04:05:34] local.INFO: DDG Scraper simple link check {"count":0} 
[2026-05-10 04:05:34] local.INFO: DDG Scraper final matches count {"count":0} 
[2026-05-10 04:05:35] local.ERROR: Wikipedia search failed {"error":"Client error: `GET https://en.wikipedia.org/w/api.php?action=query&list=search&srsearch=bill+gates&srlimit=5&format=json&origin=%2A` resulted in a `403 Forbidden` response:
Please set a user-agent and respect our robot policy https://w.wiki/4wJS. See also https://phabricator.wikimedia.org/T40 (truncated...)
"} 
[2026-05-10 04:05:35] local.ERROR: Ecosystem search failed {"error":"Method Laravel\\Scout\\Builder::limit does not exist."} 
[2026-05-10 04:05:35] local.INFO: Search execution summary {"query":"bill gates","web_count":0,"ecosystem_count":0,"total_meta":0} 
[2026-05-10 04:05:35] local.ERROR: AI answer generation failed {"error":"cURL error 6: Could not resolve host: ai.ygxone.com (see https://curl.haxx.se/libcurl/c/libcurl-errors.html) for https://ai.ygxone.com/api/"} 
[2026-05-10 04:05:35] local.ERROR: YugaLLM training failed {"error":"cURL error 6: Could not resolve host: ai.ygxone.com (see https://curl.haxx.se/libcurl/c/libcurl-errors.html) for https://ai.ygxone.com/api/"} 
[2026-05-10 04:05:38] local.INFO: Incoming Request {"url":"https://www.ygxone.com","method":"GET","ip":"145.40.133.115","user_agent":"Mozilla/5.0 (Windows NT 10.0; Win64; x64) AppleWebKit/537.36 (KHTML, like Gecko) Chrome/147.0.0.0 Safari/537.36 Edg/147.0.0.0"} 
[2026-05-10 04:05:40] local.INFO: Incoming Request {"url":"https://www.ygxone.com","method":"GET","ip":"145.40.133.115","user_agent":"Mozilla/5.0 (Windows NT 10.0; Win64; x64) AppleWebKit/537.36 (KHTML, like Gecko) Chrome/147.0.0.0 Safari/537.36 Edg/147.0.0.0"} 
[2026-05-10 04:05:41] local.INFO: Incoming Request {"url":"https://www.ygxone.com","method":"GET","ip":"145.40.133.115","user_agent":"Mozilla/5.0 (Windows NT 10.0; Win64; x64) AppleWebKit/537.36 (KHTML, like Gecko) Chrome/147.0.0.0 Safari/537.36 Edg/147.0.0.0"} 
[2026-05-10 04:05:42] local.INFO: Incoming Request {"url":"https://www.ygxone.com","method":"GET","ip":"145.40.133.115","user_agent":"Mozilla/5.0 (Windows NT 10.0; Win64; x64) AppleWebKit/537.36 (KHTML, like Gecko) Chrome/147.0.0.0 Safari/537.36 Edg/147.0.0.0"} 
[2026-05-10 04:05:53] local.INFO: Incoming Request {"url":"https://www.ygxone.com/search?q=bill%20gates","method":"GET","ip":"145.40.133.115","user_agent":"Mozilla/5.0 (Windows NT 10.0; Win64; x64) AppleWebKit/537.36 (KHTML, like Gecko) Chrome/147.0.0.0 Safari/537.36 Edg/147.0.0.0"} 
[2026-05-10 04:06:07] local.INFO: Incoming Request {"url":"https://ygxone.com","method":"GET","ip":"145.40.133.115","user_agent":"Mozilla/5.0 (Windows NT 10.0; Win64; x64) AppleWebKit/537.36 (KHTML, like Gecko) Chrome/147.0.0.0 Safari/537.36"} 
[2026-05-10 04:06:08] local.INFO: Incoming Request {"url":"https://ygxone.com/favicon.ico","method":"GET","ip":"145.40.133.115","user_agent":"Mozilla/5.0 (Windows NT 10.0; Win64; x64) AppleWebKit/537.36 (KHTML, like Gecko) Chrome/147.0.0.0 Safari/537.36"} 
[2026-05-10 04:06:17] local.INFO: Incoming Request {"url":"https://ygxone.com/search?q=bill%20gates","method":"GET","ip":"145.40.133.115","user_agent":"Mozilla/5.0 (Windows NT 10.0; Win64; x64) AppleWebKit/537.36 (KHTML, like Gecko) Chrome/147.0.0.0 Safari/537.36"} 
[2026-05-10 04:06:59] local.INFO: Incoming Request {"url":"https://www.ygxone.com","method":"GET","ip":"1.15.52.154","user_agent":"Mozilla/5.0 (iPhone; CPU iPhone OS 13_2_3 like Mac OS X) AppleWebKit/605.1.15 (KHTML, like Gecko) Version/13.0.3 Mobile/15E148 Safari/604.1"} 
[2026-05-10 04:10:36] local.INFO: Incoming Request {"url":"https://www.ygxone.com","method":"GET","ip":"145.40.133.115","user_agent":"Mozilla/5.0 (Windows NT 10.0; Win64; x64) AppleWebKit/537.36 (KHTML, like Gecko) Chrome/147.0.0.0 Safari/537.36 Edg/147.0.0.0"} 
[2026-05-10 04:10:50] local.INFO: Incoming Request {"url":"https://www.ygxone.com/search?q=how%20to%20make%20rice%20pudding","method":"GET","ip":"145.40.133.115","user_agent":"Mozilla/5.0 (Windows NT 10.0; Win64; x64) AppleWebKit/537.36 (KHTML, like Gecko) Chrome/147.0.0.0 Safari/537.36 Edg/147.0.0.0"} 
[2026-05-10 04:10:51] local.ERROR: AI suggestions failed {"error":"cURL error 6: Could not resolve host: ai.ygxone.com (see https://curl.haxx.se/libcurl/c/libcurl-errors.html) for https://ai.ygxone.com/api/"} 
[2026-05-10 04:10:51] local.INFO: DDG Scraper HTML received {"length":14193} 
[2026-05-10 04:10:51] local.WARNING: DDG Scraper: No primary matches, trying fallback regex  
[2026-05-10 04:10:51] local.ERROR: DDG Scraper: All regex failed to match HTML  
[2026-05-10 04:10:51] local.INFO: DDG Scraper simple link check {"count":0} 
[2026-05-10 04:10:51] local.INFO: DDG Scraper final matches count {"count":0} 
[2026-05-10 04:10:52] local.INFO: Wikipedia API response received {"count":5} 
[2026-05-10 04:10:52] local.ERROR: Ecosystem search failed {"error":"Method Laravel\\Scout\\Builder::limit does not exist."} 
[2026-05-10 04:10:52] local.INFO: Search execution summary {"query":"how to make rice pudding","web_count":5,"ecosystem_count":0,"total_meta":100} 
[2026-05-10 04:10:52] local.ERROR: AI answer generation failed {"error":"cURL error 6: Could not resolve host: ai.ygxone.com (see https://curl.haxx.se/libcurl/c/libcurl-errors.html) for https://ai.ygxone.com/api/"} 
[2026-05-10 04:10:52] local.ERROR: YugaLLM training failed {"error":"cURL error 6: Could not resolve host: ai.ygxone.com (see https://curl.haxx.se/libcurl/c/libcurl-errors.html) for https://ai.ygxone.com/api/"} 
[2026-05-10 04:11:00] local.INFO: Incoming Request {"url":"https://www.ygxone.com/search?q=how%20to%20make%20rice%20pudding&type=ai","method":"GET","ip":"145.40.133.115","user_agent":"Mozilla/5.0 (Windows NT 10.0; Win64; x64) AppleWebKit/537.36 (KHTML, like Gecko) Chrome/147.0.0.0 Safari/537.36 Edg/147.0.0.0"} 
[2026-05-10 04:11:03] local.INFO: Incoming Request {"url":"https://www.ygxone.com/search?q=how%20to%20make%20rice%20pudding&type=images","method":"GET","ip":"145.40.133.115","user_agent":"Mozilla/5.0 (Windows NT 10.0; Win64; x64) AppleWebKit/537.36 (KHTML, like Gecko) Chrome/147.0.0.0 Safari/537.36 Edg/147.0.0.0"} 
[2026-05-10 04:11:06] local.INFO: Incoming Request {"url":"https://www.ygxone.com/search?q=how%20to%20make%20rice%20pudding&type=news","method":"GET","ip":"145.40.133.115","user_agent":"Mozilla/5.0 (Windows NT 10.0; Win64; x64) AppleWebKit/537.36 (KHTML, like Gecko) Chrome/147.0.0.0 Safari/537.36 Edg/147.0.0.0"} 
[2026-05-10 04:11:07] local.INFO: Incoming Request {"url":"https://www.ygxone.com/search?q=how%20to%20make%20rice%20pudding&type=videos","method":"GET","ip":"145.40.133.115","user_agent":"Mozilla/5.0 (Windows NT 10.0; Win64; x64) AppleWebKit/537.36 (KHTML, like Gecko) Chrome/147.0.0.0 Safari/537.36 Edg/147.0.0.0"} 
[2026-05-10 04:11:08] local.INFO: Incoming Request {"url":"https://www.ygxone.com/search?q=how%20to%20make%20rice%20pudding&type=shopping","method":"GET","ip":"145.40.133.115","user_agent":"Mozilla/5.0 (Windows NT 10.0; Win64; x64) AppleWebKit/537.36 (KHTML, like Gecko) Chrome/147.0.0.0 Safari/537.36 Edg/147.0.0.0"} 
[2026-05-10 04:11:26] local.INFO: Incoming Request {"url":"https://www.ygxone.com/search?q=how%20to%20make%20rice%20pudding%20explained","method":"GET","ip":"145.40.133.115","user_agent":"Mozilla/5.0 (Windows NT 10.0; Win64; x64) AppleWebKit/537.36 (KHTML, like Gecko) Chrome/147.0.0.0 Safari/537.36 Edg/147.0.0.0"} 
[2026-05-10 04:11:26] local.ERROR: AI suggestions failed {"error":"cURL error 6: Could not resolve host: ai.ygxone.com (see https://curl.haxx.se/libcurl/c/libcurl-errors.html) for https://ai.ygxone.com/api/"} 
[2026-05-10 04:11:26] local.INFO: DDG Scraper HTML received {"length":14226} 
[2026-05-10 04:11:26] local.WARNING: DDG Scraper: No primary matches, trying fallback regex  
[2026-05-10 04:11:26] local.ERROR: DDG Scraper: All regex failed to match HTML  
[2026-05-10 04:11:26] local.INFO: DDG Scraper simple link check {"count":0} 
[2026-05-10 04:11:26] local.INFO: DDG Scraper final matches count {"count":0} 
[2026-05-10 04:11:27] local.INFO: Wikipedia API response received {"count":5} 
[2026-05-10 04:11:27] local.ERROR: Ecosystem search failed {"error":"Method Laravel\\Scout\\Builder::limit does not exist."} 
[2026-05-10 04:11:27] local.INFO: Search execution summary {"query":"how to make rice pudding explained","web_count":5,"ecosystem_count":0,"total_meta":100} 
[2026-05-10 04:11:27] local.ERROR: AI answer generation failed {"error":"cURL error 6: Could not resolve host: ai.ygxone.com (see https://curl.haxx.se/libcurl/c/libcurl-errors.html) for https://ai.ygxone.com/api/"} 
[2026-05-10 04:11:27] local.ERROR: YugaLLM training failed {"error":"cURL error 6: Could not resolve host: ai.ygxone.com (see https://curl.haxx.se/libcurl/c/libcurl-errors.html) for https://ai.ygxone.com/api/"} 
[2026-05-10 04:12:41] local.INFO: Incoming Request {"url":"https://www.ygxone.com","method":"GET","ip":"157.55.39.49","user_agent":"Mozilla/5.0 AppleWebKit/537.36 (KHTML, like Gecko; compatible; bingbot/2.0; +http://www.bing.com/bingbot.htm) Chrome/116.0.1938.76 Safari/537.36"} 
[2026-05-10 04:12:43] local.INFO: Incoming Request {"url":"https://www.ygxone.com","method":"GET","ip":"157.55.39.49","user_agent":"Mozilla/5.0 AppleWebKit/537.36 (KHTML, like Gecko; compatible; bingbot/2.0; +http://www.bing.com/bingbot.htm) Chrome/116.0.1938.76 Safari/537.36"} 
[2026-05-10 04:13:02] local.INFO: Incoming Request {"url":"https://www.ygxone.com/search?page=2&per_page=20&q=how%20to%20make%20rice%20pudding%20explained&type=all","method":"GET","ip":"145.40.133.115","user_agent":"Mozilla/5.0 (Windows NT 10.0; Win64; x64) AppleWebKit/537.36 (KHTML, like Gecko) Chrome/147.0.0.0 Safari/537.36 Edg/147.0.0.0"} 
[2026-05-10 04:13:02] local.ERROR: AI suggestions failed {"error":"cURL error 6: Could not resolve host: ai.ygxone.com (see https://curl.haxx.se/libcurl/c/libcurl-errors.html) for https://ai.ygxone.com/api/"} 
[2026-05-10 04:13:02] local.INFO: DDG Scraper HTML received {"length":14226} 
[2026-05-10 04:13:02] local.WARNING: DDG Scraper: No primary matches, trying fallback regex  
[2026-05-10 04:13:02] local.ERROR: DDG Scraper: All regex failed to match HTML  
[2026-05-10 04:13:02] local.INFO: DDG Scraper simple link check {"count":0} 
[2026-05-10 04:13:02] local.INFO: DDG Scraper final matches count {"count":0} 
[2026-05-10 04:13:03] local.INFO: Wikipedia API response received {"count":5} 
[2026-05-10 04:13:03] local.ERROR: Ecosystem search failed {"error":"Method Laravel\\Scout\\Builder::limit does not exist."} 
[2026-05-10 04:13:03] local.INFO: Search execution summary {"query":"how to make rice pudding explained","web_count":0,"ecosystem_count":0,"total_meta":100} 
[2026-05-10 04:13:03] local.ERROR: AI answer generation failed {"error":"cURL error 6: Could not resolve host: ai.ygxone.com (see https://curl.haxx.se/libcurl/c/libcurl-errors.html) for https://ai.ygxone.com/api/"} 
[2026-05-10 04:13:03] local.ERROR: YugaLLM training failed {"error":"cURL error 6: Could not resolve host: ai.ygxone.com (see https://curl.haxx.se/libcurl/c/libcurl-errors.html) for https://ai.ygxone.com/api/"} 
[2026-05-10 04:13:11] local.INFO: Incoming Request {"url":"https://www.ygxone.com/search?page=3&per_page=20&q=how%20to%20make%20rice%20pudding%20explained&type=all","method":"GET","ip":"145.40.133.115","user_agent":"Mozilla/5.0 (Windows NT 10.0; Win64; x64) AppleWebKit/537.36 (KHTML, like Gecko) Chrome/147.0.0.0 Safari/537.36 Edg/147.0.0.0"} 
[2026-05-10 04:13:11] local.ERROR: AI suggestions failed {"error":"cURL error 6: Could not resolve host: ai.ygxone.com (see https://curl.haxx.se/libcurl/c/libcurl-errors.html) for https://ai.ygxone.com/api/"} 
[2026-05-10 04:13:12] local.INFO: DDG Scraper HTML received {"length":14214} 
[2026-05-10 04:13:12] local.WARNING: DDG Scraper: No primary matches, trying fallback regex  
[2026-05-10 04:13:12] local.ERROR: DDG Scraper: All regex failed to match HTML  
[2026-05-10 04:13:12] local.INFO: DDG Scraper simple link check {"count":0} 
[2026-05-10 04:13:12] local.INFO: DDG Scraper final matches count {"count":0} 
[2026-05-10 04:13:13] local.INFO: Wikipedia API response received {"count":5} 
[2026-05-10 04:13:13] local.ERROR: Ecosystem search failed {"error":"Method Laravel\\Scout\\Builder::limit does not exist."} 
[2026-05-10 04:13:13] local.INFO: Search execution summary {"query":"how to make rice pudding explained","web_count":0,"ecosystem_count":0,"total_meta":100} 
[2026-05-10 04:13:13] local.ERROR: AI answer generation failed {"error":"cURL error 6: Could not resolve host: ai.ygxone.com (see https://curl.haxx.se/libcurl/c/libcurl-errors.html) for https://ai.ygxone.com/api/"} 
[2026-05-10 04:13:13] local.ERROR: YugaLLM training failed {"error":"cURL error 6: Could not resolve host: ai.ygxone.com (see https://curl.haxx.se/libcurl/c/libcurl-errors.html) for https://ai.ygxone.com/api/"} 
[2026-05-10 04:13:16] local.INFO: Incoming Request {"url":"https://www.ygxone.com/search?page=4&per_page=20&q=how%20to%20make%20rice%20pudding%20explained&type=all","method":"GET","ip":"145.40.133.115","user_agent":"Mozilla/5.0 (Windows NT 10.0; Win64; x64) AppleWebKit/537.36 (KHTML, like Gecko) Chrome/147.0.0.0 Safari/537.36 Edg/147.0.0.0"} 
[2026-05-10 04:13:16] local.ERROR: AI suggestions failed {"error":"cURL error 6: Could not resolve host: ai.ygxone.com (see https://curl.haxx.se/libcurl/c/libcurl-errors.html) for https://ai.ygxone.com/api/"} 
[2026-05-10 04:13:16] local.INFO: DDG Scraper HTML received {"length":14226} 
[2026-05-10 04:13:16] local.WARNING: DDG Scraper: No primary matches, trying fallback regex  
[2026-05-10 04:13:16] local.ERROR: DDG Scraper: All regex failed to match HTML  
[2026-05-10 04:13:17] local.INFO: DDG Scraper simple link check {"count":0} 
[2026-05-10 04:13:17] local.INFO: DDG Scraper final matches count {"count":0} 
[2026-05-10 04:13:18] local.INFO: Wikipedia API response received {"count":5} 
[2026-05-10 04:13:18] local.ERROR: Ecosystem search failed {"error":"Method Laravel\\Scout\\Builder::limit does not exist."} 
[2026-05-10 04:13:18] local.INFO: Search execution summary {"query":"how to make rice pudding explained","web_count":0,"ecosystem_count":0,"total_meta":100} 
[2026-05-10 04:13:18] local.ERROR: AI answer generation failed {"error":"cURL error 6: Could not resolve host: ai.ygxone.com (see https://curl.haxx.se/libcurl/c/libcurl-errors.html) for https://ai.ygxone.com/api/"} 
[2026-05-10 04:13:18] local.ERROR: YugaLLM training failed {"error":"cURL error 6: Could not resolve host: ai.ygxone.com (see https://curl.haxx.se/libcurl/c/libcurl-errors.html) for https://ai.ygxone.com/api/"} 
[2026-05-10 04:14:30] local.INFO: Incoming Request {"url":"https://www.ygxone.com/yg-ai/api","method":"HEAD","ip":"45.115.219.189","user_agent":"curl/7.76.1"} 
[2026-05-10 04:14:30] local.INFO: Incoming Request {"url":"https://ygxone.com/search","method":"GET","ip":"101.33.81.73","user_agent":"Mozilla/5.0 (iPhone; CPU iPhone OS 13_2_3 like Mac OS X) AppleWebKit/605.1.15 (KHTML, like Gecko) Version/13.0.3 Mobile/15E148 Safari/604.1"} 
[2026-05-10 04:37:07] local.INFO: Incoming Request {"url":"https://www.ygxone.com","method":"GET","ip":"170.106.37.134","user_agent":"Mozilla/5.0 (iPhone; CPU iPhone OS 13_2_3 like Mac OS X) AppleWebKit/605.1.15 (KHTML, like Gecko) Version/13.0.3 Mobile/15E148 Safari/604.1"} 
[2026-05-10 04:44:38] local.INFO: Incoming Request {"url":"https://ygxone.com/wp-admin/install.php?step=1","method":"GET","ip":"104.22.56.246","user_agent":"http://ygxone.com/wp-admin/install.php?step=1"} 
[2026-05-10 04:52:23] local.INFO: Incoming Request {"url":"https://www.ygxone.com/search?q=how%20to%20make%20rice%20pudding%20explained&type=ai","method":"GET","ip":"145.40.133.115","user_agent":"Mozilla/5.0 (Windows NT 10.0; Win64; x64) AppleWebKit/537.36 (KHTML, like Gecko) Chrome/147.0.0.0 Safari/537.36 Edg/147.0.0.0"} 
[2026-05-10 04:52:23] local.ERROR: AI suggestions failed {"error":"cURL error 6: Could not resolve host: ai.ygxone.com (see https://curl.haxx.se/libcurl/c/libcurl-errors.html) for https://ai.ygxone.com/api/"} 
[2026-05-10 04:52:24] local.INFO: DDG Scraper HTML received {"length":14214} 
[2026-05-10 04:52:24] local.WARNING: DDG Scraper: No primary matches, trying fallback regex  
[2026-05-10 04:52:24] local.ERROR: DDG Scraper: All regex failed to match HTML  
[2026-05-10 04:52:24] local.INFO: DDG Scraper simple link check {"count":0} 
[2026-05-10 04:52:24] local.INFO: DDG Scraper final matches count {"count":0} 
[2026-05-10 04:52:25] local.INFO: Wikipedia API response received {"count":5} 
[2026-05-10 04:52:26] local.ERROR: Ecosystem search failed {"error":"SQLSTATE[HY000] [14] unable to open database file"} 
[2026-05-10 04:52:26] local.INFO: Search execution summary {"query":"how to make rice pudding explained","web_count":5,"ecosystem_count":0,"total_meta":100} 
[2026-05-10 04:52:26] local.ERROR: AI answer generation failed {"error":"cURL error 6: Could not resolve host: ai.ygxone.com (see https://curl.haxx.se/libcurl/c/libcurl-errors.html) for https://ai.ygxone.com/api/"} 
[2026-05-10 04:52:26] local.ERROR: YugaLLM training failed {"error":"cURL error 6: Could not resolve host: ai.ygxone.com (see https://curl.haxx.se/libcurl/c/libcurl-errors.html) for https://ai.ygxone.com/api/"} 
[2026-05-10 04:55:21] local.INFO: Incoming Request {"url":"https://www.ygxone.com","method":"GET","ip":"145.40.133.115","user_agent":"Mozilla/5.0 (Windows NT 10.0; Win64; x64) AppleWebKit/537.36 (KHTML, like Gecko) Chrome/147.0.0.0 Safari/537.36 Edg/147.0.0.0"} 
[2026-05-10 04:55:36] local.INFO: Incoming Request {"url":"https://www.ygxone.com/search?q=Lord%20Rama","method":"GET","ip":"145.40.133.115","user_agent":"Mozilla/5.0 (Windows NT 10.0; Win64; x64) AppleWebKit/537.36 (KHTML, like Gecko) Chrome/147.0.0.0 Safari/537.36 Edg/147.0.0.0"} 
[2026-05-10 04:55:36] local.INFO: DDG Scraper HTML received {"length":14170} 
[2026-05-10 04:55:36] local.WARNING: DDG Scraper: No primary matches, trying fallback regex  
[2026-05-10 04:55:36] local.ERROR: DDG Scraper: All regex failed to match HTML  
[2026-05-10 04:55:36] local.INFO: DDG Scraper simple link check {"count":0} 
[2026-05-10 04:55:36] local.INFO: DDG Scraper final matches count {"count":0} 
[2026-05-10 04:55:37] local.INFO: Wikipedia API response received {"count":5} 
[2026-05-10 04:55:37] local.ERROR: Ecosystem search failed {"error":"SQLSTATE[HY000] [14] unable to open database file"} 
[2026-05-10 04:55:37] local.INFO: Search execution summary {"query":"Lord Rama","web_count":5,"ecosystem_count":0,"total_meta":100} 
[2026-05-10 04:55:43] local.INFO: Incoming Request {"url":"https://www.ygxone.com/search?q=Lord%20Rama&type=ai","method":"GET","ip":"145.40.133.115","user_agent":"Mozilla/5.0 (Windows NT 10.0; Win64; x64) AppleWebKit/537.36 (KHTML, like Gecko) Chrome/147.0.0.0 Safari/537.36 Edg/147.0.0.0"} 
[2026-05-10 04:57:28] local.INFO: Incoming Request {"url":"https://ygxone.com","method":"GET","ip":"23.234.86.65","user_agent":"Mozilla/5.0 (Macintosh; Intel Mac OS X 10_15_7) AppleWebKit/537.36 (KHTML, like Gecko) Chrome/146.0.0.0 Safari/537.36"} 
[2026-05-10 04:57:28] local.INFO: Incoming Request {"url":"https://ygxone.com/favicon.ico","method":"GET","ip":"23.234.86.65","user_agent":"Mozilla/5.0 (Macintosh; Intel Mac OS X 10_15_7) AppleWebKit/537.36 (KHTML, like Gecko) Chrome/146.0.0.0 Safari/537.36"} 
[2026-05-10 05:56:56] local.INFO: Incoming Request {"url":"https://ygxone.com/wp-admin/install.php?step=1","method":"GET","ip":"172.71.184.103","user_agent":"http://ygxone.com/wp-admin/install.php?step=1"} 
[2026-05-10 06:04:54] local.INFO: Incoming Request {"url":"https://www.ygxone.com","method":"GET","ip":"66.249.65.201","user_agent":"Mozilla/5.0 (Linux; Android 6.0.1; Nexus 5X Build/MMB29P) AppleWebKit/537.36 (KHTML, like Gecko) Chrome/147.0.7727.137 Mobile Safari/537.36 (compatible; Googlebot/2.1; +http://www.google.com/bot.html)"} 
[2026-05-10 06:05:12] local.INFO: Incoming Request {"url":"https://www.ygxone.com/robots.txt","method":"GET","ip":"66.249.65.201","user_agent":"Mozilla/5.0 (compatible; Googlebot/2.1; +http://www.google.com/bot.html)"} 
[2026-05-10 06:05:13] local.INFO: Incoming Request {"url":"https://www.ygxone.com","method":"GET","ip":"66.249.65.201","user_agent":"Mozilla/5.0 (Linux; Android 6.0.1; Nexus 5X Build/MMB29P) AppleWebKit/537.36 (KHTML, like Gecko) Chrome/99.0.4844.84 Mobile Safari/537.36 (compatible; Googlebot/2.1; +http://www.google.com/bot.html)"} 
[2026-05-10 06:05:16] local.INFO: Incoming Request {"url":"https://www.ygxone.com","method":"GET","ip":"66.249.65.202","user_agent":"Mozilla/5.0 (compatible; Googlebot/2.1; +http://www.google.com/bot.html)"} 
[2026-05-10 07:11:20] local.INFO: Incoming Request {"url":"https://ygxone.com/wp-admin/install.php?step=1","method":"GET","ip":"104.23.223.108","user_agent":"http://ygxone.com/wp-admin/install.php?step=1"} 
[2026-05-10 07:43:42] local.INFO: Incoming Request {"url":"https://ygxone.com/.well-known/security.txt","method":"GET","ip":"91.231.89.22","user_agent":"Mozilla/5.0 (X11; Ubuntu; Linux x86_64; rv:134.0) Gecko/20100101 Firefox/134.0"} 
[2026-05-10 07:58:22] local.INFO: Incoming Request {"url":"https://ygxone.com","method":"GET","ip":"43.133.36.219","user_agent":"Mozilla/5.0 (iPhone; CPU iPhone OS 13_2_3 like Mac OS X) AppleWebKit/605.1.15 (KHTML, like Gecko) Version/13.0.3 Mobile/15E148 Safari/604.1"} 
[2026-05-10 08:09:06] local.INFO: Incoming Request {"url":"https://ygxone.com/search","method":"GET","ip":"43.163.85.226","user_agent":"Mozilla/5.0 (iPhone; CPU iPhone OS 13_2_3 like Mac OS X) AppleWebKit/605.1.15 (KHTML, like Gecko) Version/13.0.3 Mobile/15E148 Safari/604.1"} 
[2026-05-10 08:10:36] local.INFO: Incoming Request {"url":"https://www.ygxone.com/robots.txt","method":"GET","ip":"40.77.167.93","user_agent":"Mozilla/5.0 AppleWebKit/537.36 (KHTML, like Gecko; compatible; bingbot/2.0; +http://www.bing.com/bingbot.htm) Chrome/116.0.1938.76 Safari/537.36"} 
[2026-05-10 08:13:55] local.INFO: Incoming Request {"url":"https://ygxone.com","method":"GET","ip":"147.182.177.219","user_agent":"Mozilla/5.0 (X11; Linux x86_64) AppleWebKit/537.36 (KHTML, like Gecko) Chrome/142.0.0.0 Safari/537.36"} 
[2026-05-10 08:14:04] local.INFO: Incoming Request {"url":"https://ygxone.com/favicon.ico","method":"GET","ip":"147.182.177.219","user_agent":"Mozilla/5.0 (X11; Linux x86_64) AppleWebKit/537.36 (KHTML, like Gecko) Chrome/142.0.0.0 Safari/537.36"} 
[2026-05-10 08:19:46] local.INFO: Incoming Request {"url":"https://ygxone.com/wp-admin/install.php?step=1","method":"GET","ip":"104.23.223.108","user_agent":"http://ygxone.com/wp-admin/install.php?step=1"} 
[2026-05-10 08:38:30] local.INFO: Incoming Request {"url":"https://ygxone.com","method":"GET","ip":"128.90.0.23","user_agent":"req/v3 (https://github.com/imroc/req)"} 
[2026-05-10 08:50:45] local.INFO: Incoming Request {"url":"https://ygxone.com/robots.txt","method":"GET","ip":"216.73.216.238","user_agent":"Mozilla/5.0 AppleWebKit/537.36 (KHTML, like Gecko; compatible; ClaudeBot/1.0; +claudebot@anthropic.com)"} 
[2026-05-10 08:50:46] local.INFO: Incoming Request {"url":"https://ygxone.com/terms","method":"GET","ip":"216.73.216.238","user_agent":"Mozilla/5.0 AppleWebKit/537.36 (KHTML, like Gecko; compatible; ClaudeBot/1.0; +claudebot@anthropic.com)"} 
[2026-05-10 09:21:11] local.INFO: Incoming Request {"url":"https://ygxone.com/robots.txt","method":"GET","ip":"74.7.228.43","user_agent":"Mozilla/5.0 (Macintosh; Intel Mac OS X 10_15_7) AppleWebKit/537.36 (KHTML, like Gecko) Chrome/131.0.0.0 Safari/537.36; compatible; OAI-SearchBot/1.3; robots.txt; +https://openai.com/searchbot"} 
[2026-05-10 09:27:18] local.INFO: Incoming Request {"url":"https://ygxone.com/wp-admin/install.php?step=1","method":"GET","ip":"104.23.221.52","user_agent":"http://ygxone.com/wp-admin/install.php?step=1"} 
[2026-05-10 09:31:47] local.INFO: Incoming Request {"url":"https://ygxone.com/wp-admin/install.php?step=1","method":"GET","ip":"104.23.217.145","user_agent":"http://ygxone.com/wp-admin/install.php?step=1"} 
[2026-05-10 10:05:25] local.INFO: Incoming Request {"url":"https://www.ygxone.com","method":"GET","ip":"145.40.133.115","user_agent":"Mozilla/5.0 (Windows NT 10.0; Win64; x64) AppleWebKit/537.36 (KHTML, like Gecko) Chrome/147.0.0.0 Safari/537.36 Edg/147.0.0.0"} 
[2026-05-10 10:05:26] local.INFO: Incoming Request {"url":"https://ygxone.com","method":"GET","ip":"43.158.91.71","user_agent":"Mozilla/5.0 (iPhone; CPU iPhone OS 13_2_3 like Mac OS X) AppleWebKit/605.1.15 (KHTML, like Gecko) Version/13.0.3 Mobile/15E148 Safari/604.1"} 
[2026-05-10 10:06:00] local.INFO: Incoming Request {"url":"https://www.ygxone.com/search?q=how%20to%20make%20stire%20fry%20prawn","method":"GET","ip":"145.40.133.115","user_agent":"Mozilla/5.0 (Windows NT 10.0; Win64; x64) AppleWebKit/537.36 (KHTML, like Gecko) Chrome/147.0.0.0 Safari/537.36 Edg/147.0.0.0"} 
[2026-05-10 10:06:01] local.INFO: DDG Scraper HTML received {"length":24633} 
[2026-05-10 10:06:01] local.WARNING: DDG Scraper: No primary matches, trying fallback regex  
[2026-05-10 10:06:01] local.INFO: DDG Scraper final matches count {"count":10} 
[2026-05-10 10:06:02] local.INFO: Wikipedia API response received {"count":0} 
[2026-05-10 10:06:02] local.ERROR: Ecosystem search failed {"error":"SQLSTATE[HY000] [14] unable to open database file"} 
[2026-05-10 10:06:02] local.INFO: Search execution summary {"query":"how to make stire fry prawn","web_count":0,"ecosystem_count":0,"total_meta":0} 
[2026-05-10 10:06:17] local.INFO: Incoming Request {"url":"https://www.ygxone.com/search?q=Hindu%20god%20Ram","method":"GET","ip":"145.40.133.115","user_agent":"Mozilla/5.0 (Windows NT 10.0; Win64; x64) AppleWebKit/537.36 (KHTML, like Gecko) Chrome/147.0.0.0 Safari/537.36 Edg/147.0.0.0"} 
[2026-05-10 10:06:18] local.INFO: DDG Scraper HTML received {"length":24580} 
[2026-05-10 10:06:18] local.WARNING: DDG Scraper: No primary matches, trying fallback regex  
[2026-05-10 10:06:18] local.INFO: DDG Scraper final matches count {"count":10} 
[2026-05-10 10:06:19] local.INFO: Wikipedia API response received {"count":5} 
[2026-05-10 10:06:19] local.ERROR: Ecosystem search failed {"error":"SQLSTATE[HY000] [14] unable to open database file"} 
[2026-05-10 10:06:19] local.INFO: Search execution summary {"query":"Hindu god Ram","web_count":5,"ecosystem_count":0,"total_meta":100} 
[2026-05-10 10:06:33] local.INFO: Incoming Request {"url":"https://www.ygxone.com/search?q=Hindu%20god%20Ram&type=ai","method":"GET","ip":"145.40.133.115","user_agent":"Mozilla/5.0 (Windows NT 10.0; Win64; x64) AppleWebKit/537.36 (KHTML, like Gecko) Chrome/147.0.0.0 Safari/537.36 Edg/147.0.0.0"} 
[2026-05-10 10:06:37] local.INFO: Incoming Request {"url":"https://www.ygxone.com/search?q=Hindu%20god%20Ram&type=images","method":"GET","ip":"145.40.133.115","user_agent":"Mozilla/5.0 (Windows NT 10.0; Win64; x64) AppleWebKit/537.36 (KHTML, like Gecko) Chrome/147.0.0.0 Safari/537.36 Edg/147.0.0.0"} 
[2026-05-10 10:06:39] local.INFO: Incoming Request {"url":"https://www.ygxone.com/search?q=Hindu%20god%20Ram&type=news","method":"GET","ip":"145.40.133.115","user_agent":"Mozilla/5.0 (Windows NT 10.0; Win64; x64) AppleWebKit/537.36 (KHTML, like Gecko) Chrome/147.0.0.0 Safari/537.36 Edg/147.0.0.0"} 
[2026-05-10 10:06:40] local.INFO: Incoming Request {"url":"https://www.ygxone.com/search?q=Hindu%20god%20Ram&type=videos","method":"GET","ip":"145.40.133.115","user_agent":"Mozilla/5.0 (Windows NT 10.0; Win64; x64) AppleWebKit/537.36 (KHTML, like Gecko) Chrome/147.0.0.0 Safari/537.36 Edg/147.0.0.0"} 
[2026-05-10 10:06:40] local.INFO: Incoming Request {"url":"https://www.ygxone.com/search?q=Hindu%20god%20Ram&type=shopping","method":"GET","ip":"145.40.133.115","user_agent":"Mozilla/5.0 (Windows NT 10.0; Win64; x64) AppleWebKit/537.36 (KHTML, like Gecko) Chrome/147.0.0.0 Safari/537.36 Edg/147.0.0.0"} 
[2026-05-10 10:30:26] local.INFO: Incoming Request {"url":"https://ygxone.com/wp-admin/install.php?step=1","method":"GET","ip":"104.23.221.53","user_agent":"http://ygxone.com/wp-admin/install.php?step=1"} 
[2026-05-10 11:13:26] local.INFO: Incoming Request {"url":"https://www.ygxone.com","method":"GET","ip":"43.133.220.37","user_agent":"Mozilla/5.0 (iPhone; CPU iPhone OS 13_2_3 like Mac OS X) AppleWebKit/605.1.15 (KHTML, like Gecko) Version/13.0.3 Mobile/15E148 Safari/604.1"} 
[2026-05-10 11:24:19] local.INFO: Incoming Request {"url":"https://ygxone.com/robots.txt","method":"GET","ip":"66.249.73.172","user_agent":"Mozilla/5.0 (compatible; Googlebot/2.1; +http://www.google.com/bot.html)"} 
[2026-05-10 11:24:22] local.INFO: Incoming Request {"url":"https://ygxone.com/terms","method":"GET","ip":"66.249.73.171","user_agent":"Mozilla/5.0 (Linux; Android 6.0.1; Nexus 5X Build/MMB29P) AppleWebKit/537.36 (KHTML, like Gecko) Chrome/147.0.7727.137 Mobile Safari/537.36 (compatible; GoogleOther)"} 
[2026-05-10 11:28:13] local.INFO: Incoming Request {"url":"https://ygxone.com/terms","method":"GET","ip":"66.249.73.160","user_agent":"Mozilla/5.0 (Linux; Android 6.0.1; Nexus 5X Build/MMB29P) AppleWebKit/537.36 (KHTML, like Gecko) Chrome/147.0.7727.137 Mobile Safari/537.36 (compatible; GoogleOther)"} 
[2026-05-10 11:37:26] local.INFO: Incoming Request {"url":"https://ygxone.com/wp-admin/install.php?step=1","method":"GET","ip":"104.23.223.108","user_agent":"http://ygxone.com/wp-admin/install.php?step=1"} 
[2026-05-10 11:47:33] local.INFO: Incoming Request {"url":"https://www.ygxone.com/search?q=hello%20meaning","method":"GET","ip":"148.252.146.228","user_agent":"Mozilla/5.0 (Windows NT 10.0; Win64; x64) AppleWebKit/537.36 (KHTML, like Gecko) Chrome/147.0.0.0 Safari/537.36 Edg/147.0.0.0"} 
[2026-05-10 11:47:34] local.INFO: DDG Scraper HTML received {"length":24162} 
[2026-05-10 11:47:34] local.WARNING: DDG Scraper: No primary matches, trying fallback regex  
[2026-05-10 11:47:34] local.INFO: DDG Scraper final matches count {"count":10} 
[2026-05-10 11:47:35] local.INFO: Wikipedia API response received {"count":5} 
[2026-05-10 11:47:35] local.ERROR: Ecosystem search failed {"error":"SQLSTATE[HY000] [14] unable to open database file"} 
[2026-05-10 11:47:35] local.INFO: Search execution summary {"query":"hello meaning","web_count":5,"ecosystem_count":0,"total_meta":100} 
[2026-05-10 12:08:09] local.INFO: Incoming Request {"url":"https://ygxone.com/privacy","method":"GET","ip":"66.249.73.160","user_agent":"Mozilla/5.0 (Linux; Android 6.0.1; Nexus 5X Build/MMB29P) AppleWebKit/537.36 (KHTML, like Gecko) Chrome/147.0.7727.137 Mobile Safari/537.36 (compatible; GoogleOther)"} 
[2026-05-10 12:40:34] local.INFO: Incoming Request {"url":"https://ygxone.com/wp-admin/install.php?step=1","method":"GET","ip":"104.23.221.52","user_agent":"http://ygxone.com/wp-admin/install.php?step=1"} 
[2026-05-10 13:25:56] local.INFO: Incoming Request {"url":"https://ygxone.com/robots.txt","method":"GET","ip":"40.77.167.93","user_agent":"Mozilla/5.0 AppleWebKit/537.36 (KHTML, like Gecko; compatible; bingbot/2.0; +http://www.bing.com/bingbot.htm) Chrome/116.0.1938.76 Safari/537.36"} 
[2026-05-10 13:39:55] local.INFO: Incoming Request {"url":"https://ygxone.com","method":"GET","ip":"3.140.188.14","user_agent":"Mozilla/5.0 (Windows NT 10.0; Win64; x64) AppleWebKit/537.36 (KHTML, like Gecko) Chrome/120.0.0.0 Safari/537.36"} 
[2026-05-10 13:44:54] local.INFO: Incoming Request {"url":"https://ygxone.com/wp-admin/install.php?step=1","method":"GET","ip":"162.158.86.235","user_agent":"http://ygxone.com/wp-admin/install.php?step=1"} 
[2026-05-10 14:53:43] local.INFO: Incoming Request {"url":"https://ygxone.com/wp-admin/install.php?step=1","method":"GET","ip":"104.23.239.13","user_agent":"http://ygxone.com/wp-admin/install.php?step=1"} 
[2026-05-10 15:07:37] local.INFO: Incoming Request {"url":"https://www.ygxone.com","method":"GET","ip":"43.156.204.134","user_agent":"Mozilla/5.0 (iPhone; CPU iPhone OS 13_2_3 like Mac OS X) AppleWebKit/605.1.15 (KHTML, like Gecko) Version/13.0.3 Mobile/15E148 Safari/604.1"} 
[2026-05-10 15:12:49] local.INFO: Incoming Request {"url":"https://ygxone.com","method":"GET","ip":"145.40.133.115","user_agent":"Mozilla/5.0 (Windows NT 10.0; Win64; x64) AppleWebKit/537.36 (KHTML, like Gecko) Chrome/147.0.0.0 Safari/537.36"} 
[2026-05-10 15:18:53] local.INFO: Incoming Request {"url":"https://www.ygxone.com/search?q=Lord%20Rama&type=ai","method":"GET","ip":"145.40.133.115","user_agent":"Mozilla/5.0 (Windows NT 10.0; Win64; x64) AppleWebKit/537.36 (KHTML, like Gecko) Chrome/147.0.0.0 Safari/537.36 Edg/147.0.0.0"} 
[2026-05-10 15:18:54] local.INFO: DDG Scraper HTML received {"length":25961} 
[2026-05-10 15:18:54] local.WARNING: DDG Scraper: No primary matches, trying fallback regex  
[2026-05-10 15:18:54] local.INFO: DDG Scraper final matches count {"count":10} 
[2026-05-10 15:18:55] local.INFO: Wikipedia API response received {"count":5} 
[2026-05-10 15:18:55] local.ERROR: Ecosystem search failed {"error":"SQLSTATE[HY000] [14] unable to open database file"} 
[2026-05-10 15:18:55] local.INFO: Search execution summary {"query":"Lord Rama","web_count":5,"ecosystem_count":0,"total_meta":100} 
[2026-05-10 15:19:44] local.INFO: Incoming Request {"url":"https://www.ygxone.com.ygmarketplace.com/.git/config","method":"GET","ip":"34.179.180.107","user_agent":"Mozilla/5.0 (Windows NT 10.0; WOW64) AppleWebKit/537.36 (KHTML, like Gecko) coc_coc_browser/80.0.180 Chrome/74.0.3729.180 Safari/537.36"} 
[2026-05-10 15:21:14] local.INFO: Incoming Request {"url":"https://www.ygxone.com","method":"GET","ip":"145.40.133.115","user_agent":"Mozilla/5.0 (Windows NT 10.0; Win64; x64) AppleWebKit/537.36 (KHTML, like Gecko) Chrome/147.0.0.0 Safari/537.36 Edg/147.0.0.0"} 
[2026-05-10 15:27:12] local.INFO: Incoming Request {"url":"https://ygxone.com/xmlrpc.php","method":"POST","ip":"103.137.175.151","user_agent":"Mozilla/5.0 (Linux; Android 10; x64) AppleWebKit/537.36 (KHTML, like Gecko) Edge/100.0.0.0 Safari/537.36"} 
[2026-05-10 15:46:21] local.INFO: Incoming Request {"url":"https://www.ygxone.com","method":"GET","ip":"3.233.88.40","user_agent":"Mozilla/5.0 (Windows NT 10.0; Win64; x64) AppleWebKit/537.36 (KHTML, like Gecko) Chrome/135.0.0.0 Safari/537.36 Edg/135.0.0.0"} 
[2026-05-10 15:53:50] local.INFO: Incoming Request {"url":"https://ygxone.com/wp-admin/install.php?step=1","method":"GET","ip":"104.23.223.108","user_agent":"http://ygxone.com/wp-admin/install.php?step=1"} 
[2026-05-10 16:13:19] local.INFO: Incoming Request {"url":"https://ygxone.com","method":"GET","ip":"162.62.132.25","user_agent":"Mozilla/5.0 (iPhone; CPU iPhone OS 13_2_3 like Mac OS X) AppleWebKit/605.1.15 (KHTML, like Gecko) Version/13.0.3 Mobile/15E148 Safari/604.1"} 
[2026-05-10 16:40:23] local.INFO: Incoming Request {"url":"https://www.ygxone.com","method":"GET","ip":"91.90.120.163","user_agent":"Mozilla/5.0 (Windows NT 10.0; Win64; x64) AppleWebKit/537.36 (KHTML, like Gecko) Chrome/146.0.0.0 Safari/537.36"} 
[2026-05-10 16:40:33] local.INFO: Incoming Request {"url":"https://www.ygxone.com","method":"GET","ip":"91.90.120.163","user_agent":"Mozilla/5.0 (Windows NT 10.0; Win64; x64) AppleWebKit/537.36 (KHTML, like Gecko) Chrome/146.0.0.0 Safari/537.36"} 
[2026-05-10 16:40:56] local.INFO: Incoming Request {"url":"https://www.ygxone.com/favicon.ico","method":"GET","ip":"91.90.120.163","user_agent":"Mozilla/5.0 (Windows NT 10.0; Win64; x64) AppleWebKit/537.36 (KHTML, like Gecko) Chrome/146.0.0.0 Safari/537.36"} 
[2026-05-10 16:40:59] local.INFO: Incoming Request {"url":"https://www.ygxone.com/favicon.ico","method":"GET","ip":"91.90.120.163","user_agent":"Mozilla/5.0 (X11; Linux x86_64) AppleWebKit/537.36 (KHTML, like Gecko) Chrome/146.0.0.0 Safari/537.36"} 
[2026-05-10 16:41:00] local.INFO: Incoming Request {"url":"https://www.ygxone.com/apple-touch-icon.png","method":"GET","ip":"91.90.120.163","user_agent":"Mozilla/5.0 (X11; Linux x86_64) AppleWebKit/537.36 (KHTML, like Gecko) Chrome/146.0.0.0 Safari/537.36"} 
[2026-05-10 16:46:14] local.INFO: Incoming Request {"url":"https://ygxone.com/adminer.php","method":"GET","ip":"212.30.36.44","user_agent":"python-requests/2.32.3"} 
[2026-05-10 16:58:23] local.INFO: Incoming Request {"url":"https://ygxone.com/wp-admin/install.php?step=1","method":"GET","ip":"104.23.221.53","user_agent":"http://ygxone.com/wp-admin/install.php?step=1"} 
[2026-05-10 17:30:15] local.INFO: Incoming Request {"url":"https://www.ygxone.com","method":"GET","ip":"43.152.72.247","user_agent":"Mozilla/5.0 (iPhone; CPU iPhone OS 13_2_3 like Mac OS X) AppleWebKit/605.1.15 (KHTML, like Gecko) Version/13.0.3 Mobile/15E148 Safari/604.1"} 
[2026-05-10 18:02:55] local.INFO: Incoming Request {"url":"https://ygxone.com/wp-admin/install.php?step=1","method":"GET","ip":"104.23.223.108","user_agent":"http://ygxone.com/wp-admin/install.php?step=1"} 
[2026-05-10 18:19:33] local.INFO: Incoming Request {"url":"https://www.ygxone.com","method":"GET","ip":"43.159.47.35","user_agent":"Mozilla/5.0 (iPhone; CPU iPhone OS 13_2_3 like Mac OS X) AppleWebKit/605.1.15 (KHTML, like Gecko) Version/13.0.3 Mobile/15E148 Safari/604.1"} 
[2026-05-10 19:12:39] local.INFO: Incoming Request {"url":"https://ygxone.com/wp-admin/install.php?step=1","method":"GET","ip":"104.23.223.108","user_agent":"http://ygxone.com/wp-admin/install.php?step=1"} 
[2026-05-10 19:15:36] local.INFO: Incoming Request {"url":"https://ygxone.com/privacy","method":"GET","ip":"66.249.73.171","user_agent":"Mozilla/5.0 (Linux; Android 6.0.1; Nexus 5X Build/MMB29P) AppleWebKit/537.36 (KHTML, like Gecko) Chrome/147.0.7727.137 Mobile Safari/537.36 (compatible; GoogleOther)"} 
[2026-05-10 19:40:06] local.INFO: Incoming Request {"url":"https://ygxone.com/privacy","method":"GET","ip":"129.226.94.52","user_agent":"Mozilla/5.0 (iPhone; CPU iPhone OS 13_2_3 like Mac OS X) AppleWebKit/605.1.15 (KHTML, like Gecko) Version/13.0.3 Mobile/15E148 Safari/604.1"} 
[2026-05-10 19:40:42] local.INFO: Incoming Request {"url":"https://ygxone.com/wp-admin/install.php?step=1","method":"GET","ip":"104.23.223.109","user_agent":"http://ygxone.com/wp-admin/install.php?step=1"} 
[2026-05-10 20:03:48] local.INFO: Incoming Request {"url":"https://ygxone.com","method":"GET","ip":"117.90.174.57","user_agent":"User-Agent:Mozilla/5.0 (Windows NT 6.1; WOW64) AppleWebKit/537.36 (KHTML, like Gecko) Chrome/50.0.2661.102 Safari/537.36"} 
[2026-05-10 20:13:53] local.INFO: Incoming Request {"url":"https://www.ygxone.com","method":"GET","ip":"207.46.13.107","user_agent":"Mozilla/5.0 AppleWebKit/537.36 (KHTML, like Gecko; compatible; bingbot/2.0; +http://www.bing.com/bingbot.htm) Chrome/116.0.1938.76 Safari/537.36"} 
[2026-05-10 20:44:24] local.INFO: Incoming Request {"url":"https://ygxone.com/wp-admin/install.php?step=1","method":"GET","ip":"172.71.148.132","user_agent":"http://ygxone.com/wp-admin/install.php?step=1"} 
[2026-05-10 21:39:46] local.INFO: Incoming Request {"url":"https://ygxone.com/.git/config","method":"GET","ip":"34.162.209.238","user_agent":"Mozilla/5.0 (Macintosh; Intel Mac OS X 10_14_4) AppleWebKit/537.36 (KHTML, like Gecko) Chrome/74.0.3729.169 YaBrowser/19.6.0.1583 Yowser/2.5 Safari/537.36"} 
[2026-05-10 21:49:31] local.INFO: Incoming Request {"url":"https://ygxone.com/wp-admin/install.php?step=1","method":"GET","ip":"104.23.221.52","user_agent":"http://ygxone.com/wp-admin/install.php?step=1"} 
[2026-05-10 22:51:36] local.INFO: Incoming Request {"url":"https://ygxone.com/wp-admin/install.php?step=1","method":"GET","ip":"104.23.221.52","user_agent":"http://ygxone.com/wp-admin/install.php?step=1"} 
[2026-05-10 23:17:31] local.INFO: Incoming Request {"url":"https://ygxone.com/.env.local","method":"GET","ip":"94.181.229.245","user_agent":"Mozilla/5.0 (Windows NT 10.0; Win64; x64) AppleWebKit/537.36 (KHTML, like Gecko) Chrome/131.0.0.0 Safari/537.36 Edg/131.0.0.0"} 
[2026-05-10 23:26:36] local.INFO: Incoming Request {"url":"https://ygxone.com/robots.txt","method":"GET","ip":"40.77.167.93","user_agent":"Mozilla/5.0 AppleWebKit/537.36 (KHTML, like Gecko; compatible; bingbot/2.0; +http://www.bing.com/bingbot.htm) Chrome/116.0.1938.76 Safari/537.36"} 
[2026-05-10 23:26:41] local.INFO: Incoming Request {"url":"https://ygxone.com","method":"GET","ip":"207.46.13.150","user_agent":"Mozilla/5.0 AppleWebKit/537.36 (KHTML, like Gecko; compatible; bingbot/2.0; +http://www.bing.com/bingbot.htm) Chrome/116.0.1938.76 Safari/537.36"} 
[2026-05-10 23:27:21] local.INFO: Incoming Request {"url":"https://www.ygxone.com","method":"GET","ip":"157.55.39.52","user_agent":"Mozilla/5.0 AppleWebKit/537.36 (KHTML, like Gecko; compatible; bingbot/2.0; +http://www.bing.com/bingbot.htm) Chrome/116.0.1938.76 Safari/537.36"} 
[2026-05-10 23:32:02] local.INFO: Incoming Request {"url":"https://ygxone.com","method":"GET","ip":"43.166.226.57","user_agent":"Mozilla/5.0 (iPhone; CPU iPhone OS 13_2_3 like Mac OS X) AppleWebKit/605.1.15 (KHTML, like Gecko) Version/13.0.3 Mobile/15E148 Safari/604.1"} 
[2026-05-10 23:34:17] local.INFO: Incoming Request {"url":"https://ygxone.com","method":"GET","ip":"180.153.236.48","user_agent":"User-Agent:Mozilla/5.0 (Windows NT 10.0; Win64; x64) AppleWebKit/537.36 (KHTML, like Gecko) Chrome/140.0.0.0 Safari/537.36 Edg/140.0.0.0; 360Spider"} 
[2026-05-11 00:00:01] local.INFO: Incoming Request {"url":"https://ygxone.com/wp-admin/install.php?step=1","method":"GET","ip":"172.70.242.27","user_agent":"http://ygxone.com/wp-admin/install.php?step=1"} 
[2026-05-11 01:02:09] local.INFO: Incoming Request {"url":"https://www.ygxone.com","method":"GET","ip":"43.157.38.131","user_agent":"Mozilla/5.0 (iPhone; CPU iPhone OS 13_2_3 like Mac OS X) AppleWebKit/605.1.15 (KHTML, like Gecko) Version/13.0.3 Mobile/15E148 Safari/604.1"} 
[2026-05-11 01:04:33] local.INFO: Incoming Request {"url":"https://ygxone.com/wp-admin/install.php?step=1","method":"GET","ip":"104.23.217.144","user_agent":"http://ygxone.com/wp-admin/install.php?step=1"} 
[2026-05-11 01:15:10] local.INFO: Incoming Request {"url":"https://ygxone.com","method":"GET","ip":"43.153.79.218","user_agent":"Mozilla/5.0 (iPhone; CPU iPhone OS 13_2_3 like Mac OS X) AppleWebKit/605.1.15 (KHTML, like Gecko) Version/13.0.3 Mobile/15E148 Safari/604.1"} 
[2026-05-11 02:06:07] local.INFO: Incoming Request {"url":"https://www.ygxone.com","method":"GET","ip":"43.130.174.37","user_agent":"Mozilla/5.0 (iPhone; CPU iPhone OS 13_2_3 like Mac OS X) AppleWebKit/605.1.15 (KHTML, like Gecko) Version/13.0.3 Mobile/15E148 Safari/604.1"} 
[2026-05-11 02:10:27] local.INFO: Incoming Request {"url":"https://ygxone.com/wp-admin/install.php?step=1","method":"GET","ip":"172.70.242.26","user_agent":"http://ygxone.com/wp-admin/install.php?step=1"} 
[2026-05-11 02:33:28] local.INFO: Incoming Request {"url":"https://ygxone.com/.git/config","method":"GET","ip":"34.130.120.108","user_agent":"Mozilla/5.0 (X11; U; Linux x86_64; en-US; rv:1.9.1.17) Gecko/20110123 SeaMonkey/2.0.12"} 
[2026-05-11 03:11:31] local.INFO: Incoming Request {"url":"https://ygxone.com/wp-admin/install.php?step=1","method":"GET","ip":"172.71.184.103","user_agent":"http://ygxone.com/wp-admin/install.php?step=1"} 
[2026-05-11 03:59:00] local.INFO: Incoming Request {"url":"https://ygxone.com/.git/config","method":"GET","ip":"34.154.199.189","user_agent":"Mozilla/5.0 (Linux; Android 9; ONEPLUS A6003) AppleWebKit/537.36 (KHTML, like Gecko) Chrome/76.0.3809.89 Mobile Safari/537.36"} 
[2026-05-11 04:07:17] local.INFO: Incoming Request {"url":"https://ygxone.com//wp-includes/ID3/license.txt","method":"GET","ip":"167.172.67.184","user_agent":"Mozilla/5.0 (Windows NT 10.0; Win64; x64) AppleWebKit/537.36 (KHTML, like Gecko) Chrome/95.0.4638.69 Safari/537.36"} 
[2026-05-11 04:07:17] local.INFO: Incoming Request {"url":"https://ygxone.com//xmlrpc.php?rsd=","method":"GET","ip":"167.172.67.184","user_agent":"Mozilla/5.0 (Windows NT 10.0; Win64; x64) AppleWebKit/537.36 (KHTML, like Gecko) Chrome/95.0.4638.69 Safari/537.36"} 
[2026-05-11 04:07:18] local.INFO: Incoming Request {"url":"https://ygxone.com//blog/wp-includes/wlwmanifest.xml","method":"GET","ip":"167.172.67.184","user_agent":"Mozilla/5.0 (Windows NT 10.0; Win64; x64) AppleWebKit/537.36 (KHTML, like Gecko) Chrome/95.0.4638.69 Safari/537.36"} 
[2026-05-11 04:07:18] local.INFO: Incoming Request {"url":"https://ygxone.com//web/wp-includes/wlwmanifest.xml","method":"GET","ip":"167.172.67.184","user_agent":"Mozilla/5.0 (Windows NT 10.0; Win64; x64) AppleWebKit/537.36 (KHTML, like Gecko) Chrome/95.0.4638.69 Safari/537.36"} 
[2026-05-11 04:07:18] local.INFO: Incoming Request {"url":"https://ygxone.com//wordpress/wp-includes/wlwmanifest.xml","method":"GET","ip":"167.172.67.184","user_agent":"Mozilla/5.0 (Windows NT 10.0; Win64; x64) AppleWebKit/537.36 (KHTML, like Gecko) Chrome/95.0.4638.69 Safari/537.36"} 
[2026-05-11 04:07:18] local.INFO: Incoming Request {"url":"https://ygxone.com//wp/wp-includes/wlwmanifest.xml","method":"GET","ip":"167.172.67.184","user_agent":"Mozilla/5.0 (Windows NT 10.0; Win64; x64) AppleWebKit/537.36 (KHTML, like Gecko) Chrome/95.0.4638.69 Safari/537.36"} 
[2026-05-11 04:07:18] local.INFO: Incoming Request {"url":"https://ygxone.com//2020/wp-includes/wlwmanifest.xml","method":"GET","ip":"167.172.67.184","user_agent":"Mozilla/5.0 (Windows NT 10.0; Win64; x64) AppleWebKit/537.36 (KHTML, like Gecko) Chrome/95.0.4638.69 Safari/537.36"} 
[2026-05-11 04:07:19] local.INFO: Incoming Request {"url":"https://ygxone.com//2019/wp-includes/wlwmanifest.xml","method":"GET","ip":"167.172.67.184","user_agent":"Mozilla/5.0 (Windows NT 10.0; Win64; x64) AppleWebKit/537.36 (KHTML, like Gecko) Chrome/95.0.4638.69 Safari/537.36"} 
[2026-05-11 04:07:19] local.INFO: Incoming Request {"url":"https://ygxone.com//2021/wp-includes/wlwmanifest.xml","method":"GET","ip":"167.172.67.184","user_agent":"Mozilla/5.0 (Windows NT 10.0; Win64; x64) AppleWebKit/537.36 (KHTML, like Gecko) Chrome/95.0.4638.69 Safari/537.36"} 
[2026-05-11 04:11:54] local.INFO: Incoming Request {"url":"https://ygxone.com/wp-login.php","method":"GET","ip":"165.227.181.50","user_agent":"Mozilla/5.0"} 
[2026-05-11 04:12:46] local.INFO: Incoming Request {"url":"https://www.ygxone.com.ygmarketplace.com","method":"GET","ip":"74.7.242.47","user_agent":"Mozilla/5.0 AppleWebKit/537.36 (KHTML, like Gecko; compatible; GPTBot/1.3; +https://openai.com/gptbot)"} 
[2026-05-11 04:12:46] local.INFO: Incoming Request {"url":"https://www.ygxone.com.ygmarketplace.com/robots.txt","method":"GET","ip":"74.7.175.191","user_agent":"Mozilla/5.0 (Macintosh; Intel Mac OS X 10_15_7) AppleWebKit/537.36 (KHTML, like Gecko) Chrome/131.0.0.0 Safari/537.36; compatible; OAI-SearchBot/1.3; robots.txt; +https://openai.com/searchbot"} 
[2026-05-11 04:16:05] local.INFO: Incoming Request {"url":"https://ygxone.com/wp-admin/install.php?step=1","method":"GET","ip":"172.68.194.181","user_agent":"http://ygxone.com/wp-admin/install.php?step=1"} 
[2026-05-11 04:18:19] local.INFO: Incoming Request {"url":"https://ygxone.com","method":"GET","ip":"43.133.36.219","user_agent":"Mozilla/5.0 (iPhone; CPU iPhone OS 13_2_3 like Mac OS X) AppleWebKit/605.1.15 (KHTML, like Gecko) Version/13.0.3 Mobile/15E148 Safari/604.1"} 
[2026-05-11 04:21:23] local.INFO: Incoming Request {"url":"https://ygxone.com/robots.txt","method":"GET","ip":"74.7.228.43","user_agent":"Mozilla/5.0 (Macintosh; Intel Mac OS X 10_15_7) AppleWebKit/537.36 (KHTML, like Gecko) Chrome/131.0.0.0 Safari/537.36; compatible; OAI-SearchBot/1.3; robots.txt; +https://openai.com/searchbot"} 
[2026-05-11 04:21:23] local.INFO: Incoming Request {"url":"https://ygxone.com","method":"GET","ip":"74.7.227.20","user_agent":"Mozilla/5.0 AppleWebKit/537.36 (KHTML, like Gecko; compatible; GPTBot/1.3; +https://openai.com/gptbot)"} 
[2026-05-11 04:35:51] local.INFO: Incoming Request {"url":"https://ygxone.com/.git/HEAD","method":"GET","ip":"154.54.100.175","user_agent":"Mozilla/5.0 (Macintosh; Intel Mac OS X 10_13_6) AppleWebKit/605.1.15 (KHTML, like Gecko) Version/12.0.2 Safari/605.1.15"} 
[2026-05-11 05:23:53] local.INFO: Incoming Request {"url":"https://ygxone.com/wp-admin/install.php?step=1","method":"GET","ip":"172.71.184.103","user_agent":"http://ygxone.com/wp-admin/install.php?step=1"} 
[2026-05-11 05:36:26] local.INFO: Incoming Request {"url":"https://www.ygxone.com","method":"GET","ip":"157.55.39.201","user_agent":"Mozilla/5.0 AppleWebKit/537.36 (KHTML, like Gecko; compatible; bingbot/2.0; +http://www.bing.com/bingbot.htm) Chrome/116.0.1938.76 Safari/537.36"} 
[2026-05-11 06:08:08] local.INFO: Incoming Request {"url":"https://ygxone.com","method":"GET","ip":"184.154.36.173","user_agent":"Mozilla/5.0 (compatible; MSIE 9.0; Windows NT 6.1; WOW64; Trident/6.0)"} 
[2026-05-11 06:08:12] local.INFO: Incoming Request {"url":"https://ygxone.com/th1s_1s_a_4o4.html","method":"GET","ip":"184.154.36.173","user_agent":"SiteLockSpider [en] (WinNT; I ;Nav)"} 
[2026-05-11 06:12:29] local.INFO: Incoming Request {"url":"https://ygxone.com","method":"GET","ip":"43.153.86.78","user_agent":"Mozilla/5.0 (iPhone; CPU iPhone OS 13_2_3 like Mac OS X) AppleWebKit/605.1.15 (KHTML, like Gecko) Version/13.0.3 Mobile/15E148 Safari/604.1"} 
[2026-05-11 06:28:28] local.INFO: Incoming Request {"url":"https://ygxone.com/wp-admin/install.php?step=1","method":"GET","ip":"104.23.223.109","user_agent":"http://ygxone.com/wp-admin/install.php?step=1"} 
[2026-05-11 07:30:43] local.INFO: Incoming Request {"url":"https://ygxone.com/wp-admin/install.php?step=1","method":"GET","ip":"104.23.221.53","user_agent":"http://ygxone.com/wp-admin/install.php?step=1"} 
[2026-05-11 07:30:51] local.INFO: Incoming Request {"url":"https://ygxone.com","method":"HEAD","ip":"178.156.229.216","user_agent":"Mozilla/5.0 (Macintosh; Intel Mac OS X 10_15_7) AppleWebKit/605.1.15 (KHTML, like Gecko) Version/26.0.1 Safari/605.1.15"} 
[2026-05-11 07:31:02] local.INFO: Incoming Request {"url":"https://ygxone.com","method":"GET","ip":"178.156.229.216","user_agent":"Mozilla/5.0 (Macintosh; Intel Mac OS X 10_15_7) AppleWebKit/605.1.15 (KHTML, like Gecko) Version/26.0.1 Safari/605.1.15"} 
[2026-05-11 07:32:59] local.INFO: Incoming Request {"url":"https://ygxone.com","method":"GET","ip":"178.156.229.216","user_agent":"Mozilla/5.0 (Macintosh; Intel Mac OS X 10_15_7) AppleWebKit/605.1.15 (KHTML, like Gecko) Version/26.0.1 Safari/605.1.15"} 
[2026-05-11 08:32:56] local.INFO: Incoming Request {"url":"https://ygxone.com/wp-admin/install.php?step=1","method":"GET","ip":"172.70.242.27","user_agent":"http://ygxone.com/wp-admin/install.php?step=1"} 
[2026-05-11 09:30:54] local.INFO: Incoming Request {"url":"https://ygxone.com/robots.txt","method":"GET","ip":"51.195.183.250","user_agent":"Mozilla/5.0 (compatible; AhrefsBot/7.0; +http://ahrefs.com/robot/)"} 
[2026-05-11 09:30:56] local.INFO: Incoming Request {"url":"https://ygxone.com","method":"GET","ip":"5.39.1.231","user_agent":"Mozilla/5.0 (compatible; AhrefsBot/7.0; +http://ahrefs.com/robot/)"} 
[2026-05-11 09:36:35] local.INFO: Incoming Request {"url":"https://ygxone.com/wp-admin/install.php?step=1","method":"GET","ip":"162.158.183.29","user_agent":"http://ygxone.com/wp-admin/install.php?step=1"} 
[2026-05-11 10:00:40] local.INFO: Incoming Request {"url":"https://ygxone.com","method":"GET","ip":"135.148.195.13","user_agent":"Mozilla/5.0 (Windows NT 10.0; Win64; x64) AppleWebKit/537.36 (KHTML, like Gecko) Chrome/114.0.0.0 Safari/537.36 Edg/114.0.1823.82"} 
[2026-05-11 10:00:51] local.INFO: Incoming Request {"url":"https://ygxone.com/favicon.ico","method":"GET","ip":"135.148.195.16","user_agent":"Mozilla/5.0 (Windows NT 10.0; Win64; x64) AppleWebKit/537.36 (KHTML, like Gecko) Chrome/113.0.0.0 Safari/537.36"} 
[2026-05-11 10:09:42] local.INFO: Incoming Request {"url":"https://ygxone.com/wp-login.php","method":"GET","ip":"136.144.43.7","user_agent":"Mozilla/5.0 (Macintosh; Intel Mac OS X 10_15_7) AppleWebKit/605.1.15 (KHTML, like Gecko) Version/17.0 Safari/605.1.15"} 
[2026-05-11 10:14:54] local.INFO: Incoming Request {"url":"https://ygxone.com/wp-login.php","method":"GET","ip":"136.144.43.9","user_agent":"Mozilla/5.0"} 
[2026-05-11 10:20:59] local.INFO: Incoming Request {"url":"https://ygxone.com","method":"GET","ip":"145.40.133.115","user_agent":"Mozilla/5.0 (Windows NT 10.0; Win64; x64) AppleWebKit/537.36 (KHTML, like Gecko) Chrome/147.0.0.0 Safari/537.36 Edg/147.0.0.0"} 
[2026-05-11 10:21:12] local.INFO: Incoming Request {"url":"https://ygxone.com/search?q=how%20to%20make%20fish%20curry","method":"GET","ip":"145.40.133.115","user_agent":"Mozilla/5.0 (Windows NT 10.0; Win64; x64) AppleWebKit/537.36 (KHTML, like Gecko) Chrome/147.0.0.0 Safari/537.36 Edg/147.0.0.0"} 
[2026-05-11 10:21:14] local.INFO: DDG Scraper HTML received {"length":24515} 
[2026-05-11 10:21:14] local.WARNING: DDG Scraper: No primary matches, trying fallback regex  
[2026-05-11 10:21:14] local.INFO: DDG Scraper final matches count {"count":10} 
[2026-05-11 10:21:16] local.INFO: Wikipedia API response received {"count":5} 
[2026-05-11 10:21:16] local.ERROR: Ecosystem search failed {"error":"SQLSTATE[HY000] [14] unable to open database file"} 
[2026-05-11 10:21:16] local.INFO: Search execution summary {"query":"how to make fish curry","web_count":5,"ecosystem_count":0,"total_meta":100} 
[2026-05-11 10:21:24] local.INFO: Incoming Request {"url":"https://ygxone.com/search?q=how%20to%20make%20fish%20curry&type=shopping","method":"GET","ip":"145.40.133.115","user_agent":"Mozilla/5.0 (Windows NT 10.0; Win64; x64) AppleWebKit/537.36 (KHTML, like Gecko) Chrome/147.0.0.0 Safari/537.36 Edg/147.0.0.0"} 
[2026-05-11 10:21:25] local.INFO: Incoming Request {"url":"https://ygxone.com/search?q=how%20to%20make%20fish%20curry&type=videos","method":"GET","ip":"145.40.133.115","user_agent":"Mozilla/5.0 (Windows NT 10.0; Win64; x64) AppleWebKit/537.36 (KHTML, like Gecko) Chrome/147.0.0.0 Safari/537.36 Edg/147.0.0.0"} 
[2026-05-11 10:21:26] local.INFO: Incoming Request {"url":"https://ygxone.com/search?q=how%20to%20make%20fish%20curry&type=news","method":"GET","ip":"145.40.133.115","user_agent":"Mozilla/5.0 (Windows NT 10.0; Win64; x64) AppleWebKit/537.36 (KHTML, like Gecko) Chrome/147.0.0.0 Safari/537.36 Edg/147.0.0.0"} 
[2026-05-11 10:21:27] local.INFO: Incoming Request {"url":"https://ygxone.com/search?q=how%20to%20make%20fish%20curry&type=images","method":"GET","ip":"145.40.133.115","user_agent":"Mozilla/5.0 (Windows NT 10.0; Win64; x64) AppleWebKit/537.36 (KHTML, like Gecko) Chrome/147.0.0.0 Safari/537.36 Edg/147.0.0.0"} 
[2026-05-11 10:21:28] local.INFO: Incoming Request {"url":"https://ygxone.com/search?q=how%20to%20make%20fish%20curry&type=ai","method":"GET","ip":"145.40.133.115","user_agent":"Mozilla/5.0 (Windows NT 10.0; Win64; x64) AppleWebKit/537.36 (KHTML, like Gecko) Chrome/147.0.0.0 Safari/537.36 Edg/147.0.0.0"} 
[2026-05-11 10:21:29] local.INFO: Incoming Request {"url":"https://ygxone.com/search?q=how%20to%20make%20fish%20curry&type=ai","method":"GET","ip":"145.40.133.115","user_agent":"Mozilla/5.0 (Windows NT 10.0; Win64; x64) AppleWebKit/537.36 (KHTML, like Gecko) Chrome/147.0.0.0 Safari/537.36 Edg/147.0.0.0"} 
[2026-05-11 10:39:18] local.INFO: Incoming Request {"url":"https://ygxone.com/wp-admin/install.php?step=1","method":"GET","ip":"104.23.221.53","user_agent":"http://ygxone.com/wp-admin/install.php?step=1"} 
[2026-05-11 10:42:35] local.INFO: Incoming Request {"url":"https://ygxone.com/wp-admin/install.php?step=1","method":"GET","ip":"104.23.223.108","user_agent":"http://ygxone.com/wp-admin/install.php?step=1"} 
[2026-05-11 11:38:25] local.INFO: Incoming Request {"url":"https://www.ygxone.com/search","method":"GET","ip":"207.46.13.156","user_agent":"Mozilla/5.0 AppleWebKit/537.36 (KHTML, like Gecko; compatible; bingbot/2.0; +http://www.bing.com/bingbot.htm) Chrome/116.0.1938.76 Safari/537.36"} 
[2026-05-11 11:44:12] local.INFO: Incoming Request {"url":"https://ygxone.com/wp-admin/install.php?step=1","method":"GET","ip":"104.23.223.109","user_agent":"http://ygxone.com/wp-admin/install.php?step=1"} 
[2026-05-11 12:09:44] local.INFO: Incoming Request {"url":"https://ygxone.com","method":"GET","ip":"43.156.114.184","user_agent":"Mozilla/5.0 (iPhone; CPU iPhone OS 13_2_3 like Mac OS X) AppleWebKit/605.1.15 (KHTML, like Gecko) Version/13.0.3 Mobile/15E148 Safari/604.1"} 
[2026-05-11 12:23:38] local.INFO: Incoming Request {"url":"https://ygxone.com/wp-login.php","method":"GET","ip":"87.121.84.54","user_agent":"Mozilla/5.0 (Windows NT 10.0; Win64; x64) AppleWebKit/537.36"} 
[2026-05-11 12:43:51] local.INFO: Incoming Request {"url":"https://ygxone.com","method":"GET","ip":"216.126.236.116","user_agent":"Mozilla/5.0 (X11; Linux i686; rv:1.9.7.20) Gecko/ Firefox/3.6.20"} 
[2026-05-11 16:34:16] production.ERROR: SQLSTATE[HY000] [2002] No connection could be made because the target machine actively refused it (Connection: mysql, SQL: delete from `cache`) {"exception":"[object] (Illuminate\\Database\\QueryException(code: 2002): SQLSTATE[HY000] [2002] No connection could be made because the target machine actively refused it (Connection: mysql, SQL: delete from `cache`) at D:/YG SoftX/Xone/home/vendor/laravel/framework/src/Illuminate/Database/Connection.php:825)
[stacktrace]
#0 D:/YG SoftX/Xone/home/vendor/laravel/framework/src/Illuminate/Database/Connection.php(979): Illuminate/Database/Connection->runQueryCallback()
#1 D:/YG SoftX/Xone/home/vendor/laravel/framework/src/Illuminate/Database/Connection.php(958): Illuminate/Database/Connection->tryAgainIfCausedByLostConnection()
#2 D:/YG SoftX/Xone/home/vendor/laravel/framework/src/Illuminate/Database/Connection.php(781): Illuminate/Database/Connection->handleQueryException()
#3 D:/YG SoftX/Xone/home/vendor/laravel/framework/src/Illuminate/Database/Connection.php(584): Illuminate/Database/Connection->run()
#4 D:/YG SoftX/Xone/home/vendor/laravel/framework/src/Illuminate/Database/Connection.php(548): Illuminate/Database/Connection->affectingStatement()
#5 D:/YG SoftX/Xone/home/vendor/laravel/framework/src/Illuminate/Database/Query/Builder.php(4024): Illuminate/Database/Connection->delete()
#6 D:/YG SoftX/Xone/home/vendor/laravel/framework/src/Illuminate/Cache/DatabaseStore.php(422): Illuminate/Database/Query/Builder->delete()
#7 D:/YG SoftX/Xone/home/vendor/laravel/framework/src/Illuminate/Cache/Repository.php(792): Illuminate/Cache/DatabaseStore->flush()
#8 D:/YG SoftX/Xone/home/vendor/laravel/framework/src/Illuminate/Cache/Console/ClearCommand.php(69): Illuminate/Cache/Repository->__call()
#9 D:/YG SoftX/Xone/home/vendor/laravel/framework/src/Illuminate/Container/BoundMethod.php(36): Illuminate/Cache/Console/ClearCommand->handle()
#10 D:/YG SoftX/Xone/home/vendor/laravel/framework/src/Illuminate/Container/Util.php(43): Illuminate/Container/BoundMethod::Illuminate/Container/{closure}()
#11 D:/YG SoftX/Xone/home/vendor/laravel/framework/src/Illuminate/Container/BoundMethod.php(95): Illuminate/Container/Util::unwrapIfClosure()
#12 D:/YG SoftX/Xone/home/vendor/laravel/framework/src/Illuminate/Container/BoundMethod.php(35): Illuminate/Container/BoundMethod::callBoundMethod()
#13 D:/YG SoftX/Xone/home/vendor/laravel/framework/src/Illuminate/Container/Container.php(696): Illuminate/Container/BoundMethod::call()
#14 D:/YG SoftX/Xone/home/vendor/laravel/framework/src/Illuminate/Console/Command.php(213): Illuminate/Container/Container->call()
#15 D:/YG SoftX/Xone/home/vendor/symfony/console/Command/Command.php(341): Illuminate/Console/Command->execute()
#16 D:/YG SoftX/Xone/home/vendor/laravel/framework/src/Illuminate/Console/Command.php(182): Symfony/Component/Console/Command/Command->run()
#17 D:/YG SoftX/Xone/home/vendor/symfony/console/Application.php(1117): Illuminate/Console/Command->run()
#18 D:/YG SoftX/Xone/home/vendor/symfony/console/Application.php(356): Symfony/Component/Console/Application->doRunCommand()
#19 D:/YG SoftX/Xone/home/vendor/symfony/console/Application.php(195): Symfony/Component/Console/Application->doRun()
#20 D:/YG SoftX/Xone/home/vendor/laravel/framework/src/Illuminate/Foundation/Console/Kernel.php(198): Symfony/Component/Console/Application->run()
#21 D:/YG SoftX/Xone/home/artisan(24): Illuminate/Foundation/Console/Kernel->handle()
#22 {main}

[previous exception] [object] (PDOException(code: 2002): SQLSTATE[HY000] [2002] No connection could be made because the target machine actively refused it at D:/YG SoftX/Xone/home/vendor/laravel/framework/src/Illuminate/Database/Connectors/Connector.php:66)
[stacktrace]
#0 D:/YG SoftX/Xone/home/vendor/laravel/framework/src/Illuminate/Database/Connectors/Connector.php(66): PDO->__construct()
#1 D:/YG SoftX/Xone/home/vendor/laravel/framework/src/Illuminate/Database/Connectors/Connector.php(85): Illuminate/Database/Connectors/Connector->createPdoConnection()
#2 D:/YG SoftX/Xone/home/vendor/laravel/framework/src/Illuminate/Database/Connectors/Connector.php(48): Illuminate/Database/Connectors/Connector->tryAgainIfCausedByLostConnection()
#3 D:/YG SoftX/Xone/home/vendor/laravel/framework/src/Illuminate/Database/Connectors/MySqlConnector.php(24): Illuminate/Database/Connectors/Connector->createConnection()
#4 D:/YG SoftX/Xone/home/vendor/laravel/framework/src/Illuminate/Database/Connectors/ConnectionFactory.php(185): Illuminate/Database/Connectors/MySqlConnector->connect()
#5 [internal function]: Illuminate/Database/Connectors/ConnectionFactory->Illuminate/Database/Connectors/{closure}()
#6 D:/YG SoftX/Xone/home/vendor/laravel/framework/src/Illuminate/Database/Connection.php(1231): call_user_func()
#7 D:/YG SoftX/Xone/home/vendor/laravel/framework/src/Illuminate/Database/Connection.php(592): Illuminate/Database/Connection->getPdo()
#8 D:/YG SoftX/Xone/home/vendor/laravel/framework/src/Illuminate/Database/Connection.php(812): Illuminate/Database/Connection->Illuminate/Database/{closure}()
#9 D:/YG SoftX/Xone/home/vendor/laravel/framework/src/Illuminate/Database/Connection.php(979): Illuminate/Database/Connection->runQueryCallback()
#10 D:/YG SoftX/Xone/home/vendor/laravel/framework/src/Illuminate/Database/Connection.php(958): Illuminate/Database/Connection->tryAgainIfCausedByLostConnection()
#11 D:/YG SoftX/Xone/home/vendor/laravel/framework/src/Illuminate/Database/Connection.php(781): Illuminate/Database/Connection->handleQueryException()
#12 D:/YG SoftX/Xone/home/vendor/laravel/framework/src/Illuminate/Database/Connection.php(584): Illuminate/Database/Connection->run()
#13 D:/YG SoftX/Xone/home/vendor/laravel/framework/src/Illuminate/Database/Connection.php(548): Illuminate/Database/Connection->affectingStatement()
#14 D:/YG SoftX/Xone/home/vendor/laravel/framework/src/Illuminate/Database/Query/Builder.php(4024): Illuminate/Database/Connection->delete()
#15 D:/YG SoftX/Xone/home/vendor/laravel/framework/src/Illuminate/Cache/DatabaseStore.php(422): Illuminate/Database/Query/Builder->delete()
#16 D:/YG SoftX/Xone/home/vendor/laravel/framework/src/Illuminate/Cache/Repository.php(792): Illuminate/Cache/DatabaseStore->flush()
#17 D:/YG SoftX/Xone/home/vendor/laravel/framework/src/Illuminate/Cache/Console/ClearCommand.php(69): Illuminate/Cache/Repository->__call()
#18 D:/YG SoftX/Xone/home/vendor/laravel/framework/src/Illuminate/Container/BoundMethod.php(36): Illuminate/Cache/Console/ClearCommand->handle()
#19 D:/YG SoftX/Xone/home/vendor/laravel/framework/src/Illuminate/Container/Util.php(43): Illuminate/Container/BoundMethod::Illuminate/Container/{closure}()
#20 D:/YG SoftX/Xone/home/vendor/laravel/framework/src/Illuminate/Container/BoundMethod.php(95): Illuminate/Container/Util::unwrapIfClosure()
#21 D:/YG SoftX/Xone/home/vendor/laravel/framework/src/Illuminate/Container/BoundMethod.php(35): Illuminate/Container/BoundMethod::callBoundMethod()
#22 D:/YG SoftX/Xone/home/vendor/laravel/framework/src/Illuminate/Container/Container.php(696): Illuminate/Container/BoundMethod::call()
#23 D:/YG SoftX/Xone/home/vendor/laravel/framework/src/Illuminate/Console/Command.php(213): Illuminate/Container/Container->call()
#24 D:/YG SoftX/Xone/home/vendor/symfony/console/Command/Command.php(341): Illuminate/Console/Command->execute()
#25 D:/YG SoftX/Xone/home/vendor/laravel/framework/src/Illuminate/Console/Command.php(182): Symfony/Component/Console/Command/Command->run()
#26 D:/YG SoftX/Xone/home/vendor/symfony/console/Application.php(1117): Illuminate/Console/Command->run()
#27 D:/YG SoftX/Xone/home/vendor/symfony/console/Application.php(356): Symfony/Component/Console/Application->doRunCommand()
#28 D:/YG SoftX/Xone/home/vendor/symfony/console/Application.php(195): Symfony/Component/Console/Application->doRun()
#29 D:/YG SoftX/Xone/home/vendor/laravel/framework/src/Illuminate/Foundation/Console/Kernel.php(198): Symfony/Component/Console/Application->run()
#30 D:/YG SoftX/Xone/home/artisan(24): Illuminate/Foundation/Console/Kernel->handle()
#31 {main}
"} 
[2026-05-11 16:35:00] production.ERROR: SQLSTATE[HY000] [2002] No connection could be made because the target machine actively refused it (Connection: mysql, SQL: delete from `cache`) {"exception":"[object] (Illuminate\\Database\\QueryException(code: 2002): SQLSTATE[HY000] [2002] No connection could be made because the target machine actively refused it (Connection: mysql, SQL: delete from `cache`) at D:/YG SoftX/Xone/home/vendor/laravel/framework/src/Illuminate/Database/Connection.php:825)
[stacktrace]
#0 D:/YG SoftX/Xone/home/vendor/laravel/framework/src/Illuminate/Database/Connection.php(979): Illuminate/Database/Connection->runQueryCallback()
#1 D:/YG SoftX/Xone/home/vendor/laravel/framework/src/Illuminate/Database/Connection.php(958): Illuminate/Database/Connection->tryAgainIfCausedByLostConnection()
#2 D:/YG SoftX/Xone/home/vendor/laravel/framework/src/Illuminate/Database/Connection.php(781): Illuminate/Database/Connection->handleQueryException()
#3 D:/YG SoftX/Xone/home/vendor/laravel/framework/src/Illuminate/Database/Connection.php(584): Illuminate/Database/Connection->run()
#4 D:/YG SoftX/Xone/home/vendor/laravel/framework/src/Illuminate/Database/Connection.php(548): Illuminate/Database/Connection->affectingStatement()
#5 D:/YG SoftX/Xone/home/vendor/laravel/framework/src/Illuminate/Database/Query/Builder.php(4024): Illuminate/Database/Connection->delete()
#6 D:/YG SoftX/Xone/home/vendor/laravel/framework/src/Illuminate/Cache/DatabaseStore.php(422): Illuminate/Database/Query/Builder->delete()
#7 D:/YG SoftX/Xone/home/vendor/laravel/framework/src/Illuminate/Cache/Repository.php(792): Illuminate/Cache/DatabaseStore->flush()
#8 D:/YG SoftX/Xone/home/vendor/laravel/framework/src/Illuminate/Cache/Console/ClearCommand.php(69): Illuminate/Cache/Repository->__call()
#9 D:/YG SoftX/Xone/home/vendor/laravel/framework/src/Illuminate/Container/BoundMethod.php(36): Illuminate/Cache/Console/ClearCommand->handle()
#10 D:/YG SoftX/Xone/home/vendor/laravel/framework/src/Illuminate/Container/Util.php(43): Illuminate/Container/BoundMethod::Illuminate/Container/{closure}()
#11 D:/YG SoftX/Xone/home/vendor/laravel/framework/src/Illuminate/Container/BoundMethod.php(95): Illuminate/Container/Util::unwrapIfClosure()
#12 D:/YG SoftX/Xone/home/vendor/laravel/framework/src/Illuminate/Container/BoundMethod.php(35): Illuminate/Container/BoundMethod::callBoundMethod()
#13 D:/YG SoftX/Xone/home/vendor/laravel/framework/src/Illuminate/Container/Container.php(696): Illuminate/Container/BoundMethod::call()
#14 D:/YG SoftX/Xone/home/vendor/laravel/framework/src/Illuminate/Console/Command.php(213): Illuminate/Container/Container->call()
#15 D:/YG SoftX/Xone/home/vendor/symfony/console/Command/Command.php(341): Illuminate/Console/Command->execute()
#16 D:/YG SoftX/Xone/home/vendor/laravel/framework/src/Illuminate/Console/Command.php(182): Symfony/Component/Console/Command/Command->run()
#17 D:/YG SoftX/Xone/home/vendor/symfony/console/Application.php(1117): Illuminate/Console/Command->run()
#18 D:/YG SoftX/Xone/home/vendor/symfony/console/Application.php(356): Symfony/Component/Console/Application->doRunCommand()
#19 D:/YG SoftX/Xone/home/vendor/symfony/console/Application.php(195): Symfony/Component/Console/Application->doRun()
#20 D:/YG SoftX/Xone/home/vendor/laravel/framework/src/Illuminate/Foundation/Console/Kernel.php(198): Symfony/Component/Console/Application->run()
#21 D:/YG SoftX/Xone/home/artisan(24): Illuminate/Foundation/Console/Kernel->handle()
#22 {main}

[previous exception] [object] (PDOException(code: 2002): SQLSTATE[HY000] [2002] No connection could be made because the target machine actively refused it at D:/YG SoftX/Xone/home/vendor/laravel/framework/src/Illuminate/Database/Connectors/Connector.php:66)
[stacktrace]
#0 D:/YG SoftX/Xone/home/vendor/laravel/framework/src/Illuminate/Database/Connectors/Connector.php(66): PDO->__construct()
#1 D:/YG SoftX/Xone/home/vendor/laravel/framework/src/Illuminate/Database/Connectors/Connector.php(85): Illuminate/Database/Connectors/Connector->createPdoConnection()
#2 D:/YG SoftX/Xone/home/vendor/laravel/framework/src/Illuminate/Database/Connectors/Connector.php(48): Illuminate/Database/Connectors/Connector->tryAgainIfCausedByLostConnection()
#3 D:/YG SoftX/Xone/home/vendor/laravel/framework/src/Illuminate/Database/Connectors/MySqlConnector.php(24): Illuminate/Database/Connectors/Connector->createConnection()
#4 D:/YG SoftX/Xone/home/vendor/laravel/framework/src/Illuminate/Database/Connectors/ConnectionFactory.php(185): Illuminate/Database/Connectors/MySqlConnector->connect()
#5 [internal function]: Illuminate/Database/Connectors/ConnectionFactory->Illuminate/Database/Connectors/{closure}()
#6 D:/YG SoftX/Xone/home/vendor/laravel/framework/src/Illuminate/Database/Connection.php(1231): call_user_func()
#7 D:/YG SoftX/Xone/home/vendor/laravel/framework/src/Illuminate/Database/Connection.php(592): Illuminate/Database/Connection->getPdo()
#8 D:/YG SoftX/Xone/home/vendor/laravel/framework/src/Illuminate/Database/Connection.php(812): Illuminate/Database/Connection->Illuminate/Database/{closure}()
#9 D:/YG SoftX/Xone/home/vendor/laravel/framework/src/Illuminate/Database/Connection.php(979): Illuminate/Database/Connection->runQueryCallback()
#10 D:/YG SoftX/Xone/home/vendor/laravel/framework/src/Illuminate/Database/Connection.php(958): Illuminate/Database/Connection->tryAgainIfCausedByLostConnection()
#11 D:/YG SoftX/Xone/home/vendor/laravel/framework/src/Illuminate/Database/Connection.php(781): Illuminate/Database/Connection->handleQueryException()
#12 D:/YG SoftX/Xone/home/vendor/laravel/framework/src/Illuminate/Database/Connection.php(584): Illuminate/Database/Connection->run()
#13 D:/YG SoftX/Xone/home/vendor/laravel/framework/src/Illuminate/Database/Connection.php(548): Illuminate/Database/Connection->affectingStatement()
#14 D:/YG SoftX/Xone/home/vendor/laravel/framework/src/Illuminate/Database/Query/Builder.php(4024): Illuminate/Database/Connection->delete()
#15 D:/YG SoftX/Xone/home/vendor/laravel/framework/src/Illuminate/Cache/DatabaseStore.php(422): Illuminate/Database/Query/Builder->delete()
#16 D:/YG SoftX/Xone/home/vendor/laravel/framework/src/Illuminate/Cache/Repository.php(792): Illuminate/Cache/DatabaseStore->flush()
#17 D:/YG SoftX/Xone/home/vendor/laravel/framework/src/Illuminate/Cache/Console/ClearCommand.php(69): Illuminate/Cache/Repository->__call()
#18 D:/YG SoftX/Xone/home/vendor/laravel/framework/src/Illuminate/Container/BoundMethod.php(36): Illuminate/Cache/Console/ClearCommand->handle()
#19 D:/YG SoftX/Xone/home/vendor/laravel/framework/src/Illuminate/Container/Util.php(43): Illuminate/Container/BoundMethod::Illuminate/Container/{closure}()
#20 D:/YG SoftX/Xone/home/vendor/laravel/framework/src/Illuminate/Container/BoundMethod.php(95): Illuminate/Container/Util::unwrapIfClosure()
#21 D:/YG SoftX/Xone/home/vendor/laravel/framework/src/Illuminate/Container/BoundMethod.php(35): Illuminate/Container/BoundMethod::callBoundMethod()
#22 D:/YG SoftX/Xone/home/vendor/laravel/framework/src/Illuminate/Container/Container.php(696): Illuminate/Container/BoundMethod::call()
#23 D:/YG SoftX/Xone/home/vendor/laravel/framework/src/Illuminate/Console/Command.php(213): Illuminate/Container/Container->call()
#24 D:/YG SoftX/Xone/home/vendor/symfony/console/Command/Command.php(341): Illuminate/Console/Command->execute()
#25 D:/YG SoftX/Xone/home/vendor/laravel/framework/src/Illuminate/Console/Command.php(182): Symfony/Component/Console/Command/Command->run()
#26 D:/YG SoftX/Xone/home/vendor/symfony/console/Application.php(1117): Illuminate/Console/Command->run()
#27 D:/YG SoftX/Xone/home/vendor/symfony/console/Application.php(356): Symfony/Component/Console/Application->doRunCommand()
#28 D:/YG SoftX/Xone/home/vendor/symfony/console/Application.php(195): Symfony/Component/Console/Application->doRun()
#29 D:/YG SoftX/Xone/home/vendor/laravel/framework/src/Illuminate/Foundation/Console/Kernel.php(198): Symfony/Component/Console/Application->run()
#30 D:/YG SoftX/Xone/home/artisan(24): Illuminate/Foundation/Console/Kernel->handle()
#31 {main}
"} 
